사고번호,사고일시,요일,시군구,사고내용,사망자수,중상자수,경상자수,부상신고자수,사고유형,법규위반,노면상태,기상상태,도로형태,가해운전자 차종,가해운전자 성별,가해운전자 연령,가해운전자 상해정도,피해운전자 차종,피해운전자 성별,피해운전자 연령,피해운전자 상해정도
2019011400100288,2019년 1월 14일 12시,월요일,인천광역시 연수구 송도동,중상사고,0,1,0,0,차대차 - 정면충돌,신호위반,건조,맑음,교차로 - 교차로안,승용,남,35세,상해없음,승용,남,66세,중상
2019011400100381,2019년 1월 14일 16시,월요일,인천광역시 부평구 청천동,경상사고,0,0,1,0,차대차 - 추돌,안전운전불이행,건조,맑음,교차로 - 교차로안,승용,남,59세,상해없음,승용,남,31세,경상
2019011400100462,2019년 1월 14일 18시,월요일,인천광역시 미추홀구 주안동,경상사고,0,0,1,0,차대차 - 측면충돌,직진우회전진행방해,건조,맑음,교차로 - 교차로안,승합,남,62세,기타불명,화물,남,62세,경상
2019011400100531,2019년 1월 14일 21시,월요일,인천광역시 중구 운서동,중상사고,0,1,1,0,차대차 - 기타,안전거리미확보,건조,맑음,단일로 - 교량,승용,남,36세,상해없음,승용,여,37세,경상
2019011400100553,2019년 1월 14일 22시,월요일,인천광역시 부평구 십정동,경상사고,0,0,1,0,차대차 - 측면충돌,안전운전불이행,건조,맑음,기타 - 기타,승용,남,26세,상해없음,승용,남,61세,경상
2019011400100554,2019년 1월 14일 22시,월요일,인천광역시 남동구 구월동,중상사고,0,1,3,0,차대차 - 측면충돌,신호위반,건조,맑음,교차로 - 교차로안,이륜,남,61세,중상,승용,여,57세,경상
2019011400100571,2019년 1월 14일 23시,월요일,인천광역시 중구 운서동,경상사고,0,0,3,0,차대차 - 측면충돌,안전운전불이행,건조,맑음,교차로 - 교차로부근,승용,여,49세,상해없음,승용,남,49세,경상
2019011400100572,2019년 1월 14일 23시,월요일,인천광역시 서구 당하동,경상사고,0,0,1,0,차대차 - 측면충돌,안전운전불이행,건조,맑음,교차로 - 교차로안,승용,남,30세,상해없음,승용,남,56세,경상
2019011500100027,2019년 1월 15일 01시,화요일,인천광역시 남동구 만수동,경상사고,0,0,1,0,차대차 - 기타,안전운전불이행,건조,맑음,단일로 - 기타,승용,남,59세,상해없음,승용,남,36세,경상
2019011500100074,2019년 1월 15일 06시,화요일,인천광역시 계양구 효성동,경상사고,0,0,1,0,차대차 - 추돌,안전운전불이행,젖음/습기,흐림,단일로 - 기타,승용,남,26세,상해없음,승합,남,58세,경상
2019011500100094,2019년 1월 15일 07시,화요일,인천광역시 부평구 청천동,중상사고,0,1,0,0,차대차 - 측면충돌,안전운전불이행,건조,맑음,단일로 - 기타,승용,남,50세,상해없음,자전거,남,63세,중상
2019011500100121,2019년 1월 15일 08시,화요일,인천광역시 중구 중산동,부상신고사고,0,0,0,1,차대차 - 측면충돌,안전운전불이행,건조,맑음,단일로 - 기타,기타불명,기타불명,미분류,기타불명,자전거,여,44세,부상신고
2019011500100122,2019년 1월 15일 08시,화요일,인천광역시 미추홀구 주안동,경상사고,0,0,2,0,차대차 - 측면충돌,차로위반,건조,맑음,교차로 - 교차로부근,건설기계,남,56세,경상,승용,여,39세,경상
2019011500100123,2019년 1월 15일 08시,화요일,인천광역시 서구 마전동,경상사고,0,0,1,0,차대차 - 추돌,안전거리미확보,건조,맑음,단일로 - 기타,승용,여,48세,상해없음,승용,여,33세,경상
2019011500100142,2019년 1월 15일 09시,화요일,인천광역시 부평구 산곡동,경상사고,0,0,1,0,차대차 - 측면충돌,안전운전불이행,건조,맑음,교차로 - 교차로부근,승용,남,40세,경상,승용,남,33세,상해없음
2019011500100227,2019년 1월 15일 12시,화요일,인천광역시 계양구 작전동,경상사고,0,0,1,0,차대사람 - 횡단중,안전운전불이행,건조,맑음,단일로 - 기타,승용,여,57세,상해없음,보행자,여,26세,경상
2019011500100249,2019년 1월 15일 13시,화요일,인천광역시 동구 송림동,경상사고,0,0,1,0,차대차 - 후진중충돌,안전운전불이행,건조,맑음,기타 - 기타,승용,여,53세,상해없음,승용,남,24세,경상
2019011500100250,2019년 1월 15일 13시,화요일,인천광역시 부평구 일신동,중상사고,0,1,0,0,차량단독 - 기타,안전운전불이행,건조,맑음,단일로 - 기타,승합,남,56세,상해없음,,,,
2019011500100269,2019년 1월 15일 14시,화요일,인천광역시 연수구 연수동,중상사고,0,1,1,0,차대차 - 측면충돌,신호위반,건조,맑음,교차로 - 교차로안,이륜,남,19세,중상,승합,남,51세,경상
2019011500100323,2019년 1월 15일 16시,화요일,인천광역시 서구 연희동,경상사고,0,0,2,0,차대차 - 추돌,안전운전불이행,건조,맑음,단일로 - 기타,승용,남,52세,상해없음,승용,남,31세,경상
2019011500100348,2019년 1월 15일 17시,화요일,인천광역시 미추홀구 주안동,경상사고,0,0,1,0,차대사람 - 횡단중,보행자보호의무위반,건조,맑음,교차로 - 교차로횡단보도내,승합,남,54세,상해없음,보행자,남,27세,경상
2019011500100349,2019년 1월 15일 17시,화요일,인천광역시 미추홀구 문학동,경상사고,0,0,1,0,차대차 - 측면충돌,안전운전불이행,건조,맑음,교차로 - 교차로부근,화물,남,46세,상해없음,승용,남,23세,경상
2019011500100407,2019년 1월 15일 18시,화요일,인천광역시 남동구 만수동,경상사고,0,0,2,0,차대차 - 추돌,안전운전불이행,건조,맑음,교차로 - 교차로안,승용,여,25세,상해없음,승용,남,55세,경상
2019011500100408,2019년 1월 15일 18시,화요일,인천광역시 계양구 귤현동,중상사고,0,1,0,0,차대차 - 추돌,안전운전불이행,건조,맑음,단일로 - 기타,이륜,남,17세,중상,화물,남,27세,기타불명
2019011500100409,2019년 1월 15일 18시,화요일,인천광역시 남동구 고잔동,경상사고,0,0,2,0,차대차 - 측면충돌,차로위반,건조,맑음,교차로 - 교차로부근,승용,남,32세,상해없음,승용,여,47세,경상
2019011500100441,2019년 1월 15일 19시,화요일,인천광역시 미추홀구 숭의동,경상사고,0,0,1,0,차량단독 - 기타,안전운전불이행,건조,맑음,교차로 - 교차로부근,승용,남,54세,상해없음,,,,
2019011500100472,2019년 1월 15일 20시,화요일,인천광역시 서구 가정동,중상사고,0,1,0,0,차대차 - 기타,안전운전불이행,건조,맑음,단일로 - 기타,승용,남,39세,상해없음,이륜,남,39세,중상
2019011600100066,2019년 1월 16일 05시,수요일,인천광역시 서구 석남동,중상사고,0,1,0,0,차대차 - 측면충돌,신호위반,건조,맑음,교차로 - 교차로안,자전거,여,69세,중상,승용,남,64세,상해없음
2019011600100122,2019년 1월 16일 08시,수요일,인천광역시 서구 가좌동,경상사고,0,0,1,0,차대차 - 기타,안전운전불이행,건조,맑음,교차로 - 교차로부근,승용,남,50세,경상,화물,남,48세,상해없음
2019011600100194,2019년 1월 16일 11시,수요일,인천광역시 계양구 계산동,경상사고,0,0,5,1,차대차 - 측면충돌,안전운전불이행,건조,맑음,교차로 - 교차로안,승용,여,39세,상해없음,승합,남,52세,경상
2019011600100278,2019년 1월 16일 14시,수요일,인천광역시 중구 항동7가,사망사고,1,0,0,0,차대사람 - 횡단중,안전운전불이행,건조,맑음,교차로 - 교차로부근,화물,남,62세,상해없음,보행자,여,79세,사망
2019011600100279,2019년 1월 16일 14시,수요일,인천광역시 동구 송림동,경상사고,0,0,1,0,차대차 - 측면충돌,신호위반,건조,맑음,교차로 - 교차로안,승용,여,28세,상해없음,승용,남,54세,경상
2019011600100280,2019년 1월 16일 14시,수요일,인천광역시 연수구 연수동,경상사고,0,0,2,0,차대차 - 측면충돌,차로위반,건조,맑음,단일로 - 기타,이륜,남,27세,상해없음,승용,남,61세,경상
2019011600100346,2019년 1월 16일 16시,수요일,인천광역시 미추홀구 주안동,중상사고,0,1,0,0,차대사람 - 차도통행중,안전운전불이행,건조,맑음,단일로 - 기타,승용,남,74세,상해없음,보행자,남,78세,중상
2019011600100347,2019년 1월 16일 16시,수요일,인천광역시 연수구 동춘동,경상사고,0,0,1,1,차대차 - 추돌,안전운전불이행,건조,맑음,교차로 - 교차로부근,승용,남,21세,상해없음,승용,여,31세,경상
2019011600100435,2019년 1월 16일 18시,수요일,인천광역시 서구 가좌동,경상사고,0,0,1,0,차대차 - 기타,안전거리미확보,건조,맑음,기타 - 기타,승용,남,58세,상해없음,승용,남,22세,경상
2019011600100436,2019년 1월 16일 18시,수요일,인천광역시 부평구 삼산동,중상사고,0,1,0,0,차대차 - 측면충돌,신호위반,건조,맑음,교차로 - 교차로안,승용,남,45세,상해없음,이륜,남,22세,중상
2019011600100481,2019년 1월 16일 19시,수요일,인천광역시 계양구 작전동,경상사고,0,0,1,0,차대차 - 측면충돌,안전운전불이행,건조,맑음,교차로 - 교차로부근,승용,남,45세,상해없음,승용,여,58세,경상
2019011600100482,2019년 1월 16일 19시,수요일,인천광역시 연수구 선학동,중상사고,0,1,0,0,차대사람 - 횡단중,보행자보호의무위반,건조,맑음,교차로 - 교차로횡단보도내,승용,남,46세,상해없음,보행자,남,31세,중상
2019011600100568,2019년 1월 16일 22시,수요일,인천광역시 중구 운서동,경상사고,0,0,1,0,차대차 - 측면충돌,신호위반,적설,눈,교차로 - 교차로안,승용,남,21세,상해없음,승용,남,59세,경상
2019011600100593,2019년 1월 16일 23시,수요일,인천광역시 남동구 구월동,중상사고,0,1,1,0,차대차 - 측면충돌,신호위반,건조,맑음,교차로 - 교차로안,승용,여,23세,상해없음,승용,남,59세,경상
2019011700100044,2019년 1월 17일 01시,목요일,인천광역시 남동구 장수동,경상사고,0,0,3,0,차대차 - 측면충돌,안전운전불이행,젖음/습기,흐림,단일로 - 기타,승용,남,33세,경상,승용,남,67세,경상
2019011700100047,2019년 1월 17일 02시,목요일,인천광역시 남동구 구월동,경상사고,0,0,1,0,차대차 - 측면충돌,안전운전불이행,적설,흐림,교차로 - 교차로부근,승용,남,22세,상해없음,화물,남,65세,경상
2019011700100073,2019년 1월 17일 05시,목요일,인천광역시 남동구 구월동,사망사고,1,0,0,0,차대사람 - 차도통행중,안전운전불이행,젖음/습기,맑음,단일로 - 기타,화물,남,69세,상해없음,보행자,여,60세,사망
2019011700100099,2019년 1월 17일 07시,목요일,인천광역시 서구 청라동,경상사고,0,0,1,0,차대차 - 추돌,안전거리미확보,건조,맑음,단일로 - 기타,승용,남,30세,상해없음,승용,남,35세,경상
2019011700100100,2019년 1월 17일 07시,목요일,인천광역시 연수구 옥련동,경상사고,0,0,1,0,차대차 - 기타,안전운전불이행,서리/결빙,맑음,단일로 - 기타,승합,남,15세,상해없음,승용,여,45세,경상
2019011700100101,2019년 1월 17일 07시,목요일,인천광역시 남동구 고잔동,경상사고,0,0,1,0,차대차 - 측면충돌,안전거리미확보,건조,맑음,교차로 - 교차로안,승용,여,37세,상해없음,승용,여,38세,경상
2019011700100133,2019년 1월 17일 08시,목요일,인천광역시 강화군 양사면,사망사고,1,0,0,0,차대차 - 추돌,안전운전불이행,건조,맑음,단일로 - 기타,화물,남,59세,상해없음,자전거,남,81세,사망
2019011700100180,2019년 1월 17일 10시,목요일,인천광역시 미추홀구 주안동,경상사고,0,0,1,0,차대차 - 측면충돌,안전운전불이행,젖음/습기,기타,교차로 - 교차로부근,승용,여,45세,상해없음,승용,여,51세,경상
2019011700100181,2019년 1월 17일 10시,목요일,인천광역시 남동구 구월동,경상사고,0,0,1,0,차대차 - 측면충돌,안전운전불이행,건조,맑음,단일로 - 기타,승용,여,49세,상해없음,승용,여,43세,경상
2019011700100233,2019년 1월 17일 12시,목요일,인천광역시 계양구 작전동,경상사고,0,0,2,1,차대차 - 기타,안전운전불이행,건조,맑음,단일로 - 기타,승용,여,33세,상해없음,승용,여,30세,경상
2019011700100398,2019년 1월 17일 17시,목요일,인천광역시 동구 송림동,중상사고,0,1,0,0,차대사람 - 횡단중,과속,건조,맑음,단일로 - 기타,승용,남,42세,상해없음,보행자,여,71세,중상
2019011700100399,2019년 1월 17일 17시,목요일,인천광역시 서구 가정동,경상사고,0,0,1,0,차대차 - 추돌,안전운전불이행,건조,맑음,단일로 - 기타,승용,여,35세,상해없음,승용,여,55세,경상
2019011700100456,2019년 1월 17일 18시,목요일,인천광역시 부평구 청천동,경상사고,0,0,1,0,차대차 - 측면충돌,교차로운행방법위반,건조,맑음,교차로 - 교차로안,승용,남,49세,상해없음,승용,여,54세,경상
2019011700100457,2019년 1월 17일 18시,목요일,인천광역시 서구 심곡동,중상사고,0,1,0,0,차량단독 - 기타,안전운전불이행,건조,맑음,기타 - 기타,승합,남,58세,상해없음,,,,
2019011700100458,2019년 1월 17일 18시,목요일,인천광역시 계양구 병방동,경상사고,0,0,1,0,차대차 - 측면충돌,차로위반,건조,맑음,단일로 - 기타,승용,남,60세,상해없음,승용,남,34세,경상
2019011700100459,2019년 1월 17일 18시,목요일,인천광역시 강화군 길상면,중상사고,0,1,0,0,차대사람 - 횡단중,보행자보호의무위반,건조,맑음,교차로 - 교차로안,승용,여,58세,상해없음,보행자,여,88세,중상
2019011700100495,2019년 1월 17일 19시,목요일,인천광역시 남동구 구월동,경상사고,0,0,1,0,차량단독 - 기타,안전운전불이행,건조,맑음,단일로 - 기타,승합,남,69세,상해없음,,,,
2019011700100545,2019년 1월 17일 21시,목요일,인천광역시 남동구 간석동,경상사고,0,0,1,0,차대차 - 추돌,안전운전불이행,건조,맑음,단일로 - 기타,승용,남,57세,상해없음,승용,남,51세,경상
2019011700100575,2019년 1월 17일 22시,목요일,인천광역시 서구 가좌동,경상사고,0,0,1,0,차대차 - 측면충돌,안전운전불이행,건조,맑음,단일로 - 기타,승용,여,55세,상해없음,승용,남,42세,경상
2019011800100038,2019년 1월 18일 02시,금요일,인천광역시 서구 심곡동,경상사고,0,0,1,0,차대차 - 정면충돌,안전운전불이행,건조,맑음,단일로 - 기타,승용,남,49세,상해없음,승용,남,50세,경상
2019011800100049,2019년 1월 18일 04시,금요일,인천광역시 서구 연희동,중상사고,0,1,0,0,차대사람 - 횡단중,안전운전불이행,건조,맑음,교차로 - 교차로안,승용,남,29세,상해없음,보행자,남,44세,중상
2019011800100075,2019년 1월 18일 06시,금요일,인천광역시 미추홀구 주안동,부상신고사고,0,0,0,1,차대차 - 측면충돌,안전운전불이행,건조,맑음,교차로 - 교차로안,기타불명,기타불명,미분류,기타불명,승용,남,60세,부상신고
2019011800100076,2019년 1월 18일 06시,금요일,인천광역시 미추홀구 주안동,중상사고,0,1,2,1,차대차 - 추돌,신호위반,건조,맑음,교차로 - 교차로안,승용,남,33세,상해없음,승용,남,63세,경상
2019011800100077,2019년 1월 18일 06시,금요일,인천광역시 서구 마전동,사망사고,1,0,0,0,차대사람 - 횡단중,보행자보호의무위반,건조,맑음,교차로 - 교차로횡단보도내,화물,남,43세,상해없음,보행자,여,80세,사망
2019011800100100,2019년 1월 18일 07시,금요일,인천광역시 중구 신흥동3가,경상사고,0,0,1,0,차대차 - 측면충돌,신호위반,건조,기타,교차로 - 교차로부근,화물,남,59세,상해없음,승용,남,34세,경상
2019011800100101,2019년 1월 18일 07시,금요일,인천광역시 남동구 고잔동,중상사고,0,1,0,0,차대차 - 측면충돌,안전운전불이행,건조,맑음,교차로 - 교차로안,승용,남,39세,상해없음,이륜,남,27세,상해없음
2019011800100159,2019년 1월 18일 09시,금요일,인천광역시 미추홀구 주안동,부상신고사고,0,0,0,1,차대사람 - 기타,안전운전불이행,건조,맑음,단일로 - 기타,승용,남,35세,상해없음,보행자,여,22세,부상신고
2019011800100160,2019년 1월 18일 09시,금요일,인천광역시 미추홀구 도화동,경상사고,0,0,1,0,차대사람 - 횡단중,보행자보호의무위반,건조,맑음,교차로 - 교차로횡단보도내,기타불명,기타불명,미분류,기타불명,보행자,여,47세,경상
2019011800100201,2019년 1월 18일 10시,금요일,인천광역시 서구 경서동,중상사고,0,1,2,1,차대차 - 추돌,안전운전불이행,건조,맑음,단일로 - 교량,화물,남,23세,상해없음,승용,여,38세,중상
2019011800100268,2019년 1월 18일 12시,금요일,인천광역시 서구 원당동,경상사고,0,0,2,0,차대차 - 추돌,안전운전불이행,건조,맑음,교차로 - 교차로부근,승합,남,24세,상해없음,승용,여,45세,경상
2019011800100294,2019년 1월 18일 13시,금요일,인천광역시 부평구 삼산동,경상사고,0,0,1,0,차대차 - 측면충돌,안전거리미확보,건조,맑음,단일로 - 교량,화물,남,39세,기타불명,승용,여,51세,경상
2019011800100360,2019년 1월 18일 15시,금요일,인천광역시 서구 마전동,경상사고,0,0,1,0,차대차 - 후진중충돌,안전운전불이행,건조,맑음,단일로 - 기타,승용,남,30세,상해없음,승용,남,40세,상해없음
2019011800100386,2019년 1월 18일 16시,금요일,인천광역시 남동구 도림동,중상사고,0,1,2,0,차대차 - 측면충돌,차로위반,건조,맑음,단일로 - 기타,승용,남,67세,상해없음,승용,남,46세,경상
2019011800100426,2019년 1월 18일 17시,금요일,인천광역시 남동구 구월동,경상사고,0,0,1,0,차대차 - 기타,차로위반,건조,맑음,기타 - 기타,승용,남,49세,상해없음,이륜,남,37세,경상
2019011800100427,2019년 1월 18일 17시,금요일,인천광역시 남동구 구월동,경상사고,0,0,1,0,차대차 - 측면충돌,차로위반,건조,맑음,단일로 - 기타,승용,남,27세,상해없음,승용,남,41세,경상
2019011800100487,2019년 1월 18일 18시,금요일,인천광역시 동구 화수동,경상사고,0,0,1,0,차대차 - 후진중충돌,안전운전불이행,건조,맑음,교차로 - 교차로안,승용,남,59세,상해없음,승용,남,22세,경상
2019011800100488,2019년 1월 18일 18시,금요일,인천광역시 미추홀구 용현동,경상사고,0,0,1,0,차대사람 - 기타,안전운전불이행,건조,맑음,단일로 - 기타,화물,남,50세,상해없음,보행자,남,41세,경상
2019011800100489,2019년 1월 18일 18시,금요일,인천광역시 미추홀구 주안동,중상사고,0,1,0,0,차대차 - 추돌,안전운전불이행,건조,맑음,교차로 - 교차로부근,승용,남,57세,상해없음,승용,남,34세,중상
2019011800100490,2019년 1월 18일 18시,금요일,인천광역시 남동구 구월동,중상사고,0,1,0,0,차대차 - 기타,교차로운행방법위반,건조,맑음,교차로 - 교차로부근,승용,여,62세,상해없음,승합,남,51세,상해없음
2019011800100539,2019년 1월 18일 19시,금요일,인천광역시 서구 신현동,경상사고,0,0,1,0,차대차 - 측면충돌,안전운전불이행,건조,맑음,교차로 - 교차로안,승용,남,54세,상해없음,승용,남,34세,경상
2019011800100540,2019년 1월 18일 19시,금요일,인천광역시 연수구 옥련동,부상신고사고,0,0,0,1,차대차 - 기타,안전운전불이행,건조,맑음,교차로 - 교차로부근,기타불명,기타불명,미분류,기타불명,이륜,남,52세,부상신고
2019011800100644,2019년 1월 18일 23시,금요일,인천광역시 계양구 계산동,경상사고,0,0,1,0,차대차 - 기타,직진우회전진행방해,젖음/습기,흐림,교차로 - 교차로안,승용,남,56세,상해없음,이륜,남,19세,경상
2019011900100037,2019년 1월 19일 01시,토요일,인천광역시 남동구 간석동,경상사고,0,0,1,0,차대차 - 측면충돌,신호위반,건조,맑음,교차로 - 교차로안,승용,남,68세,상해없음,승용,남,58세,경상
2019011900100098,2019년 1월 19일 06시,토요일,인천광역시 미추홀구 숭의동,중상사고,0,1,0,0,차대사람 - 횡단중,안전운전불이행,건조,맑음,단일로 - 기타,승합,남,68세,상해없음,보행자,여,87세,중상
2019011900100116,2019년 1월 19일 07시,토요일,인천광역시 남동구 논현동,경상사고,0,0,2,0,차대차 - 기타,신호위반,건조,맑음,교차로 - 교차로안,승용,여,30세,상해없음,승용,남,60세,경상
2019011900100127,2019년 1월 19일 08시,토요일,인천광역시 남동구 구월동,경상사고,0,0,1,0,차대사람 - 기타,안전운전불이행,건조,맑음,단일로 - 기타,기타불명,기타불명,미분류,기타불명,보행자,여,59세,경상
2019011900100227,2019년 1월 19일 12시,토요일,인천광역시 계양구 작전동,경상사고,0,0,3,0,차대차 - 측면충돌,안전운전불이행,건조,맑음,교차로 - 교차로부근,승용,남,42세,상해없음,승합,남,58세,상해없음
2019011900100382,2019년 1월 19일 18시,토요일,인천광역시 부평구 부개동,중상사고,0,1,0,0,차대사람 - 횡단중,안전운전불이행,건조,맑음,단일로 - 기타,승합,여,26세,상해없음,보행자,여,73세,중상
2019011900100516,2019년 1월 19일 23시,토요일,인천광역시 부평구 십정동,경상사고,0,0,1,0,차대차 - 기타,안전운전불이행,건조,맑음,단일로 - 기타,승용,남,28세,상해없음,승용,남,23세,상해없음
2019012000100033,2019년 1월 20일 00시,일요일,인천광역시 미추홀구 도화동,경상사고,0,0,1,0,차대차 - 추돌,안전운전불이행,건조,맑음,단일로 - 기타,승용,남,38세,상해없음,승용,남,56세,경상
2019012000100054,2019년 1월 20일 01시,일요일,인천광역시 남동구 구월동,중상사고,0,2,1,1,차대차 - 추돌,과속,건조,맑음,교차로 - 교차로안,승용,남,29세,상해없음,승용,남,54세,경상
2019012000100055,2019년 1월 20일 01시,일요일,인천광역시 부평구 일신동,부상신고사고,0,0,0,1,차대차 - 기타,안전거리미확보,건조,맑음,단일로 - 교량,승용,남,49세,기타불명,승용,남,45세,부상신고
2019012000100090,2019년 1월 20일 04시,일요일,인천광역시 계양구 작전동,중상사고,0,1,0,0,차대사람 - 횡단중,안전운전불이행,건조,맑음,단일로 - 기타,승용,남,58세,상해없음,보행자,여,44세,중상
2019012000100091,2019년 1월 20일 04시,일요일,인천광역시 연수구 연수동,경상사고,0,0,3,0,차대차 - 측면충돌,신호위반,건조,맑음,교차로 - 교차로안,승용,남,70세,상해없음,승용,남,47세,경상
2019012000100111,2019년 1월 20일 06시,일요일,인천광역시 계양구 효성동,중상사고,0,1,0,0,차대사람 - 횡단중,안전운전불이행,건조,맑음,교차로 - 교차로부근,승용,여,50세,상해없음,보행자,남,43세,중상
2019012000100131,2019년 1월 20일 08시,일요일,인천광역시 중구 운서동,사망사고,1,1,4,0,차대차 - 추돌,안전운전불이행,건조,맑음,단일로 - 기타,승용,남,58세,사망,승합,남,58세,경상
2019012000100144,2019년 1월 20일 09시,일요일,인천광역시 미추홀구 관교동,중상사고,0,1,0,0,차대차 - 측면충돌,신호위반,건조,맑음,교차로 - 교차로안,승용,남,53세,상해없음,승용,남,29세,중상
2019012000100145,2019년 1월 20일 09시,일요일,인천광역시 남동구 간석동,중상사고,0,1,0,0,차대차 - 추돌,안전운전불이행,건조,맑음,기타 - 기타,승용,남,44세,상해없음,승용,남,73세,중상
2019012000100175,2019년 1월 20일 11시,일요일,인천광역시 서구 마전동,경상사고,0,0,1,0,차대차 - 측면충돌,안전운전불이행,건조,맑음,교차로 - 교차로안,승용,남,50세,상해없음,승용,여,43세,경상
2019012000100258,2019년 1월 20일 15시,일요일,인천광역시 서구 마전동,경상사고,0,0,1,0,차대차 - 정면충돌,안전운전불이행,건조,맑음,단일로 - 기타,승용,여,37세,상해없음,이륜,남,40세,경상
2019012000100259,2019년 1월 20일 15시,일요일,인천광역시 남동구 만수동,경상사고,0,0,1,0,차량단독 - 기타,안전운전불이행,건조,맑음,단일로 - 기타,승용,남,58세,상해없음,,,,
2019012000100286,2019년 1월 20일 16시,일요일,인천광역시 미추홀구 용현동,중상사고,0,1,0,0,차대사람 - 횡단중,보행자보호의무위반,건조,맑음,교차로 - 교차로횡단보도내,승용,남,59세,상해없음,보행자,여,74세,중상
2019012000100287,2019년 1월 20일 16시,일요일,인천광역시 연수구 송도동,경상사고,0,0,2,0,차대차 - 기타,안전운전불이행,건조,맑음,단일로 - 기타,승용,남,46세,상해없음,승용,여,32세,경상
2019012000100353,2019년 1월 20일 18시,일요일,인천광역시 서구 당하동,중상사고,0,1,0,0,차대사람 - 횡단중,안전운전불이행,건조,맑음,교차로 - 교차로부근,승용,여,51세,상해없음,보행자,여,57세,중상
2019012000100438,2019년 1월 20일 21시,일요일,인천광역시 동구 송림동,경상사고,0,0,2,0,차대차 - 측면충돌,차로위반,건조,맑음,교차로 - 교차로부근,승용,여,53세,상해없음,승용,남,35세,경상
2019012000100452,2019년 1월 20일 22시,일요일,인천광역시 동구 송림동,중상사고,0,1,0,0,차대사람 - 차도통행중,안전운전불이행,건조,맑음,기타 - 기타,승용,여,36세,상해없음,보행자,여,57세,중상
2019012100100034,2019년 1월 21일 01시,월요일,인천광역시 부평구 삼산동,중상사고,0,1,0,0,차대차 - 측면충돌,차로위반,건조,맑음,단일로 - 교량,승용,남,34세,상해없음,승용,남,64세,중상
2019012100100054,2019년 1월 21일 05시,월요일,인천광역시 남동구 만수동,경상사고,0,0,1,0,차대차 - 측면충돌,신호위반,건조,맑음,교차로 - 교차로안,승용,남,60세,상해없음,화물,남,58세,경상
2019012100100093,2019년 1월 21일 07시,월요일,인천광역시 계양구 작전동,경상사고,0,0,1,0,차대차 - 추돌,안전거리미확보,건조,맑음,단일로 - 기타,승용,남,53세,상해없음,승용,남,40세,경상
2019012100100149,2019년 1월 21일 09시,월요일,인천광역시 동구 금곡동,경상사고,0,0,1,0,차대차 - 측면충돌,중앙선침범,건조,맑음,단일로 - 기타,승용,남,54세,상해없음,이륜,남,52세,경상
2019012100100150,2019년 1월 21일 09시,월요일,인천광역시 서구 검암동,경상사고,0,0,1,0,차대사람 - 횡단중,보행자보호의무위반,건조,맑음,교차로 - 교차로횡단보도내,화물,남,44세,상해없음,보행자,여,64세,경상
2019012100100151,2019년 1월 21일 09시,월요일,인천광역시 계양구 병방동,중상사고,0,1,0,0,차대차 - 측면충돌,불법유턴,젖음/습기,흐림,교차로 - 교차로안,자전거,남,79세,중상,승용,남,57세,상해없음
2019012100100152,2019년 1월 21일 09시,월요일,인천광역시 부평구 부개동,경상사고,0,0,1,0,차대차 - 측면충돌,교차로운행방법위반,건조,맑음,교차로 - 교차로부근,승용,남,68세,상해없음,승용,여,35세,경상
2019012100100183,2019년 1월 21일 10시,월요일,인천광역시 부평구 갈산동,중상사고,0,1,0,0,차대차 - 기타,교차로운행방법위반,건조,맑음,교차로 - 교차로안,승용,여,39세,상해없음,승용,남,46세,중상
2019012100100211,2019년 1월 21일 11시,월요일,인천광역시 미추홀구 주안동,경상사고,0,0,1,0,차대차 - 측면충돌,안전운전불이행,건조,맑음,단일로 - 기타,건설기계,남,48세,상해없음,승용,여,60세,경상
2019012100100212,2019년 1월 21일 11시,월요일,인천광역시 강화군 선원면,경상사고,0,0,1,0,차대차 - 정면충돌,중앙선침범,건조,맑음,단일로 - 기타,화물,남,61세,상해없음,화물,남,44세,경상
2019012100100213,2019년 1월 21일 11시,월요일,인천광역시 남동구 논현동,경상사고,0,0,1,0,차대차 - 측면충돌,안전운전불이행,건조,맑음,단일로 - 기타,승용,남,66세,상해없음,승용,남,43세,상해없음
2019012100100319,2019년 1월 21일 15시,월요일,인천광역시 중구 선린동,경상사고,0,0,1,0,차대차 - 측면충돌,안전운전불이행,건조,맑음,교차로 - 교차로부근,승용,여,28세,상해없음,승용,남,25세,경상
2019012100100320,2019년 1월 21일 15시,월요일,인천광역시 미추홀구 용현동,중상사고,0,1,0,0,차대차 - 측면충돌,안전운전불이행,건조,맑음,교차로 - 교차로안,승용,남,30세,상해없음,원동기,남,32세,중상
2019012100100350,2019년 1월 21일 16시,월요일,인천광역시 서구 심곡동,경상사고,0,0,1,0,차대사람 - 길가장자리구역통행중,안전운전불이행,건조,맑음,교차로 - 교차로부근,화물,남,61세,상해없음,보행자,여,27세,경상
2019012100100373,2019년 1월 21일 17시,월요일,인천광역시 서구 청라동,중상사고,0,1,0,0,차대차 - 측면충돌,중앙선침범,건조,맑음,교차로 - 교차로횡단보도내,자전거,남,12세,중상,승용,여,26세,상해없음