사고번호,사고일시,요일,시군구,사고내용,사망자수,중상자수,경상자수,부상신고자수,사고유형,법규위반,노면상태,기상상태,도로형태,가해운전자 차종,가해운전자 성별,가해운전자 연령,가해운전자 상해정도,피해운전자 차종,피해운전자 성별,피해운전자 연령,피해운전자 상해정도
2019012100100374,2019년 1월 21일 17시,월요일,인천광역시 남동구 논현동,중상사고,0,1,0,0,차대사람 - 횡단중,보행자보호의무위반,건조,맑음,단일로 - 기타,승용,여,45세,상해없음,보행자,여,49세,중상
2019012100100425,2019년 1월 21일 18시,월요일,인천광역시 중구 사동,경상사고,0,0,3,0,차대차 - 추돌,안전운전불이행,건조,맑음,단일로 - 기타,승용,남,38세,상해없음,승용,남,35세,경상
2019012100100426,2019년 1월 21일 18시,월요일,인천광역시 미추홀구 문학동,경상사고,0,0,1,0,차대사람 - 기타,안전운전불이행,건조,맑음,단일로 - 기타,승용,남,29세,상해없음,보행자,남,36세,경상
2019012100100427,2019년 1월 21일 18시,월요일,인천광역시 연수구 연수동,경상사고,0,0,1,0,차대차 - 측면충돌,교차로운행방법위반,건조,맑음,교차로 - 교차로횡단보도내,승용,남,69세,상해없음,승용,남,41세,경상
2019012100100471,2019년 1월 21일 19시,월요일,인천광역시 서구 불로동,경상사고,0,0,1,0,차대차 - 기타,안전운전불이행,건조,맑음,교차로 - 교차로부근,이륜,남,29세,상해없음,이륜,남,38세,경상
2019012100100498,2019년 1월 21일 20시,월요일,인천광역시 서구 백석동,중상사고,0,1,0,0,차대차 - 추돌,안전운전불이행,건조,맑음,단일로 - 고가도로위,화물,남,49세,상해없음,승용,남,55세,중상
2019012100100551,2019년 1월 21일 22시,월요일,인천광역시 미추홀구 학익동,부상신고사고,0,0,0,1,차대사람 - 길가장자리구역통행중,안전운전불이행,기타,기타,기타 - 기타,승용,남,26세,상해없음,보행자,여,43세,부상신고
2019012100100552,2019년 1월 21일 22시,월요일,인천광역시 서구 마전동,경상사고,0,0,1,0,차대차 - 측면충돌,안전운전불이행,건조,맑음,단일로 - 기타,기타불명,기타불명,미분류,기타불명,승용,남,56세,경상
2019012200100045,2019년 1월 22일 00시,화요일,인천광역시 동구 송현동,경상사고,0,0,3,0,차대차 - 추돌,안전운전불이행,건조,맑음,교차로 - 교차로부근,승용,남,59세,상해없음,승용,여,63세,경상
2019012200100046,2019년 1월 22일 00시,화요일,인천광역시 계양구 용종동,중상사고,0,1,0,0,차대차 - 추돌,안전거리미확보,건조,맑음,단일로 - 교량,승용,남,42세,상해없음,화물,남,37세,중상
2019012200100082,2019년 1월 22일 05시,화요일,인천광역시 동구 송현동,중상사고,0,1,0,0,차대사람 - 횡단중,안전운전불이행,건조,맑음,교차로 - 교차로횡단보도내,승용,남,55세,상해없음,보행자,남,68세,중상
2019012200100108,2019년 1월 22일 06시,화요일,인천광역시 서구 청라동,중상사고,0,1,0,0,차대사람 - 횡단중,보행자보호의무위반,건조,맑음,교차로 - 교차로횡단보도내,특수,남,54세,상해없음,보행자,여,53세,중상
2019012200100139,2019년 1월 22일 07시,화요일,인천광역시 강화군 불은면,경상사고,0,0,1,0,차대사람 - 횡단중,안전운전불이행,건조,맑음,단일로 - 기타,승용,남,61세,상해없음,보행자,남,53세,경상
2019012200100140,2019년 1월 22일 07시,화요일,인천광역시 남동구 고잔동,경상사고,0,0,1,0,차대차 - 측면충돌,교차로운행방법위반,건조,맑음,교차로 - 교차로안,승용,여,53세,상해없음,승용,남,57세,경상
2019012200100177,2019년 1월 22일 08시,화요일,인천광역시 미추홀구 주안동,경상사고,0,0,1,0,차대차 - 측면충돌,안전운전불이행,건조,맑음,교차로 - 교차로안,승용,남,29세,상해없음,승용,여,56세,경상
2019012200100202,2019년 1월 22일 09시,화요일,인천광역시 미추홀구 학익동,경상사고,0,0,1,0,차대차 - 측면충돌,안전운전불이행,건조,맑음,교차로 - 교차로부근,화물,남,63세,상해없음,승용,여,54세,경상
2019012200100203,2019년 1월 22일 09시,화요일,인천광역시 남동구 구월동,경상사고,0,0,1,0,차대차 - 추돌,안전운전불이행,건조,맑음,교차로 - 교차로부근,승용,남,26세,상해없음,승용,여,45세,경상
2019012200100238,2019년 1월 22일 10시,화요일,인천광역시 서구 가정동,경상사고,0,0,1,0,차대차 - 측면충돌,신호위반,건조,맑음,교차로 - 교차로안,승용,여,58세,상해없음,승용,여,33세,경상
2019012200100291,2019년 1월 22일 12시,화요일,인천광역시 서구 석남동,경상사고,0,0,2,0,차대차 - 추돌,안전거리미확보,건조,맑음,교차로 - 교차로부근,승용,남,32세,상해없음,승용,남,61세,경상
2019012200100292,2019년 1월 22일 12시,화요일,인천광역시 서구 가좌동,경상사고,0,0,1,0,차대사람 - 횡단중,안전운전불이행,건조,맑음,단일로 - 기타,화물,남,57세,상해없음,보행자,남,57세,경상
2019012200100319,2019년 1월 22일 13시,화요일,인천광역시 서구 가정동,경상사고,0,0,1,0,차대차 - 추돌,안전운전불이행,건조,맑음,교차로 - 교차로부근,이륜,남,54세,기타불명,승용,남,36세,경상
2019012200100398,2019년 1월 22일 16시,화요일,인천광역시 연수구 선학동,경상사고,0,0,2,0,차대차 - 측면충돌,교차로운행방법위반,건조,맑음,교차로 - 교차로안,승용,여,33세,상해없음,승용,남,22세,경상
2019012200100426,2019년 1월 22일 17시,화요일,인천광역시 남동구 만수동,경상사고,0,0,1,0,차대차 - 측면충돌,안전운전불이행,건조,맑음,교차로 - 교차로부근,승용,여,23세,상해없음,승용,남,32세,경상
2019012200100466,2019년 1월 22일 18시,화요일,인천광역시 미추홀구 주안동,경상사고,0,0,1,0,차대차 - 측면충돌,안전운전불이행,건조,맑음,교차로 - 교차로안,승용,남,54세,상해없음,이륜,남,33세,경상
2019012200100467,2019년 1월 22일 18시,화요일,인천광역시 부평구 청천동,중상사고,0,1,0,0,차대사람 - 횡단중,보행자보호의무위반,건조,맑음,교차로 - 교차로횡단보도내,승용,여,40세,상해없음,보행자,남,32세,중상
2019012200100468,2019년 1월 22일 18시,화요일,인천광역시 연수구 선학동,중상사고,0,1,1,1,차대차 - 추돌,안전운전불이행,건조,맑음,단일로 - 지하차도(도로)내,승용,남,58세,상해없음,승용,남,38세,중상
2019012200100504,2019년 1월 22일 19시,화요일,인천광역시 중구 운서동,경상사고,0,0,1,0,차대차 - 측면충돌,신호위반,건조,맑음,교차로 - 교차로안,승용,여,56세,상해없음,승용,남,47세,경상
2019012200100541,2019년 1월 22일 20시,화요일,인천광역시 남동구 구월동,중상사고,0,1,1,0,차대차 - 측면충돌,안전거리미확보,건조,맑음,단일로 - 기타,승용,여,27세,상해없음,승용,남,23세,중상
2019012200100542,2019년 1월 22일 20시,화요일,인천광역시 연수구 옥련동,중상사고,0,1,2,0,차대차 - 기타,중앙선침범,젖음/습기,흐림,교차로 - 교차로부근,승용,남,24세,경상,이륜,남,18세,중상
2019012200100543,2019년 1월 22일 20시,화요일,인천광역시 부평구 부평동,경상사고,0,0,1,0,차대차 - 측면충돌,기타,건조,맑음,단일로 - 기타,승용,여,60세,상해없음,자전거,남,55세,경상
2019012200100587,2019년 1월 22일 22시,화요일,인천광역시 계양구 계산동,경상사고,0,0,1,0,차대차 - 기타,안전운전불이행,건조,맑음,교차로 - 교차로안,승용,남,26세,상해없음,이륜,남,37세,경상
2019012300100031,2019년 1월 23일 00시,수요일,인천광역시 남동구 간석동,경상사고,0,0,3,0,차대차 - 측면충돌,신호위반,건조,맑음,교차로 - 교차로안,이륜,남,32세,상해없음,승용,남,55세,경상
2019012300100048,2019년 1월 23일 02시,수요일,인천광역시 계양구 박촌동,경상사고,0,0,2,0,차대차 - 측면충돌,차로위반,건조,맑음,교차로 - 교차로안,승용,남,28세,상해없음,승용,남,46세,경상
2019012300100056,2019년 1월 23일 03시,수요일,인천광역시 미추홀구 숭의동,경상사고,0,0,1,0,차대차 - 추돌,안전운전불이행,건조,맑음,교차로 - 교차로부근,화물,남,53세,상해없음,승용,여,32세,경상
2019012300100083,2019년 1월 23일 06시,수요일,인천광역시 부평구 산곡동,경상사고,0,0,1,0,차량단독 - 기타,안전운전불이행,건조,맑음,교차로 - 교차로부근,기타불명,기타불명,미분류,기타불명,,,,
2019012300100148,2019년 1월 23일 08시,수요일,인천광역시 서구 가좌동,경상사고,0,0,1,0,차대차 - 추돌,안전운전불이행,건조,맑음,교차로 - 교차로부근,승용,여,47세,상해없음,승용,여,59세,경상
2019012300100149,2019년 1월 23일 08시,수요일,인천광역시 남동구 간석동,경상사고,0,0,1,0,차대차 - 추돌,안전운전불이행,건조,맑음,기타 - 기타,승용,남,39세,상해없음,이륜,남,26세,경상
2019012300100150,2019년 1월 23일 08시,수요일,인천광역시 남동구 간석동,경상사고,0,0,2,0,차대차 - 측면충돌,교차로운행방법위반,건조,맑음,교차로 - 교차로안,승용,남,62세,경상,이륜,남,54세,경상
2019012300100186,2019년 1월 23일 09시,수요일,인천광역시 동구 송림동,중상사고,0,1,0,0,차대사람 - 횡단중,보행자보호의무위반,건조,맑음,교차로 - 교차로부근,승합,남,48세,상해없음,보행자,여,44세,중상
2019012300100241,2019년 1월 23일 11시,수요일,인천광역시 부평구 부평동,중상사고,0,1,0,0,차량단독 - 공작물충돌,안전운전불이행,건조,맑음,교차로 - 교차로안,승합,남,70세,상해없음,,,,
2019012300100242,2019년 1월 23일 11시,수요일,인천광역시 서구 청라동,경상사고,0,0,2,0,차대차 - 측면충돌,안전운전불이행,건조,맑음,교차로 - 교차로안,승용,여,36세,경상,승용,여,26세,경상
2019012300100266,2019년 1월 23일 12시,수요일,인천광역시 미추홀구 학익동,경상사고,0,0,1,0,차대차 - 추돌,안전거리미확보,건조,맑음,교차로 - 교차로부근,승용,여,61세,상해없음,승용,남,33세,경상
2019012300100267,2019년 1월 23일 12시,수요일,인천광역시 남동구 만수동,경상사고,0,0,1,0,차대차 - 측면충돌,안전운전불이행,건조,맑음,단일로 - 기타,화물,남,43세,상해없음,승용,여,45세,경상
2019012300100290,2019년 1월 23일 13시,수요일,인천광역시 중구 답동,중상사고,0,3,3,0,차대차 - 추돌,안전거리미확보,건조,맑음,단일로 - 기타,승용,남,64세,상해없음,승용,남,48세,중상
2019012300100291,2019년 1월 23일 13시,수요일,인천광역시 미추홀구 용현동,부상신고사고,0,0,0,1,차대차 - 측면충돌,안전운전불이행,건조,맑음,교차로 - 교차로부근,승용,여,59세,기타불명,이륜,남,50세,부상신고
2019012300100367,2019년 1월 23일 16시,수요일,인천광역시 강화군 강화읍,중상사고,0,1,0,0,차대사람 - 보도통행중,안전운전불이행,건조,맑음,교차로 - 교차로안,승용,남,75세,상해없음,보행자,남,73세,중상
2019012300100396,2019년 1월 23일 17시,수요일,인천광역시 남동구 간석동,중상사고,0,1,0,0,차대사람 - 차도통행중,안전운전불이행,건조,맑음,교차로 - 교차로안,승용,남,65세,상해없음,보행자,여,56세,중상
2019012300100436,2019년 1월 23일 18시,수요일,인천광역시 연수구 청학동,경상사고,0,0,1,0,차대차 - 정면충돌,안전운전불이행,건조,맑음,단일로 - 고가도로위,승용,여,38세,상해없음,승용,여,55세,경상
2019012300100473,2019년 1월 23일 19시,수요일,인천광역시 동구 송림동,경상사고,0,0,1,0,차대차 - 추돌,안전운전불이행,건조,맑음,교차로 - 교차로안,원동기,남,22세,경상,화물,남,51세,상해없음
2019012300100474,2019년 1월 23일 19시,수요일,인천광역시 부평구 청천동,경상사고,0,0,1,0,차대차 - 기타,안전운전불이행,건조,맑음,단일로 - 기타,화물,남,54세,상해없음,승용,남,53세,상해없음
2019012300100475,2019년 1월 23일 19시,수요일,인천광역시 부평구 삼산동,경상사고,0,0,1,0,차대차 - 측면충돌,안전운전불이행,건조,맑음,단일로 - 기타,승용,남,52세,상해없음,이륜,남,27세,경상
2019012300100533,2019년 1월 23일 21시,수요일,인천광역시 서구 가정동,중상사고,0,1,0,0,차대사람 - 횡단중,안전운전불이행,건조,맑음,단일로 - 지하차도(도로)내,화물,남,59세,상해없음,보행자,여,13세,중상
2019012300100557,2019년 1월 23일 22시,수요일,인천광역시 미추홀구 숭의동,중상사고,0,1,0,0,차대사람 - 횡단중,신호위반,건조,맑음,교차로 - 교차로횡단보도내,승용,남,38세,상해없음,보행자,남,68세,중상
2019012400100048,2019년 1월 24일 02시,목요일,인천광역시 부평구 십정동,중상사고,0,1,0,0,차대차 - 측면충돌,안전운전불이행,건조,맑음,단일로 - 기타,화물,남,42세,상해없음,이륜,남,19세,중상
2019012400100049,2019년 1월 24일 02시,목요일,인천광역시 계양구 병방동,경상사고,0,0,1,0,차대차 - 측면충돌,안전운전불이행,건조,맑음,단일로 - 기타,특수,남,55세,상해없음,승용,남,62세,경상
2019012400100053,2019년 1월 24일 03시,목요일,인천광역시 계양구 작전동,중상사고,0,1,0,0,차대차 - 측면충돌,안전거리미확보,건조,맑음,단일로 - 기타,승용,남,66세,상해없음,이륜,남,22세,중상
2019012400100066,2019년 1월 24일 05시,목요일,인천광역시 계양구 박촌동,경상사고,0,0,1,0,차대사람 - 보도통행중,신호위반,건조,맑음,단일로 - 기타,승용,남,75세,상해없음,보행자,여,53세,경상
2019012400100067,2019년 1월 24일 05시,목요일,인천광역시 계양구 작전동,경상사고,0,0,1,0,차대차 - 측면충돌,안전운전불이행,건조,맑음,교차로 - 교차로안,기타불명,기타불명,미분류,기타불명,승용,남,26세,상해없음
2019012400100103,2019년 1월 24일 07시,목요일,인천광역시 미추홀구 용현동,중상사고,0,1,0,0,차대사람 - 횡단중,보행자보호의무위반,건조,맑음,교차로 - 교차로횡단보도내,승용,남,54세,상해없음,보행자,남,35세,중상
2019012400100169,2019년 1월 24일 09시,목요일,인천광역시 서구 연희동,경상사고,0,0,1,0,차대차 - 측면충돌,안전운전불이행,건조,맑음,단일로 - 기타,화물,남,32세,상해없음,승용,여,54세,경상
2019012400100315,2019년 1월 24일 14시,목요일,인천광역시 서구 마전동,중상사고,0,1,0,0,차대차 - 기타,안전거리미확보,건조,맑음,단일로 - 기타,기타불명,기타불명,미분류,기타불명,승용,남,72세,중상
2019012400100344,2019년 1월 24일 15시,목요일,인천광역시 중구 신흥동3가,중상사고,0,1,0,0,차대차 - 추돌,안전운전불이행,건조,맑음,단일로 - 기타,승용,남,58세,상해없음,승용,여,43세,중상
2019012400100345,2019년 1월 24일 15시,목요일,인천광역시 중구 운서동,경상사고,0,0,1,0,차대차 - 정면충돌,교차로운행방법위반,건조,맑음,교차로 - 교차로안,승용,남,29세,기타불명,승용,여,34세,경상
2019012400100411,2019년 1월 24일 17시,목요일,인천광역시 서구 석남동,경상사고,0,0,2,0,차대차 - 추돌,안전운전불이행,건조,맑음,단일로 - 기타,승용,남,54세,상해없음,승용,남,65세,경상
2019012400100412,2019년 1월 24일 17시,목요일,인천광역시 남동구 논현동,중상사고,0,1,0,0,차대차 - 기타,안전운전불이행,건조,맑음,교차로 - 교차로부근,기타불명,기타불명,미분류,기타불명,승합,남,54세,상해없음
2019012400100453,2019년 1월 24일 18시,목요일,인천광역시 미추홀구 문학동,경상사고,0,0,1,0,차대사람 - 기타,안전운전불이행,건조,맑음,기타 - 기타,승용,남,26세,기타불명,보행자,남,64세,경상
2019012400100577,2019년 1월 24일 22시,목요일,인천광역시 부평구 청천동,경상사고,0,0,1,0,차대차 - 기타,안전운전불이행,건조,맑음,교차로 - 교차로안,승합,남,60세,상해없음,승용,여,53세,경상
2019012400100593,2019년 1월 24일 23시,목요일,인천광역시 미추홀구 주안동,사망사고,1,0,0,0,차대사람 - 횡단중,안전운전불이행,건조,맑음,기타 - 기타,승용,남,38세,상해없음,보행자,남,53세,사망
2019012500100075,2019년 1월 25일 05시,금요일,인천광역시 남동구 논현동,사망사고,1,0,0,0,차대사람 - 횡단중,안전운전불이행,건조,맑음,단일로 - 기타,화물,남,43세,상해없음,보행자,여,24세,사망
2019012500100156,2019년 1월 25일 09시,금요일,인천광역시 미추홀구 숭의동,경상사고,0,0,1,0,차대사람 - 횡단중,신호위반,건조,맑음,교차로 - 교차로횡단보도내,승용,남,60세,상해없음,보행자,여,44세,경상
2019012500100157,2019년 1월 25일 09시,금요일,인천광역시 남동구 간석동,경상사고,0,0,1,0,차대사람 - 기타,기타,건조,맑음,기타 - 기타,승용,여,53세,상해없음,보행자,남,55세,경상
2019012500100158,2019년 1월 25일 09시,금요일,인천광역시 계양구 효성동,경상사고,0,0,1,0,차대사람 - 횡단중,안전운전불이행,건조,맑음,교차로 - 교차로안,승용,남,49세,상해없음,보행자,여,28세,경상
2019012500100174,2019년 1월 25일 10시,금요일,인천광역시 서구 석남동,경상사고,0,0,1,0,차대차 - 정면충돌,안전운전불이행,건조,맑음,단일로 - 기타,화물,남,59세,상해없음,특수,남,70세,경상
2019012500100230,2019년 1월 25일 12시,금요일,인천광역시 계양구 효성동,경상사고,0,0,1,0,차대차 - 추돌,안전운전불이행,건조,맑음,교차로 - 교차로안,화물,남,28세,상해없음,승용,남,59세,경상
2019012500100231,2019년 1월 25일 12시,금요일,인천광역시 부평구 구산동,경상사고,0,0,1,0,차대차 - 기타,안전거리미확보,건조,맑음,단일로 - 지하차도(도로)내,승용,여,49세,상해없음,승용,여,28세,경상
2019012500100301,2019년 1월 25일 14시,금요일,인천광역시 중구 신흥동3가,경상사고,0,0,1,0,차대차 - 측면충돌,안전운전불이행,건조,맑음,단일로 - 기타,화물,남,55세,상해없음,승용,남,36세,경상
2019012500100302,2019년 1월 25일 14시,금요일,인천광역시 연수구 청학동,중상사고,0,1,0,0,차대사람 - 길가장자리구역통행중,안전운전불이행,건조,맑음,교차로 - 교차로부근,승용,남,76세,상해없음,보행자,여,63세,중상
2019012500100341,2019년 1월 25일 15시,금요일,인천광역시 부평구 산곡동,경상사고,0,0,1,0,차대차 - 기타,안전운전불이행,건조,맑음,기타 - 기타,승용,여,39세,상해없음,승용,남,40세,상해없음
2019012500100342,2019년 1월 25일 15시,금요일,인천광역시 계양구 효성동,경상사고,0,0,4,0,차대차 - 추돌,안전운전불이행,건조,맑음,교차로 - 교차로부근,승용,여,59세,상해없음,승용,남,41세,상해없음
2019012500100383,2019년 1월 25일 16시,금요일,인천광역시 남동구 간석동,경상사고,0,0,1,0,차대차 - 측면충돌,안전운전불이행,건조,맑음,기타 - 기타,승용,남,39세,상해없음,승용,남,39세,경상
2019012500100384,2019년 1월 25일 16시,금요일,인천광역시 연수구 옥련동,경상사고,0,0,2,0,차대차 - 추돌,안전운전불이행,건조,맑음,교차로 - 교차로부근,화물,남,35세,상해없음,승용,남,44세,경상
2019012500100423,2019년 1월 25일 17시,금요일,인천광역시 서구 불로동,경상사고,0,0,1,0,차대차 - 기타,안전운전불이행,건조,맑음,교차로 - 교차로부근,승용,남,53세,상해없음,승용,남,43세,경상
2019012500100424,2019년 1월 25일 17시,금요일,인천광역시 부평구 갈산동,경상사고,0,0,1,0,차대차 - 측면충돌,안전운전불이행,건조,맑음,교차로 - 교차로안,이륜,남,35세,기타불명,승용,남,47세,경상
2019012500100550,2019년 1월 25일 20시,금요일,인천광역시 부평구 삼산동,경상사고,0,0,2,0,차대차 - 추돌,안전운전불이행,건조,맑음,단일로 - 기타,승용,남,48세,상해없음,승용,여,46세,경상
2019012500100551,2019년 1월 25일 20시,금요일,인천광역시 남동구 논현동,경상사고,0,0,1,0,차대차 - 기타,안전운전불이행,건조,맑음,단일로 - 기타,승용,여,30세,상해없음,승용,남,38세,경상
2019012500100574,2019년 1월 25일 21시,금요일,인천광역시 미추홀구 주안동,경상사고,0,0,1,1,차대차 - 측면충돌,안전운전불이행,건조,맑음,단일로 - 기타,승용,남,67세,상해없음,승용,남,29세,부상신고
2019012500100575,2019년 1월 25일 21시,금요일,인천광역시 연수구 동춘동,경상사고,0,0,1,0,차대차 - 정면충돌,교차로운행방법위반,건조,맑음,교차로 - 교차로안,승용,여,53세,상해없음,승용,남,55세,경상
2019012500100604,2019년 1월 25일 22시,금요일,인천광역시 계양구 계산동,경상사고,0,0,1,0,차대차 - 기타,안전운전불이행,건조,맑음,단일로 - 기타,이륜,남,41세,경상,승용,남,55세,상해없음
2019012500100628,2019년 1월 25일 23시,금요일,인천광역시 미추홀구 용현동,경상사고,0,0,1,0,차대차 - 측면충돌,안전운전불이행,건조,기타,주차장 - 주차장,승용,남,57세,상해없음,승용,여,55세,경상
2019012600100036,2019년 1월 26일 00시,토요일,인천광역시 서구 연희동,중상사고,0,1,3,0,차대차 - 정면충돌,신호위반,건조,맑음,교차로 - 교차로안,승용,남,62세,경상,승용,남,74세,경상
2019012600100037,2019년 1월 26일 00시,토요일,인천광역시 남동구 논현동,경상사고,0,0,2,0,차대차 - 추돌,안전운전불이행,건조,맑음,교차로 - 교차로부근,승용,남,42세,상해없음,승용,남,46세,경상
2019012600100067,2019년 1월 26일 02시,토요일,인천광역시 중구 운남동,경상사고,0,0,1,0,차대차 - 후진중충돌,안전운전불이행,건조,맑음,단일로 - 기타,승용,남,32세,상해없음,승용,남,36세,경상
2019012600100091,2019년 1월 26일 05시,토요일,인천광역시 남동구 간석동,경상사고,0,0,1,0,차대차 - 정면충돌,안전운전불이행,건조,맑음,단일로 - 기타,승용,남,34세,상해없음,승용,여,43세,경상
2019012600100144,2019년 1월 26일 09시,토요일,인천광역시 연수구 옥련동,경상사고,0,0,1,0,차대차 - 정면충돌,신호위반,건조,맑음,교차로 - 교차로부근,이륜,남,25세,상해없음,승용,남,38세,경상
2019012600100169,2019년 1월 26일 10시,토요일,인천광역시 중구 신흥동3가,경상사고,0,0,1,0,차대차 - 측면충돌,안전운전불이행,건조,맑음,교차로 - 교차로부근,화물,남,53세,상해없음,건설기계,남,43세,경상
2019012600100206,2019년 1월 26일 11시,토요일,인천광역시 미추홀구 도화동,경상사고,0,0,1,0,차대사람 - 기타,안전운전불이행,건조,맑음,단일로 - 기타,승용,여,44세,상해없음,보행자,남,55세,경상
2019012600100235,2019년 1월 26일 12시,토요일,인천광역시 연수구 동춘동,중상사고,0,1,0,0,차대사람 - 횡단중,보행자보호의무위반,건조,맑음,교차로 - 교차로안,승용,남,63세,상해없음,보행자,여,63세,중상
2019012600100276,2019년 1월 26일 13시,토요일,인천광역시 남동구 만수동,경상사고,0,0,2,2,차대차 - 측면충돌,안전운전불이행,건조,맑음,단일로 - 기타,승합,남,59세,상해없음,승용,남,43세,경상
2019012600100343,2019년 1월 26일 15시,토요일,인천광역시 강화군 강화읍,경상사고,0,0,4,0,차대차 - 측면충돌,교차로운행방법위반,건조,맑음,교차로 - 교차로안,화물,남,56세,상해없음,승용,남,44세,경상
2019012600100344,2019년 1월 26일 15시,토요일,인천광역시 부평구 구산동,경상사고,0,0,1,0,차대차 - 기타,안전운전불이행,건조,맑음,교차로 - 교차로부근,화물,남,59세,경상,승용,남,49세,상해없음
2019012600100380,2019년 1월 26일 16시,토요일,인천광역시 중구 유동,경상사고,0,0,1,0,차대차 - 측면충돌,과속,건조,맑음,교차로 - 교차로안,이륜,남,38세,상해없음,승용,남,56세,경상
2019012600100381,2019년 1월 26일 16시,토요일,인천광역시 남동구 구월동,경상사고,0,0,1,0,차대차 - 측면충돌,안전운전불이행,건조,맑음,기타 - 기타,승용,여,45세,상해없음,승용,여,34세,경상
2019012600100382,2019년 1월 26일 16시,토요일,인천광역시 계양구 작전동,경상사고,0,0,1,0,차대사람 - 길가장자리구역통행중,안전운전불이행,건조,맑음,단일로 - 기타,승용,남,41세,상해없음,보행자,여,22세,경상
2019012600100414,2019년 1월 26일 17시,토요일,인천광역시 중구 운서동,경상사고,0,0,1,0,차대차 - 추돌,안전거리미확보,건조,맑음,단일로 - 기타,승용,남,61세,상해없음,승용,남,64세,경상
2019012600100449,2019년 1월 26일 18시,토요일,인천광역시 연수구 송도동,경상사고,0,0,1,0,차대차 - 측면충돌,신호위반,건조,맑음,교차로 - 교차로안,승용,여,34세,상해없음,승용,여,48세,경상
2019012600100490,2019년 1월 26일 19시,토요일,인천광역시 부평구 부평동,중상사고,0,1,0,0,차대사람 - 길가장자리구역통행중,안전운전불이행,건조,맑음,단일로 - 기타,승용,남,48세,상해없음,보행자,남,66세,중상
2019012600100491,2019년 1월 26일 19시,토요일,인천광역시 연수구 연수동,경상사고,0,0,1,0,차대사람 - 차도통행중,안전운전불이행,건조,맑음,교차로 - 교차로안,승용,여,50세,상해없음,보행자,남,52세,경상
2019012600100516,2019년 1월 26일 20시,토요일,인천광역시 부평구 부평동,경상사고,0,0,4,0,차대차 - 정면충돌,신호위반,건조,맑음,교차로 - 교차로부근,승용,남,49세,상해없음,승용,남,49세,경상
2019012600100517,2019년 1월 26일 20시,토요일,인천광역시 서구 석남동,중상사고,0,1,0,0,차대사람 - 횡단중,보행자보호의무위반,건조,맑음,단일로 - 기타,승용,여,52세,상해없음,보행자,남,29세,중상
2019012600100551,2019년 1월 26일 21시,토요일,인천광역시 남동구 구월동,중상사고,0,3,0,0,차대차 - 측면충돌,안전운전불이행,건조,맑음,단일로 - 기타,승용,여,45세,상해없음,승용,남,19세,중상
2019012600100552,2019년 1월 26일 21시,토요일,인천광역시 서구 청라동,경상사고,0,0,1,0,차대차 - 추돌,안전운전불이행,건조,맑음,단일로 - 기타,승용,남,55세,상해없음,승용,남,32세,경상
2019012600100578,2019년 1월 26일 22시,토요일,인천광역시 부평구 산곡동,경상사고,0,0,2,0,차대차 - 후진중충돌,안전운전불이행,건조,맑음,단일로 - 기타,승용,남,23세,상해없음,승용,여,29세,경상
2019012600100598,2019년 1월 26일 23시,토요일,인천광역시 미추홀구 주안동,경상사고,0,0,1,0,차대차 - 기타,신호위반,건조,맑음,교차로 - 교차로안,승용,남,49세,상해없음,승용,남,66세,상해없음
2019012700100062,2019년 1월 27일 04시,일요일,인천광역시 남동구 만수동,경상사고,0,0,1,0,차대사람 - 기타,안전운전불이행,건조,맑음,교차로 - 교차로부근,승용,남,29세,상해없음,보행자,남,44세,경상
2019012700100082,2019년 1월 27일 07시,일요일,인천광역시 미추홀구 도화동,중상사고,0,1,0,0,차대사람 - 횡단중,신호위반,건조,맑음,교차로 - 교차로횡단보도내,이륜,남,48세,상해없음,보행자,남,56세,중상
2019012700100137,2019년 1월 27일 11시,일요일,인천광역시 부평구 삼산동,경상사고,0,0,9,1,차대차 - 추돌,안전거리미확보,건조,맑음,단일로 - 교량,승용,남,22세,상해없음,승용,남,61세,경상
2019012700100162,2019년 1월 27일 12시,일요일,인천광역시 중구 신흥동3가,경상사고,0,0,1,0,차대차 - 측면충돌,신호위반,건조,맑음,교차로 - 교차로안,승용,여,36세,상해없음,승용,남,53세,경상
2019012700100163,2019년 1월 27일 12시,일요일,인천광역시 서구 오류동,경상사고,0,0,1,0,차대차 - 추돌,안전운전불이행,건조,맑음,단일로 - 기타,이륜,남,44세,상해없음,승용,남,41세,경상
2019012700100217,2019년 1월 27일 14시,일요일,인천광역시 미추홀구 숭의동,중상사고,0,1,3,0,차대차 - 측면충돌,신호위반,건조,맑음,교차로 - 교차로안,승용,남,58세,상해없음,승합,남,49세,경상
2019012700100218,2019년 1월 27일 14시,일요일,인천광역시 부평구 부평동,경상사고,0,0,1,0,차대사람 - 횡단중,안전운전불이행,건조,맑음,단일로 - 기타,승합,남,39세,상해없음,보행자,남,43세,경상
2019012700100275,2019년 1월 27일 16시,일요일,인천광역시 부평구 산곡동,경상사고,0,0,2,0,차대차 - 후진중충돌,안전운전불이행,건조,맑음,단일로 - 기타,승용,여,33세,상해없음,승용,남,29세,경상
2019012700100276,2019년 1월 27일 16시,일요일,인천광역시 남동구 구월동,경상사고,0,0,1,0,차대사람 - 횡단중,안전운전불이행,건조,맑음,단일로 - 기타,승용,남,64세,상해없음,보행자,남,27세,경상