사고번호,사고일시,요일,시군구,사고내용,사망자수,중상자수,경상자수,부상신고자수,사고유형,법규위반,노면상태,기상상태,도로형태,가해운전자 차종,가해운전자 성별,가해운전자 연령,가해운전자 상해정도,피해운전자 차종,피해운전자 성별,피해운전자 연령,피해운전자 상해정도
2019020900100260,2019년 2월 9일 14시,토요일,인천광역시 미추홀구 주안동,중상사고,0,1,0,0,차대차 - 측면충돌,안전운전불이행,건조,맑음,기타 - 기타,승용,남,51세,중상,승용,남,24세,상해없음
2019020900100261,2019년 2월 9일 14시,토요일,인천광역시 부평구 산곡동,경상사고,0,0,1,0,차대차 - 측면충돌,안전운전불이행,건조,맑음,단일로 - 기타,승용,남,28세,상해없음,승용,남,59세,경상
2019020900100262,2019년 2월 9일 14시,토요일,인천광역시 부평구 삼산동,경상사고,0,0,1,0,차대차 - 추돌,교차로운행방법위반,건조,맑음,교차로 - 교차로부근,승용,여,66세,상해없음,화물,남,56세,경상
2019020900100289,2019년 2월 9일 15시,토요일,인천광역시 남동구 구월동,경상사고,0,0,1,0,차대사람 - 기타,안전운전불이행,건조,맑음,단일로 - 기타,승용,남,67세,상해없음,보행자,여,59세,경상
2019020900100327,2019년 2월 9일 17시,토요일,인천광역시 미추홀구 주안동,경상사고,0,0,1,0,차대사람 - 기타,안전운전불이행,건조,맑음,단일로 - 기타,승합,남,61세,상해없음,보행자,여,70세,경상
2019020900100328,2019년 2월 9일 17시,토요일,인천광역시 부평구 부평동,중상사고,0,2,0,0,차대차 - 측면충돌,안전거리미확보,건조,맑음,단일로 - 기타,화물,남,62세,상해없음,이륜,남,51세,중상
2019020900100351,2019년 2월 9일 18시,토요일,인천광역시 중구 운서동,경상사고,0,0,2,0,차대차 - 측면충돌,안전운전불이행,건조,맑음,단일로 - 기타,승용,남,57세,상해없음,승용,남,28세,경상
2019020900100352,2019년 2월 9일 18시,토요일,인천광역시 서구 청라동,경상사고,0,0,1,0,차대사람 - 횡단중,보행자보호의무위반,건조,맑음,단일로 - 기타,승용,여,56세,상해없음,보행자,여,17세,경상
2019020900100375,2019년 2월 9일 19시,토요일,인천광역시 남동구 간석동,중상사고,0,1,0,0,차대차 - 측면충돌,신호위반,건조,맑음,교차로 - 교차로안,승용,여,62세,상해없음,이륜,남,22세,중상
2019020900100400,2019년 2월 9일 20시,토요일,인천광역시 서구 청라동,경상사고,0,0,1,0,차대사람 - 보도통행중,기타,건조,맑음,단일로 - 기타,이륜,남,32세,상해없음,보행자,여,49세,경상
2019020900100401,2019년 2월 9일 20시,토요일,인천광역시 부평구 갈산동,경상사고,0,0,1,0,차대차 - 추돌,안전운전불이행,건조,맑음,교차로 - 교차로부근,승용,남,35세,상해없음,이륜,남,47세,경상
2019020900100442,2019년 2월 9일 22시,토요일,인천광역시 서구 마전동,경상사고,0,0,2,0,차대차 - 기타,안전운전불이행,건조,맑음,교차로 - 교차로부근,승용,여,67세,상해없음,승용,남,53세,경상
2019020900100443,2019년 2월 9일 22시,토요일,인천광역시 남동구 만수동,사망사고,1,1,2,0,차대차 - 정면충돌,신호위반,건조,맑음,교차로 - 교차로안,이륜,남,16세,사망,승용,여,54세,경상
2019020900100459,2019년 2월 9일 23시,토요일,인천광역시 남동구 만수동,경상사고,0,0,1,0,차대차 - 정면충돌,신호위반,건조,맑음,교차로 - 교차로안,승용,여,50세,상해없음,승용,여,57세,경상
2019021000100028,2019년 2월 10일 00시,일요일,인천광역시 남동구 고잔동,중상사고,0,1,0,0,차대차 - 측면충돌,안전운전불이행,건조,맑음,단일로 - 기타,승용,남,37세,기타불명,승용,남,39세,중상
2019021000100069,2019년 2월 10일 04시,일요일,인천광역시 미추홀구 용현동,경상사고,0,0,2,0,차대차 - 측면충돌,안전거리미확보,건조,맑음,교차로 - 교차로부근,승용,여,49세,상해없음,승용,남,58세,경상
2019021000100077,2019년 2월 10일 05시,일요일,인천광역시 남동구 구월동,경상사고,0,0,1,0,차대차 - 추돌,안전운전불이행,건조,맑음,단일로 - 기타,승용,남,24세,상해없음,승용,남,27세,경상
2019021000100098,2019년 2월 10일 08시,일요일,인천광역시 미추홀구 용현동,경상사고,0,0,1,0,차대차 - 측면충돌,안전운전불이행,건조,맑음,교차로 - 교차로안,승합,남,56세,상해없음,승용,여,50세,경상
2019021000100135,2019년 2월 10일 11시,일요일,인천광역시 연수구 연수동,경상사고,0,0,2,0,차대차 - 추돌,안전운전불이행,건조,맑음,교차로 - 교차로안,승용,여,51세,상해없음,승용,남,41세,경상
2019021000100203,2019년 2월 10일 15시,일요일,인천광역시 동구 송림동,부상신고사고,0,0,0,1,차대사람 - 차도통행중,안전운전불이행,건조,맑음,교차로 - 교차로부근,승합,남,58세,상해없음,보행자,남,70세,부상신고
2019021000100204,2019년 2월 10일 15시,일요일,인천광역시 남동구 간석동,경상사고,0,0,1,0,차대차 - 측면충돌,안전운전불이행,건조,맑음,교차로 - 교차로안,승용,남,65세,상해없음,이륜,남,31세,경상
2019021000100225,2019년 2월 10일 16시,일요일,인천광역시 남동구 간석동,경상사고,0,0,2,0,차대차 - 추돌,안전거리미확보,건조,맑음,기타 - 기타,승용,남,20세,상해없음,승용,남,26세,경상
2019021000100244,2019년 2월 10일 17시,일요일,인천광역시 부평구 청천동,경상사고,0,0,1,0,차대차 - 측면충돌,안전운전불이행,건조,맑음,교차로 - 교차로부근,승용,여,44세,상해없음,이륜,남,18세,경상
2019021000100299,2019년 2월 10일 19시,일요일,인천광역시 동구 송현동,경상사고,0,0,1,0,차대사람 - 차도통행중,안전운전불이행,건조,맑음,교차로 - 교차로안,승용,남,72세,상해없음,보행자,남,38세,경상
2019021000100335,2019년 2월 10일 21시,일요일,인천광역시 미추홀구 용현동,중상사고,0,1,3,0,차대차 - 측면충돌,안전운전불이행,건조,맑음,교차로 - 교차로안,승용,남,44세,기타불명,승용,남,31세,중상
2019021100100034,2019년 2월 11일 01시,월요일,인천광역시 부평구 부평동,경상사고,0,0,1,0,차대차 - 측면충돌,안전운전불이행,건조,맑음,교차로 - 교차로안,승용,남,24세,상해없음,이륜,남,22세,경상
2019021100100037,2019년 2월 11일 02시,월요일,인천광역시 부평구 삼산동,경상사고,0,0,2,0,차대차 - 추돌,안전운전불이행,건조,맑음,교차로 - 교차로부근,승용,여,64세,상해없음,승용,남,58세,경상
2019021100100084,2019년 2월 11일 07시,월요일,인천광역시 서구 청라동,경상사고,0,0,1,0,차대차 - 측면충돌,안전운전불이행,건조,맑음,단일로 - 기타,승용,남,24세,상해없음,승용,여,41세,경상
2019021100100114,2019년 2월 11일 08시,월요일,인천광역시 서구 원당동,경상사고,0,0,2,0,차대차 - 측면충돌,안전운전불이행,건조,맑음,교차로 - 교차로부근,승용,남,58세,경상,승용,여,48세,경상
2019021100100115,2019년 2월 11일 08시,월요일,인천광역시 계양구 작전동,경상사고,0,0,1,0,차대사람 - 기타,안전운전불이행,건조,맑음,단일로 - 기타,승합,남,67세,상해없음,보행자,여,62세,경상
2019021100100151,2019년 2월 11일 09시,월요일,인천광역시 계양구 작전동,경상사고,0,0,2,0,차대차 - 측면충돌,안전운전불이행,건조,맑음,교차로 - 교차로안,특수,남,47세,상해없음,승용,남,51세,경상
2019021100100171,2019년 2월 11일 10시,월요일,인천광역시 서구 석남동,경상사고,0,0,1,0,차대차 - 측면충돌,중앙선침범,건조,맑음,단일로 - 기타,승용,남,65세,기타불명,화물,남,54세,경상
2019021100100172,2019년 2월 11일 10시,월요일,인천광역시 서구 가정동,경상사고,0,0,1,0,차대차 - 측면충돌,안전운전불이행,건조,맑음,단일로 - 기타,승용,남,32세,상해없음,승용,남,42세,경상
2019021100100204,2019년 2월 11일 11시,월요일,인천광역시 남동구 장수동,부상신고사고,0,0,0,1,차대차 - 측면충돌,안전운전불이행,건조,맑음,교차로 - 교차로횡단보도내,기타불명,기타불명,미분류,기타불명,자전거,남,64세,부상신고
2019021100100229,2019년 2월 11일 12시,월요일,인천광역시 부평구 십정동,경상사고,0,0,1,0,차대차 - 측면충돌,안전운전불이행,건조,맑음,단일로 - 기타,승용,여,68세,상해없음,승용,여,30세,경상
2019021100100230,2019년 2월 11일 12시,월요일,인천광역시 남동구 구월동,경상사고,0,0,1,0,차대차 - 기타,안전운전불이행,건조,맑음,기타 - 기타,승용,여,39세,상해없음,승용,여,33세,경상
2019021100100231,2019년 2월 11일 12시,월요일,인천광역시 계양구 병방동,경상사고,0,0,2,0,차대사람 - 횡단중,안전운전불이행,건조,맑음,교차로 - 교차로안,승용,여,56세,상해없음,보행자,남,7세,경상
2019021100100257,2019년 2월 11일 13시,월요일,인천광역시 미추홀구 도화동,부상신고사고,0,0,0,1,차대사람 - 기타,안전운전불이행,건조,맑음,단일로 - 기타,이륜,남,55세,기타불명,보행자,남,61세,부상신고
2019021100100258,2019년 2월 11일 13시,월요일,인천광역시 남동구 남촌동,경상사고,0,0,1,0,차대사람 - 기타,안전운전불이행,건조,맑음,단일로 - 기타,승용,남,20세,상해없음,보행자,남,78세,경상
2019021100100286,2019년 2월 11일 14시,월요일,인천광역시 미추홀구 용현동,경상사고,0,0,1,0,차대차 - 추돌,안전운전불이행,건조,맑음,교차로 - 교차로부근,특수,남,55세,상해없음,승합,남,54세,경상
2019021100100315,2019년 2월 11일 15시,월요일,인천광역시 남동구 구월동,경상사고,0,0,1,0,차대차 - 측면충돌,교차로운행방법위반,건조,맑음,교차로 - 교차로안,승용,여,57세,상해없음,자전거,남,11세,경상
2019021100100349,2019년 2월 11일 16시,월요일,인천광역시 부평구 부개동,경상사고,0,0,1,0,차대사람 - 횡단중,보행자보호의무위반,건조,맑음,교차로 - 교차로안,화물,남,49세,상해없음,보행자,남,79세,경상
2019021100100350,2019년 2월 11일 16시,월요일,인천광역시 남동구 논현동,중상사고,0,1,1,0,차대차 - 측면충돌,안전거리미확보,건조,맑음,단일로 - 기타,건설기계,남,56세,상해없음,승용,여,49세,경상
2019021100100351,2019년 2월 11일 16시,월요일,인천광역시 남동구 만수동,경상사고,0,0,2,0,차대차 - 측면충돌,안전운전불이행,건조,맑음,단일로 - 기타,승용,남,65세,상해없음,승용,남,44세,경상
2019021100100456,2019년 2월 11일 19시,월요일,인천광역시 남동구 도림동,경상사고,0,0,1,0,차량단독 - 공작물충돌,기타,건조,맑음,단일로 - 기타,승합,남,69세,상해없음,,,,
2019021100100457,2019년 2월 11일 19시,월요일,인천광역시 계양구 효성동,중상사고,0,1,3,0,차대차 - 추돌,안전운전불이행,건조,맑음,단일로 - 교량,승용,여,32세,상해없음,승용,남,27세,중상
2019021100100485,2019년 2월 11일 20시,월요일,인천광역시 미추홀구 주안동,중상사고,0,1,0,0,차대사람 - 횡단중,안전운전불이행,건조,맑음,단일로 - 기타,승용,남,61세,기타불명,보행자,여,81세,중상
2019021100100486,2019년 2월 11일 20시,월요일,인천광역시 남동구 구월동,경상사고,0,0,3,0,차대차 - 측면충돌,안전거리미확보,건조,맑음,단일로 - 기타,이륜,남,21세,상해없음,승용,남,20세,경상
2019021100100487,2019년 2월 11일 20시,월요일,인천광역시 서구 심곡동,경상사고,0,0,1,0,차대차 - 후진중충돌,안전운전불이행,건조,맑음,단일로 - 기타,승용,남,35세,상해없음,승합,남,48세,경상
2019021100100517,2019년 2월 11일 21시,월요일,인천광역시 서구 석남동,경상사고,0,0,5,0,차대차 - 측면충돌,안전운전불이행,건조,맑음,교차로 - 교차로안,화물,남,56세,상해없음,승용,남,26세,경상
2019021200100117,2019년 2월 12일 08시,화요일,인천광역시 연수구 선학동,경상사고,0,0,1,0,차대차 - 측면충돌,안전운전불이행,건조,맑음,교차로 - 교차로안,승용,남,57세,상해없음,승용,남,43세,경상
2019021200100160,2019년 2월 12일 09시,화요일,인천광역시 부평구 부평동,중상사고,0,1,0,0,차대사람 - 횡단중,보행자보호의무위반,건조,맑음,교차로 - 교차로안,승용,여,37세,상해없음,보행자,여,70세,중상
2019021200100161,2019년 2월 12일 09시,화요일,인천광역시 계양구 상야동,경상사고,0,0,1,0,차대차 - 측면충돌,차로위반,건조,맑음,단일로 - 기타,승용,남,65세,상해없음,화물,여,58세,경상
2019021200100224,2019년 2월 12일 11시,화요일,인천광역시 남동구 논현동,경상사고,0,0,1,0,차대차 - 추돌,안전운전불이행,건조,맑음,단일로 - 기타,승용,여,40세,상해없음,화물,남,31세,경상
2019021200100249,2019년 2월 12일 12시,화요일,인천광역시 서구 가좌동,경상사고,0,0,1,0,차대사람 - 횡단중,보행자보호의무위반,건조,맑음,교차로 - 교차로횡단보도내,화물,남,59세,상해없음,보행자,여,47세,경상
2019021200100351,2019년 2월 12일 16시,화요일,인천광역시 미추홀구 관교동,중상사고,0,1,8,0,차대차 - 추돌,안전운전불이행,건조,맑음,기타 - 기타,화물,남,49세,상해없음,승합,남,60세,중상
2019021200100352,2019년 2월 12일 16시,화요일,인천광역시 남동구 장수동,경상사고,0,0,5,1,차대차 - 측면충돌,신호위반,건조,맑음,교차로 - 교차로안,승용,여,24세,경상,승용,남,48세,경상
2019021200100382,2019년 2월 12일 17시,화요일,인천광역시 서구 경서동,경상사고,0,0,2,0,차대차 - 기타,안전운전불이행,건조,맑음,기타 - 기타,이륜,남,41세,경상,승용,남,41세,경상
2019021200100383,2019년 2월 12일 17시,화요일,인천광역시 남동구 고잔동,경상사고,0,0,3,0,차대차 - 추돌,안전운전불이행,건조,맑음,단일로 - 기타,승용,남,59세,상해없음,승용,남,32세,경상
2019021200100433,2019년 2월 12일 18시,화요일,인천광역시 부평구 부평동,경상사고,0,0,2,0,차대차 - 측면충돌,안전운전불이행,건조,맑음,교차로 - 교차로부근,승용,남,21세,상해없음,승용,남,34세,경상
2019021200100461,2019년 2월 12일 19시,화요일,인천광역시 남동구 서창동,경상사고,0,0,2,0,차대차 - 추돌,안전운전불이행,건조,맑음,교차로 - 교차로부근,승용,여,27세,상해없음,승용,남,36세,경상
2019021200100478,2019년 2월 12일 20시,화요일,인천광역시 부평구 부평동,경상사고,0,0,1,0,차대차 - 기타,안전운전불이행,건조,맑음,단일로 - 기타,승용,남,70세,경상,승용,여,46세,기타불명
2019021200100502,2019년 2월 12일 21시,화요일,인천광역시 서구 오류동,중상사고,0,1,0,0,차대사람 - 기타,안전운전불이행,건조,맑음,단일로 - 기타,건설기계,남,48세,기타불명,보행자,남,44세,중상
2019021300100058,2019년 2월 13일 03시,수요일,인천광역시 남동구 구월동,경상사고,0,0,1,0,차대사람 - 기타,안전운전불이행,건조,맑음,단일로 - 기타,승용,남,60세,상해없음,보행자,여,40세,경상
2019021300100075,2019년 2월 13일 05시,수요일,인천광역시 서구 석남동,경상사고,0,0,1,0,차대차 - 기타,안전거리미확보,건조,맑음,단일로 - 기타,승용,남,59세,기타불명,승합,남,44세,상해없음
2019021300100085,2019년 2월 13일 06시,수요일,인천광역시 연수구 선학동,경상사고,0,0,2,0,차대차 - 추돌,안전거리미확보,건조,맑음,단일로 - 기타,승용,남,31세,상해없음,승용,남,63세,경상
2019021300100104,2019년 2월 13일 07시,수요일,인천광역시 동구 송현동,경상사고,0,0,2,0,차대차 - 측면충돌,안전거리미확보,건조,맑음,교차로 - 교차로부근,승용,남,33세,경상,화물,남,56세,경상
2019021300100212,2019년 2월 13일 11시,수요일,인천광역시 서구 당하동,경상사고,0,0,1,0,차대차 - 측면충돌,안전운전불이행,건조,맑음,교차로 - 교차로부근,건설기계,남,45세,상해없음,승용,여,52세,경상
2019021300100213,2019년 2월 13일 11시,수요일,인천광역시 강화군 선원면,중상사고,0,3,0,0,차대차 - 측면충돌,중앙선침범,건조,맑음,단일로 - 기타,승용,남,66세,상해없음,승용,남,57세,중상
2019021300100264,2019년 2월 13일 13시,수요일,인천광역시 부평구 부평동,경상사고,0,0,1,0,차대차 - 추돌,안전운전불이행,건조,맑음,단일로 - 기타,승용,남,41세,기타불명,승용,남,31세,경상
2019021300100306,2019년 2월 13일 14시,수요일,인천광역시 미추홀구 학익동,경상사고,0,0,1,0,차대차 - 추돌,신호위반,건조,맑음,교차로 - 교차로부근,이륜,남,18세,기타불명,화물,남,55세,경상
2019021300100307,2019년 2월 13일 14시,수요일,인천광역시 서구 원당동,중상사고,0,1,0,0,차대차 - 추돌,안전운전불이행,건조,맑음,단일로 - 기타,이륜,남,19세,중상,승용,여,49세,상해없음
2019021300100339,2019년 2월 13일 15시,수요일,인천광역시 계양구 작전동,중상사고,0,1,1,0,차대차 - 측면충돌,안전운전불이행,건조,맑음,단일로 - 기타,승용,남,59세,중상,화물,남,62세,경상
2019021300100371,2019년 2월 13일 16시,수요일,인천광역시 서구 경서동,중상사고,0,1,2,0,차대차 - 기타,안전운전불이행,건조,맑음,교차로 - 교차로안,승용,여,59세,경상,승용,여,52세,경상
2019021300100476,2019년 2월 13일 19시,수요일,인천광역시 서구 청라동,경상사고,0,0,1,0,차대사람 - 횡단중,보행자보호의무위반,건조,맑음,교차로 - 교차로횡단보도내,승용,남,37세,상해없음,보행자,여,30세,경상
2019021300100477,2019년 2월 13일 19시,수요일,인천광역시 부평구 부개동,경상사고,0,0,1,0,차대차 - 기타,교차로운행방법위반,건조,맑음,교차로 - 교차로안,승용,남,67세,상해없음,승용,여,39세,경상
2019021400100175,2019년 2월 14일 10시,목요일,인천광역시 남동구 구월동,경상사고,0,0,1,0,차대차 - 후진중충돌,안전운전불이행,건조,맑음,주차장 - 주차장,승용,남,53세,상해없음,승용,여,38세,경상
2019021400100176,2019년 2월 14일 10시,목요일,인천광역시 계양구 작전동,경상사고,0,0,1,0,차대차 - 측면충돌,안전거리미확보,건조,맑음,단일로 - 기타,승합,남,58세,상해없음,승용,남,47세,경상
2019021400100239,2019년 2월 14일 12시,목요일,인천광역시 계양구 갈현동,중상사고,0,1,0,0,차대차 - 기타,안전운전불이행,건조,맑음,단일로 - 기타,화물,남,41세,상해없음,이륜,남,48세,중상
2019021400100262,2019년 2월 14일 13시,목요일,인천광역시 남동구 서창동,경상사고,0,0,2,0,차대차 - 측면충돌,교차로운행방법위반,건조,맑음,교차로 - 교차로안,승용,여,57세,상해없음,승용,남,40세,경상
2019021400100293,2019년 2월 14일 14시,목요일,인천광역시 미추홀구 도화동,중상사고,0,1,0,0,차대차 - 측면충돌,신호위반,건조,맑음,교차로 - 교차로안,승용,남,69세,상해없음,이륜,남,50세,중상
2019021400100294,2019년 2월 14일 14시,목요일,인천광역시 부평구 십정동,중상사고,0,1,0,0,차대차 - 기타,신호위반,건조,맑음,교차로 - 교차로부근,화물,남,65세,상해없음,자전거,여,59세,중상
2019021400100322,2019년 2월 14일 15시,목요일,인천광역시 미추홀구 숭의동,경상사고,0,0,2,0,차대차 - 추돌,안전운전불이행,건조,맑음,단일로 - 기타,승용,남,44세,상해없음,승용,남,26세,경상
2019021400100323,2019년 2월 14일 15시,목요일,인천광역시 계양구 임학동,중상사고,0,1,0,0,차대사람 - 횡단중,안전운전불이행,건조,맑음,단일로 - 기타,이륜,남,36세,상해없음,보행자,여,73세,중상
2019021400100388,2019년 2월 14일 17시,목요일,인천광역시 부평구 청천동,경상사고,0,0,1,0,차대차 - 측면충돌,교차로운행방법위반,건조,맑음,교차로 - 교차로안,화물,남,44세,상해없음,승용,남,34세,경상
2019021400100389,2019년 2월 14일 17시,목요일,인천광역시 계양구 효성동,중상사고,0,1,0,0,차대차 - 기타,안전운전불이행,건조,맑음,단일로 - 기타,이륜,남,16세,상해없음,승합,남,52세,상해없음
2019021400100441,2019년 2월 14일 18시,목요일,인천광역시 미추홀구 주안동,경상사고,0,0,3,0,차대차 - 추돌,안전운전불이행,건조,맑음,교차로 - 교차로부근,승합,남,60세,상해없음,승용,남,78세,경상
2019021400100442,2019년 2월 14일 18시,목요일,인천광역시 남동구 구월동,경상사고,0,0,1,0,차대차 - 측면충돌,중앙선침범,건조,맑음,기타 - 기타,이륜,남,21세,경상,승용,남,49세,상해없음
2019021400100482,2019년 2월 14일 19시,목요일,인천광역시 부평구 일신동,경상사고,0,0,1,0,차대차 - 후진중충돌,안전운전불이행,건조,맑음,교차로 - 교차로안,승용,여,48세,상해없음,이륜,남,19세,경상
2019021400100540,2019년 2월 14일 21시,목요일,인천광역시 부평구 부평동,경상사고,0,0,1,0,차대차 - 측면충돌,신호위반,건조,맑음,교차로 - 교차로안,이륜,남,25세,상해없음,이륜,남,22세,경상
2019021400100541,2019년 2월 14일 21시,목요일,인천광역시 서구 오류동,경상사고,0,0,1,0,차대차 - 추돌,안전운전불이행,건조,맑음,단일로 - 기타,승용,남,41세,경상,건설기계,남,53세,기타불명
2019021500100027,2019년 2월 15일 00시,금요일,인천광역시 중구 중산동,중상사고,0,2,0,0,차대차 - 추돌,안전운전불이행,건조,맑음,단일로 - 교량,승용,남,24세,상해없음,승용,남,27세,중상
2019021500100037,2019년 2월 15일 01시,금요일,인천광역시 미추홀구 도화동,경상사고,0,0,1,0,차대차 - 측면충돌,안전운전불이행,건조,맑음,교차로 - 교차로안,승용,남,49세,상해없음,승용,남,56세,상해없음
2019021500100088,2019년 2월 15일 06시,금요일,인천광역시 연수구 송도동,경상사고,0,0,1,0,차대차 - 추돌,안전거리미확보,적설,눈,단일로 - 교량,특수,남,50세,상해없음,특수,남,54세,경상
2019021500100089,2019년 2월 15일 06시,금요일,인천광역시 부평구 갈산동,경상사고,0,0,1,0,차대차 - 기타,안전운전불이행,적설,눈,교차로 - 교차로안,승용,여,62세,상해없음,승용,남,68세,경상
2019021500100124,2019년 2월 15일 07시,금요일,인천광역시 부평구 산곡동,경상사고,0,0,2,0,차대차 - 추돌,안전운전불이행,적설,눈,교차로 - 교차로안,승용,남,19세,상해없음,승용,남,46세,경상
2019021500100125,2019년 2월 15일 07시,금요일,인천광역시 서구 청라동,경상사고,0,0,1,0,차대차 - 측면충돌,신호위반,적설,눈,교차로 - 교차로안,승용,남,63세,상해없음,승용,남,37세,경상
2019021500100126,2019년 2월 15일 07시,금요일,인천광역시 계양구 효성동,경상사고,0,0,2,0,차대차 - 추돌,안전운전불이행,적설,눈,단일로 - 기타,승용,남,56세,상해없음,승합,남,58세,상해없음
2019021500100127,2019년 2월 15일 07시,금요일,인천광역시 계양구 동양동,경상사고,0,0,2,0,차대차 - 추돌,안전거리미확보,서리/결빙,눈,단일로 - 기타,승합,남,51세,상해없음,승합,남,23세,경상
2019021500100128,2019년 2월 15일 07시,금요일,인천광역시 계양구 효성동,경상사고,0,0,1,0,차대차 - 추돌,안전운전불이행,적설,눈,교차로 - 교차로부근,승용,남,29세,상해없음,승용,남,25세,경상
2019021500100129,2019년 2월 15일 07시,금요일,인천광역시 연수구 송도동,경상사고,0,0,1,0,차대차 - 추돌,안전운전불이행,적설,눈,단일로 - 기타,승용,여,28세,상해없음,승용,여,28세,경상
2019021500100130,2019년 2월 15일 07시,금요일,인천광역시 남동구 서창동,경상사고,0,0,1,0,차대차 - 추돌,안전거리미확보,서리/결빙,눈,교차로 - 교차로부근,승용,여,35세,상해없음,승용,남,40세,경상
2019021500100181,2019년 2월 15일 08시,금요일,인천광역시 서구 검암동,경상사고,0,0,1,0,차대차 - 측면충돌,신호위반,적설,흐림,교차로 - 교차로부근,승용,여,37세,상해없음,승용,남,39세,경상
2019021500100182,2019년 2월 15일 08시,금요일,인천광역시 서구 가좌동,경상사고,0,0,1,0,차대차 - 추돌,안전운전불이행,서리/결빙,눈,교차로 - 교차로부근,화물,남,68세,상해없음,승용,남,43세,경상
2019021500100183,2019년 2월 15일 08시,금요일,인천광역시 계양구 작전동,경상사고,0,0,2,0,차대차 - 측면충돌,안전운전불이행,서리/결빙,비,교차로 - 교차로부근,승용,남,42세,경상,승용,남,64세,경상
2019021500100184,2019년 2월 15일 08시,금요일,인천광역시 계양구 작전동,경상사고,0,0,1,0,차대차 - 추돌,안전운전불이행,건조,맑음,교차로 - 교차로부근,승용,여,31세,상해없음,승용,남,24세,경상
2019021500100225,2019년 2월 15일 09시,금요일,인천광역시 부평구 갈산동,중상사고,0,1,0,0,차대사람 - 횡단중,안전운전불이행,적설,눈,교차로 - 교차로부근,건설기계,남,39세,상해없음,보행자,여,15세,중상
2019021500100253,2019년 2월 15일 10시,금요일,인천광역시 연수구 옥련동,경상사고,0,0,1,0,차대차 - 측면충돌,신호위반,건조,맑음,교차로 - 교차로부근,승용,남,61세,상해없음,이륜,남,29세,경상
2019021500100283,2019년 2월 15일 11시,금요일,인천광역시 중구 도원동,경상사고,0,0,1,0,차대차 - 측면충돌,교차로운행방법위반,건조,맑음,교차로 - 교차로안,승용,남,60세,상해없음,이륜,남,59세,경상
2019021500100346,2019년 2월 15일 13시,금요일,인천광역시 부평구 청천동,중상사고,0,1,0,0,차대사람 - 길가장자리구역통행중,안전운전불이행,해빙,맑음,단일로 - 기타,승용,남,57세,상해없음,보행자,남,59세,중상
2019021500100347,2019년 2월 15일 13시,금요일,인천광역시 남동구 구월동,중상사고,0,2,0,0,차대차 - 측면충돌,신호위반,젖음/습기,흐림,교차로 - 교차로안,승용,남,42세,상해없음,승용,여,44세,중상
2019021500100348,2019년 2월 15일 13시,금요일,인천광역시 남동구 간석동,경상사고,0,0,2,0,차대차 - 측면충돌,교차로운행방법위반,건조,맑음,단일로 - 기타,이륜,남,33세,경상,승용,여,24세,경상
2019021500100349,2019년 2월 15일 13시,금요일,인천광역시 서구 연희동,경상사고,0,0,1,0,차대차 - 기타,중앙선침범,젖음/습기,맑음,교차로 - 교차로부근,화물,남,60세,상해없음,이륜,남,30세,경상
2019021500100350,2019년 2월 15일 13시,금요일,인천광역시 계양구 상야동,경상사고,0,0,1,0,차대차 - 측면충돌,안전거리미확보,건조,맑음,단일로 - 기타,건설기계,남,39세,상해없음,승용,남,51세,경상
2019021500100381,2019년 2월 15일 14시,금요일,인천광역시 강화군 강화읍,중상사고,0,1,0,0,차대사람 - 보도통행중,안전운전불이행,건조,맑음,단일로 - 기타,승용,남,64세,상해없음,보행자,남,59세,중상
2019021500100444,2019년 2월 15일 16시,금요일,인천광역시 미추홀구 주안동,중상사고,0,1,0,0,차대차 - 측면충돌,안전운전불이행,젖음/습기,눈,단일로 - 기타,승용,여,37세,상해없음,이륜,남,54세,중상
2019021500100445,2019년 2월 15일 16시,금요일,인천광역시 남동구 논현동,중상사고,0,1,0,0,차대차 - 측면충돌,안전거리미확보,건조,맑음,단일로 - 기타,화물,남,49세,상해없음,승용,남,28세,중상
2019021500100477,2019년 2월 15일 17시,금요일,인천광역시 미추홀구 주안동,부상신고사고,0,0,0,1,차대사람 - 차도통행중,안전운전불이행,건조,맑음,단일로 - 기타,승용,남,64세,상해없음,보행자,여,72세,부상신고
2019021500100478,2019년 2월 15일 17시,금요일,인천광역시 남동구 간석동,경상사고,0,0,1,0,차대차 - 정면충돌,안전운전불이행,건조,맑음,교차로 - 교차로안,승용,남,73세,상해없음,승용,남,57세,경상
2019021500100479,2019년 2월 15일 17시,금요일,인천광역시 계양구 병방동,경상사고,0,0,2,0,차대차 - 측면충돌,안전운전불이행,젖음/습기,비,교차로 - 교차로안,승용,여,46세,경상,승합,남,48세,경상
2019021500100480,2019년 2월 15일 17시,금요일,인천광역시 동구 금곡동,중상사고,0,1,0,0,차대차 - 추돌,안전운전불이행,건조,맑음,단일로 - 교량,승용,남,58세,상해없음,승용,남,64세,중상
2019021500100522,2019년 2월 15일 18시,금요일,인천광역시 남동구 만수동,경상사고,0,0,1,0,차대차 - 측면충돌,교차로운행방법위반,건조,맑음,교차로 - 교차로안,이륜,남,34세,상해없음,이륜,남,21세,경상
2019021500100579,2019년 2월 15일 19시,금요일,인천광역시 중구 운남동,경상사고,0,0,1,0,차대차 - 측면충돌,안전운전불이행,젖음/습기,눈,교차로 - 교차로안,승용,여,23세,상해없음,이륜,남,16세,경상