사고번호,사고일시,요일,시군구,사고내용,사망자수,중상자수,경상자수,부상신고자수,사고유형,법규위반,노면상태,기상상태,도로형태,가해운전자 차종,가해운전자 성별,가해운전자 연령,가해운전자 상해정도,피해운전자 차종,피해운전자 성별,피해운전자 연령,피해운전자 상해정도
2019021500100580,2019년 2월 15일 19시,금요일,인천광역시 미추홀구 주안동,경상사고,0,0,1,0,차대사람 - 기타,안전운전불이행,젖음/습기,눈,기타 - 기타,승용,남,36세,상해없음,보행자,여,21세,경상
2019021500100581,2019년 2월 15일 19시,금요일,인천광역시 연수구 연수동,중상사고,0,1,0,0,차대사람 - 기타,신호위반,건조,맑음,교차로 - 교차로횡단보도내,승용,남,76세,상해없음,보행자,여,30세,중상
2019021500100661,2019년 2월 15일 22시,금요일,인천광역시 부평구 부평동,경상사고,0,0,3,0,차대차 - 기타,신호위반,건조,맑음,교차로 - 교차로안,승용,여,26세,상해없음,승용,여,45세,경상
2019021500100686,2019년 2월 15일 23시,금요일,인천광역시 부평구 십정동,경상사고,0,0,1,0,차대차 - 추돌,안전운전불이행,젖음/습기,맑음,단일로 - 기타,승용,남,57세,상해없음,승용,남,37세,경상
2019021500100687,2019년 2월 15일 23시,금요일,인천광역시 서구 검암동,중상사고,0,1,1,0,차대차 - 기타,안전운전불이행,건조,맑음,교차로 - 교차로안,이륜,남,16세,중상,승용,남,39세,경상
2019021600100046,2019년 2월 16일 01시,토요일,인천광역시 남동구 구월동,경상사고,0,0,1,0,차대차 - 측면충돌,중앙선침범,건조,맑음,교차로 - 교차로부근,승용,남,40세,상해없음,승용,남,43세,경상
2019021600100061,2019년 2월 16일 02시,토요일,인천광역시 미추홀구 주안동,경상사고,0,0,1,0,차대차 - 추돌,안전운전불이행,건조,맑음,교차로 - 교차로안,승용,남,49세,상해없음,승용,남,52세,상해없음
2019021600100069,2019년 2월 16일 03시,토요일,인천광역시 미추홀구 주안동,중상사고,0,2,0,0,차대사람 - 횡단중,보행자보호의무위반,건조,맑음,교차로 - 교차로횡단보도내,화물,남,59세,상해없음,보행자,남,43세,중상
2019021600100071,2019년 2월 16일 04시,토요일,인천광역시 서구 마전동,경상사고,0,0,1,0,차대차 - 추돌,안전운전불이행,건조,맑음,교차로 - 교차로부근,화물,남,70세,상해없음,승용,여,34세,경상
2019021600100081,2019년 2월 16일 05시,토요일,인천광역시 계양구 작전동,경상사고,0,0,1,0,차대차 - 측면충돌,신호위반,건조,맑음,교차로 - 교차로안,승용,남,52세,상해없음,승용,남,58세,경상
2019021600100096,2019년 2월 16일 06시,토요일,인천광역시 연수구 동춘동,경상사고,0,0,1,0,차대차 - 추돌,안전운전불이행,건조,맑음,단일로 - 기타,승용,남,62세,상해없음,승용,남,57세,상해없음
2019021600100097,2019년 2월 16일 06시,토요일,인천광역시 연수구 선학동,중상사고,0,1,0,0,차대사람 - 횡단중,안전운전불이행,건조,맑음,교차로 - 교차로횡단보도내,승합,남,65세,상해없음,보행자,여,63세,중상
2019021600100130,2019년 2월 16일 08시,토요일,인천광역시 남동구 간석동,중상사고,0,1,0,0,차량단독 - 기타,안전운전불이행,건조,맑음,기타 - 기타,승합,남,54세,상해없음,,,,
2019021600100131,2019년 2월 16일 08시,토요일,인천광역시 계양구 계산동,중상사고,0,1,0,0,차대사람 - 기타,안전운전불이행,건조,맑음,교차로 - 교차로부근,화물,남,51세,상해없음,보행자,여,53세,중상
2019021600100148,2019년 2월 16일 09시,토요일,인천광역시 중구 신흥동2가,중상사고,0,1,0,0,차대사람 - 보도통행중,보행자보호의무위반,건조,맑음,교차로 - 교차로횡단보도내,승용,남,49세,상해없음,보행자,남,75세,중상
2019021600100149,2019년 2월 16일 09시,토요일,인천광역시 서구 석남동,경상사고,0,0,1,0,차대차 - 측면충돌,안전운전불이행,건조,맑음,기타 - 기타,화물,남,38세,상해없음,승용,여,42세,경상
2019021600100166,2019년 2월 16일 10시,토요일,인천광역시 미추홀구 주안동,경상사고,0,0,2,0,차대차 - 측면충돌,안전운전불이행,건조,맑음,교차로 - 교차로안,승용,남,56세,상해없음,승용,남,52세,경상
2019021600100167,2019년 2월 16일 10시,토요일,인천광역시 남동구 구월동,경상사고,0,0,1,0,차대차 - 추돌,안전운전불이행,건조,맑음,교차로 - 교차로부근,승용,남,23세,상해없음,승용,여,34세,경상
2019021600100168,2019년 2월 16일 10시,토요일,인천광역시 서구 경서동,경상사고,0,0,2,0,차대차 - 추돌,안전운전불이행,건조,맑음,교차로 - 교차로부근,승용,남,20세,상해없음,승용,남,34세,경상
2019021600100269,2019년 2월 16일 13시,토요일,인천광역시 중구 운서동,중상사고,0,1,4,0,차대차 - 추돌,안전운전불이행,건조,맑음,단일로 - 지하차도(도로)내,승합,남,58세,상해없음,승용,남,80세,중상
2019021600100270,2019년 2월 16일 13시,토요일,인천광역시 연수구 동춘동,경상사고,0,0,2,0,차대차 - 추돌,안전운전불이행,건조,맑음,단일로 - 기타,승용,남,56세,상해없음,승용,남,36세,경상
2019021600100271,2019년 2월 16일 13시,토요일,인천광역시 중구 운서동,경상사고,0,0,1,0,차대차 - 정면충돌,안전운전불이행,건조,맑음,단일로 - 교량,승용,남,47세,상해없음,화물,남,61세,경상
2019021600100298,2019년 2월 16일 14시,토요일,인천광역시 중구 운서동,경상사고,0,0,5,0,차대차 - 측면충돌,교차로운행방법위반,건조,맑음,교차로 - 교차로안,승용,남,62세,상해없음,승용,남,61세,경상
2019021600100345,2019년 2월 16일 15시,토요일,인천광역시 미추홀구 숭의동,부상신고사고,0,0,0,1,차대차 - 추돌,안전운전불이행,건조,맑음,교차로 - 교차로부근,승용,남,34세,상해없음,승용,여,49세,부상신고
2019021600100385,2019년 2월 16일 16시,토요일,인천광역시 부평구 십정동,경상사고,0,0,1,0,차대차 - 측면충돌,안전운전불이행,건조,맑음,교차로 - 교차로부근,승용,남,51세,상해없음,승용,남,57세,경상
2019021600100426,2019년 2월 16일 17시,토요일,인천광역시 서구 원창동,경상사고,0,0,1,0,차대차 - 기타,신호위반,건조,맑음,교차로 - 교차로부근,승용,남,59세,기타불명,승용,여,49세,경상
2019021600100427,2019년 2월 16일 17시,토요일,인천광역시 서구 불로동,부상신고사고,0,0,0,2,차량단독 - 기타,안전운전불이행,서리/결빙,맑음,단일로 - 기타,이륜,남,17세,부상신고,,,,
2019021600100471,2019년 2월 16일 18시,토요일,인천광역시 중구 운서동,중상사고,0,1,5,0,차대차 - 측면충돌,불법유턴,건조,맑음,단일로 - 기타,승용,남,39세,중상,승용,남,30세,경상
2019021600100472,2019년 2월 16일 18시,토요일,인천광역시 미추홀구 주안동,부상신고사고,0,0,0,1,차대사람 - 길가장자리구역통행중,안전운전불이행,건조,맑음,기타 - 기타,승용,남,65세,상해없음,보행자,여,24세,부상신고
2019021600100473,2019년 2월 16일 18시,토요일,인천광역시 남동구 도림동,경상사고,0,0,4,0,차대차 - 추돌,안전운전불이행,건조,맑음,교차로 - 교차로부근,화물,남,19세,경상,승용,여,26세,경상
2019021600100503,2019년 2월 16일 19시,토요일,인천광역시 중구 인현동,경상사고,0,0,2,0,차대차 - 측면충돌,안전운전불이행,건조,맑음,교차로 - 교차로안,승용,여,55세,상해없음,승용,남,25세,경상
2019021600100504,2019년 2월 16일 19시,토요일,인천광역시 계양구 임학동,경상사고,0,0,3,0,차대차 - 정면충돌,안전운전불이행,건조,맑음,단일로 - 기타,승용,남,17세,상해없음,승용,여,42세,경상
2019021600100505,2019년 2월 16일 19시,토요일,인천광역시 부평구 부평동,경상사고,0,0,2,0,차대차 - 추돌,안전운전불이행,건조,맑음,교차로 - 교차로안,승용,여,64세,상해없음,승용,남,60세,경상
2019021600100541,2019년 2월 16일 20시,토요일,인천광역시 미추홀구 학익동,경상사고,0,0,1,0,차대차 - 측면충돌,기타,건조,맑음,교차로 - 교차로부근,승용,남,66세,상해없음,이륜,남,38세,경상
2019021600100542,2019년 2월 16일 20시,토요일,인천광역시 남동구 만수동,부상신고사고,0,0,0,1,차대차 - 측면충돌,안전거리미확보,건조,맑음,단일로 - 기타,기타불명,기타불명,미분류,기타불명,승용,남,42세,상해없음
2019021600100571,2019년 2월 16일 21시,토요일,인천광역시 미추홀구 주안동,경상사고,0,0,1,0,차대사람 - 기타,안전운전불이행,건조,맑음,단일로 - 기타,승용,남,62세,상해없음,보행자,여,60세,경상
2019021600100614,2019년 2월 16일 23시,토요일,인천광역시 남동구 간석동,중상사고,0,1,0,0,차대사람 - 차도통행중,안전운전불이행,건조,맑음,단일로 - 기타,승용,남,53세,상해없음,보행자,여,25세,중상
2019021700100061,2019년 2월 17일 01시,일요일,인천광역시 부평구 십정동,경상사고,0,0,1,0,차대차 - 측면충돌,안전운전불이행,건조,맑음,교차로 - 교차로안,승용,남,33세,상해없음,승용,여,31세,경상
2019021700100075,2019년 2월 17일 02시,일요일,인천광역시 부평구 부평동,경상사고,0,0,1,0,차대사람 - 보도통행중,안전운전불이행,건조,맑음,단일로 - 기타,승용,남,31세,상해없음,보행자,여,20세,경상
2019021700100113,2019년 2월 17일 07시,일요일,인천광역시 부평구 산곡동,중상사고,0,1,0,0,차대사람 - 기타,신호위반,건조,맑음,교차로 - 교차로안,승용,남,60세,상해없음,보행자,남,63세,중상
2019021700100160,2019년 2월 17일 10시,일요일,인천광역시 강화군 내가면,경상사고,0,0,1,0,차대차 - 정면충돌,안전운전불이행,건조,맑음,단일로 - 기타,건설기계,남,48세,상해없음,화물,남,41세,경상
2019021700100183,2019년 2월 17일 11시,일요일,인천광역시 남동구 만수동,중상사고,0,2,0,0,차대차 - 정면충돌,중앙선침범,건조,맑음,단일로 - 기타,승용,남,70세,중상,승합,남,33세,중상
2019021700100201,2019년 2월 17일 12시,일요일,인천광역시 미추홀구 용현동,경상사고,0,0,1,0,차대차 - 측면충돌,안전운전불이행,건조,맑음,교차로 - 교차로안,승합,남,54세,상해없음,승용,남,60세,경상
2019021700100247,2019년 2월 17일 14시,일요일,인천광역시 계양구 효성동,경상사고,0,0,3,0,차대차 - 측면충돌,안전운전불이행,건조,맑음,교차로 - 교차로부근,승용,남,64세,상해없음,화물,여,59세,경상
2019021700100276,2019년 2월 17일 15시,일요일,인천광역시 중구 을왕동,경상사고,0,0,1,0,차대사람 - 차도통행중,안전운전불이행,건조,맑음,단일로 - 기타,승용,남,66세,상해없음,보행자,여,48세,경상
2019021700100277,2019년 2월 17일 15시,일요일,인천광역시 부평구 삼산동,경상사고,0,0,1,0,차대차 - 측면충돌,안전운전불이행,건조,맑음,교차로 - 교차로부근,화물,남,44세,상해없음,이륜,남,16세,경상
2019021700100329,2019년 2월 17일 17시,일요일,인천광역시 남동구 구월동,경상사고,0,0,1,0,차대차 - 추돌,안전운전불이행,건조,맑음,단일로 - 기타,승용,남,68세,상해없음,승용,남,36세,경상
2019021700100401,2019년 2월 17일 19시,일요일,인천광역시 부평구 갈산동,경상사고,0,0,1,0,차대차 - 측면충돌,안전운전불이행,건조,맑음,단일로 - 기타,승용,남,74세,상해없음,승용,남,28세,경상
2019021700100402,2019년 2월 17일 19시,일요일,인천광역시 서구 연희동,경상사고,0,0,1,0,차대차 - 정면충돌,안전운전불이행,건조,맑음,교차로 - 교차로안,이륜,남,67세,상해없음,이륜,남,18세,경상
2019021700100403,2019년 2월 17일 19시,일요일,인천광역시 서구 석남동,경상사고,0,0,3,0,차대차 - 기타,과속,건조,맑음,교차로 - 교차로안,승용,남,29세,경상,화물,기타불명,미분류,기타불명
2019021700100429,2019년 2월 17일 20시,일요일,인천광역시 부평구 부평동,경상사고,0,0,1,0,차대사람 - 기타,안전운전불이행,건조,맑음,기타 - 기타,승용,여,38세,상해없음,보행자,여,68세,경상
2019021700100446,2019년 2월 17일 21시,일요일,인천광역시 미추홀구 용현동,경상사고,0,0,1,0,차대차 - 측면충돌,안전거리미확보,건조,맑음,단일로 - 기타,승용,여,26세,상해없음,이륜,남,27세,경상
2019021700100447,2019년 2월 17일 21시,일요일,인천광역시 서구 검암동,경상사고,0,0,1,0,차량단독 - 기타,안전운전불이행,건조,맑음,단일로 - 고가도로위,승합,남,46세,상해없음,,,,
2019021700100448,2019년 2월 17일 21시,일요일,인천광역시 연수구 연수동,경상사고,0,0,1,0,차대사람 - 횡단중,신호위반,건조,맑음,교차로 - 교차로부근,승용,남,51세,상해없음,보행자,남,46세,경상
2019021800100084,2019년 2월 18일 06시,월요일,인천광역시 부평구 부개동,경상사고,0,0,1,0,차대차 - 측면충돌,안전운전불이행,건조,맑음,교차로 - 교차로부근,화물,남,57세,상해없음,승용,남,58세,경상
2019021800100106,2019년 2월 18일 07시,월요일,인천광역시 남동구 간석동,중상사고,0,1,0,0,차대사람 - 길가장자리구역통행중,안전운전불이행,건조,맑음,단일로 - 기타,승용,남,50세,상해없음,보행자,여,25세,중상
2019021800100148,2019년 2월 18일 08시,월요일,인천광역시 계양구 임학동,경상사고,0,0,1,0,차대사람 - 길가장자리구역통행중,안전운전불이행,건조,맑음,단일로 - 기타,승용,여,56세,상해없음,보행자,여,22세,경상
2019021800100197,2019년 2월 18일 10시,월요일,인천광역시 미추홀구 주안동,경상사고,0,0,1,0,차대사람 - 기타,안전운전불이행,건조,맑음,단일로 - 기타,승합,남,59세,상해없음,보행자,남,71세,경상
2019021800100198,2019년 2월 18일 10시,월요일,인천광역시 미추홀구 학익동,경상사고,0,0,1,0,차량단독 - 기타,안전운전불이행,건조,맑음,단일로 - 기타,승합,남,54세,상해없음,,,,
2019021800100199,2019년 2월 18일 10시,월요일,인천광역시 미추홀구 주안동,경상사고,0,0,2,0,차대차 - 추돌,안전운전불이행,건조,맑음,기타 - 기타,승용,여,58세,상해없음,승용,남,62세,경상
2019021800100222,2019년 2월 18일 11시,월요일,인천광역시 계양구 장기동,경상사고,0,0,1,0,차대차 - 측면충돌,중앙선침범,건조,맑음,단일로 - 기타,승합,남,38세,상해없음,승용,여,34세,경상
2019021800100251,2019년 2월 18일 12시,월요일,인천광역시 중구 신흥동2가,경상사고,0,0,1,0,차대차 - 측면충돌,안전운전불이행,건조,맑음,기타 - 기타,승용,남,46세,상해없음,승용,여,53세,경상
2019021800100317,2019년 2월 18일 15시,월요일,인천광역시 남동구 간석동,경상사고,0,0,1,0,차대차 - 측면충돌,안전운전불이행,건조,맑음,기타 - 기타,승용,남,58세,기타불명,승용,여,48세,경상
2019021800100344,2019년 2월 18일 16시,월요일,인천광역시 계양구 작전동,중상사고,0,1,0,0,차대차 - 정면충돌,안전운전불이행,건조,맑음,교차로 - 교차로안,승용,남,57세,상해없음,이륜,남,17세,중상
2019021800100393,2019년 2월 18일 17시,월요일,인천광역시 서구 가좌동,경상사고,0,0,1,0,차대사람 - 기타,안전운전불이행,건조,맑음,기타 - 기타,승용,남,54세,상해없음,보행자,여,60세,경상
2019021800100431,2019년 2월 18일 18시,월요일,인천광역시 계양구 효성동,경상사고,0,0,2,0,차대차 - 측면충돌,신호위반,건조,맑음,교차로 - 교차로안,이륜,남,36세,경상,이륜,남,21세,경상
2019021800100432,2019년 2월 18일 18시,월요일,인천광역시 연수구 동춘동,경상사고,0,0,2,0,차대차 - 측면충돌,안전운전불이행,젖음/습기,맑음,단일로 - 기타,승용,남,24세,상해없음,승용,남,41세,경상
2019021800100463,2019년 2월 18일 19시,월요일,인천광역시 중구 신흥동3가,경상사고,0,0,1,0,차대차 - 추돌,안전운전불이행,건조,기타,교차로 - 교차로부근,화물,남,51세,상해없음,승용,남,28세,경상
2019021800100464,2019년 2월 18일 19시,월요일,인천광역시 서구 금곡동,중상사고,0,1,1,0,차대차 - 측면충돌,안전운전불이행,건조,맑음,단일로 - 기타,화물,남,62세,경상,이륜,남,25세,중상
2019021800100465,2019년 2월 18일 19시,월요일,인천광역시 서구 마전동,경상사고,0,0,1,0,차대차 - 측면충돌,안전운전불이행,건조,맑음,교차로 - 교차로부근,승용,남,67세,상해없음,이륜,남,17세,경상
2019021800100498,2019년 2월 18일 20시,월요일,인천광역시 서구 심곡동,중상사고,0,1,0,0,차량단독 - 기타,안전운전불이행,건조,맑음,단일로 - 기타,승합,남,56세,상해없음,,,,
2019021800100522,2019년 2월 18일 21시,월요일,인천광역시 부평구 갈산동,경상사고,0,0,3,0,차대차 - 측면충돌,안전운전불이행,건조,맑음,교차로 - 교차로안,승용,여,51세,상해없음,승용,남,23세,경상
2019021800100550,2019년 2월 18일 22시,월요일,인천광역시 미추홀구 주안동,경상사고,0,0,4,0,차대차 - 측면충돌,안전운전불이행,건조,맑음,교차로 - 교차로부근,승용,남,38세,상해없음,승용,남,30세,경상
2019021800100551,2019년 2월 18일 22시,월요일,인천광역시 남동구 남촌동,중상사고,0,1,2,0,차대차 - 추돌,안전운전불이행,건조,맑음,단일로 - 기타,승용,남,54세,상해없음,승용,남,54세,경상
2019021900100065,2019년 2월 19일 03시,화요일,인천광역시 부평구 십정동,경상사고,0,0,1,0,차대차 - 후진중충돌,안전운전불이행,젖음/습기,흐림,교차로 - 교차로부근,승용,남,50세,상해없음,승용,남,55세,경상
2019021900100082,2019년 2월 19일 05시,화요일,인천광역시 남동구 구월동,중상사고,0,1,0,0,차대사람 - 횡단중,안전운전불이행,젖음/습기,비,교차로 - 교차로안,승합,남,61세,상해없음,보행자,남,76세,중상
2019021900100143,2019년 2월 19일 08시,화요일,인천광역시 남동구 간석동,경상사고,0,0,2,0,차대차 - 측면충돌,교차로운행방법위반,서리/결빙,눈,교차로 - 교차로안,승용,남,60세,경상,승용,여,49세,경상
2019021900100144,2019년 2월 19일 08시,화요일,인천광역시 남동구 운연동,경상사고,0,0,1,0,차대차 - 측면충돌,안전운전불이행,젖음/습기,눈,단일로 - 기타,화물,남,50세,상해없음,승용,남,27세,경상
2019021900100207,2019년 2월 19일 10시,화요일,인천광역시 중구 북성동1가,경상사고,0,0,2,0,차대차 - 정면충돌,안전운전불이행,적설,눈,단일로 - 기타,승용,남,73세,상해없음,승용,남,61세,경상
2019021900100229,2019년 2월 19일 11시,화요일,인천광역시 부평구 삼산동,경상사고,0,0,1,0,차대사람 - 횡단중,안전운전불이행,적설,눈,교차로 - 교차로부근,승합,남,66세,상해없음,보행자,여,57세,경상
2019021900100230,2019년 2월 19일 11시,화요일,인천광역시 남동구 논현동,중상사고,0,1,0,0,차대사람 - 횡단중,안전운전불이행,건조,맑음,교차로 - 교차로안,승합,남,29세,상해없음,보행자,남,70세,중상
2019021900100252,2019년 2월 19일 12시,화요일,인천광역시 서구 석남동,경상사고,0,0,1,0,차대사람 - 횡단중,보행자보호의무위반,건조,맑음,단일로 - 지하차도(도로)내,화물,남,63세,상해없음,보행자,여,54세,경상
2019021900100276,2019년 2월 19일 13시,화요일,인천광역시 서구 청라동,경상사고,0,0,1,0,차대차 - 정면충돌,신호위반,건조,맑음,교차로 - 교차로안,승용,여,39세,기타불명,승용,여,38세,경상
2019021900100277,2019년 2월 19일 13시,화요일,인천광역시 중구 운남동,중상사고,0,1,0,0,차대차 - 측면충돌,안전운전불이행,건조,맑음,단일로 - 기타,승용,남,50세,상해없음,승용,남,45세,중상
2019021900100314,2019년 2월 19일 14시,화요일,인천광역시 남동구 구월동,경상사고,0,0,1,0,차대차 - 측면충돌,교차로운행방법위반,건조,맑음,교차로 - 교차로안,승용,남,60세,상해없음,승용,여,59세,경상
2019021900100315,2019년 2월 19일 14시,화요일,인천광역시 서구 석남동,경상사고,0,0,1,0,차대차 - 기타,안전운전불이행,서리/결빙,눈,교차로 - 교차로부근,승용,남,26세,기타불명,승용,남,34세,경상
2019021900100339,2019년 2월 19일 15시,화요일,인천광역시 미추홀구 학익동,경상사고,0,0,1,0,차대차 - 정면충돌,중앙선침범,건조,맑음,단일로 - 기타,승용,남,49세,상해없음,승용,남,52세,경상
2019021900100384,2019년 2월 19일 17시,화요일,인천광역시 중구 항동7가,경상사고,0,0,2,0,차대차 - 측면충돌,안전운전불이행,건조,맑음,교차로 - 교차로안,승용,남,48세,경상,특수,남,43세,경상
2019021900100430,2019년 2월 19일 18시,화요일,인천광역시 미추홀구 주안동,경상사고,0,0,1,0,차대차 - 측면충돌,안전거리미확보,건조,맑음,교차로 - 교차로부근,승용,남,53세,기타불명,승용,여,66세,경상
2019021900100506,2019년 2월 19일 21시,화요일,인천광역시 미추홀구 주안동,부상신고사고,0,0,0,1,차대차 - 기타,안전운전불이행,건조,맑음,기타 - 기타,기타불명,기타불명,미분류,기타불명,이륜,남,16세,부상신고
2019021900100507,2019년 2월 19일 21시,화요일,인천광역시 서구 마전동,중상사고,0,1,4,0,차대차 - 정면충돌,안전운전불이행,건조,맑음,교차로 - 교차로부근,승용,남,50세,상해없음,승합,남,23세,경상
2019021900100508,2019년 2월 19일 21시,화요일,인천광역시 계양구 병방동,경상사고,0,0,1,0,차대차 - 측면충돌,안전거리미확보,건조,맑음,단일로 - 기타,승용,남,61세,상해없음,승용,남,61세,상해없음
2019021900100522,2019년 2월 19일 22시,화요일,인천광역시 계양구 귤현동,경상사고,0,0,1,0,차대차 - 측면충돌,신호위반,건조,맑음,교차로 - 교차로안,승용,여,44세,상해없음,승용,여,50세,경상
2019021900100542,2019년 2월 19일 23시,화요일,인천광역시 서구 석남동,중상사고,0,1,0,0,차대사람 - 차도통행중,안전운전불이행,건조,맑음,단일로 - 기타,승용,남,59세,상해없음,보행자,남,45세,중상
2019022000100028,2019년 2월 20일 00시,수요일,인천광역시 남동구 구월동,중상사고,0,2,0,0,차대차 - 추돌,안전운전불이행,건조,맑음,단일로 - 기타,승용,남,28세,상해없음,승용,여,39세,중상
2019022000100077,2019년 2월 20일 06시,수요일,인천광역시 연수구 송도동,경상사고,0,0,1,0,차대차 - 측면충돌,안전운전불이행,건조,맑음,교차로 - 교차로안,승용,남,50세,상해없음,자전거,남,65세,경상
2019022000100096,2019년 2월 20일 07시,수요일,인천광역시 서구 금곡동,중상사고,0,2,0,0,차대차 - 기타,신호위반,건조,맑음,교차로 - 교차로안,승용,남,38세,중상,승용,여,53세,중상
2019022000100127,2019년 2월 20일 08시,수요일,인천광역시 서구 당하동,경상사고,0,0,1,0,차대차 - 측면충돌,안전운전불이행,건조,맑음,단일로 - 기타,승용,여,36세,상해없음,이륜,남,36세,경상
2019022000100238,2019년 2월 20일 12시,수요일,인천광역시 남동구 구월동,중상사고,0,1,0,0,차대차 - 측면충돌,교차로운행방법위반,건조,맑음,교차로 - 교차로부근,승용,남,29세,상해없음,이륜,남,24세,중상
2019022000100239,2019년 2월 20일 12시,수요일,인천광역시 남동구 논현동,경상사고,0,0,1,0,차대사람 - 보도통행중,기타,건조,맑음,기타 - 기타,이륜,남,32세,상해없음,보행자,여,58세,경상
2019022000100262,2019년 2월 20일 13시,수요일,인천광역시 미추홀구 도화동,중상사고,0,1,1,0,차대차 - 측면충돌,신호위반,건조,맑음,교차로 - 교차로안,승용,남,64세,상해없음,승용,여,60세,중상
2019022000100290,2019년 2월 20일 14시,수요일,인천광역시 남동구 구월동,경상사고,0,0,1,0,차대차 - 추돌,안전운전불이행,건조,맑음,단일로 - 기타,승용,남,42세,상해없음,승용,남,52세,경상
2019022000100322,2019년 2월 20일 15시,수요일,인천광역시 미추홀구 용현동,경상사고,0,0,3,0,차대차 - 측면충돌,교차로운행방법위반,건조,맑음,교차로 - 교차로안,승용,남,69세,경상,승용,남,46세,경상
2019022000100323,2019년 2월 20일 15시,수요일,인천광역시 남동구 간석동,경상사고,0,0,1,0,차대사람 - 기타,안전운전불이행,건조,맑음,단일로 - 기타,승용,여,74세,상해없음,보행자,남,20세,경상
2019022000100324,2019년 2월 20일 15시,수요일,인천광역시 강화군 불은면,경상사고,0,0,1,0,차대차 - 측면충돌,중앙선침범,건조,맑음,교차로 - 교차로횡단보도내,화물,남,59세,상해없음,승용,남,24세,경상
2019022000100325,2019년 2월 20일 15시,수요일,인천광역시 남동구 서창동,경상사고,0,0,1,0,차대차 - 기타,불법유턴,건조,맑음,교차로 - 교차로안,승합,여,37세,상해없음,승용,여,32세,경상
2019022000100353,2019년 2월 20일 16시,수요일,인천광역시 중구 운서동,경상사고,0,0,2,0,차대차 - 측면충돌,안전운전불이행,건조,맑음,교차로 - 교차로안,화물,남,38세,경상,화물,남,48세,경상
2019022000100354,2019년 2월 20일 16시,수요일,인천광역시 남동구 간석동,경상사고,0,0,2,0,차대차 - 기타,안전거리미확보,건조,맑음,단일로 - 기타,화물,남,61세,상해없음,승용,여,63세,경상
2019022000100418,2019년 2월 20일 18시,수요일,인천광역시 동구 송현동,경상사고,0,0,1,0,차대차 - 측면충돌,신호위반,건조,맑음,교차로 - 교차로안,승용,남,65세,상해없음,이륜,남,18세,경상
2019022000100419,2019년 2월 20일 18시,수요일,인천광역시 서구 마전동,경상사고,0,0,2,0,차대차 - 추돌,안전운전불이행,건조,맑음,교차로 - 교차로부근,승용,여,44세,상해없음,승용,남,36세,경상
2019022000100470,2019년 2월 20일 19시,수요일,인천광역시 부평구 부평동,경상사고,0,0,1,0,차대차 - 추돌,안전운전불이행,건조,맑음,교차로 - 교차로부근,승용,여,43세,상해없음,화물,남,36세,경상
2019022000100516,2019년 2월 20일 21시,수요일,인천광역시 서구 연희동,경상사고,0,0,1,0,차대차 - 측면충돌,안전운전불이행,건조,맑음,교차로 - 교차로부근,승용,남,37세,상해없음,승용,여,44세,경상
2019022000100540,2019년 2월 20일 22시,수요일,인천광역시 미추홀구 학익동,경상사고,0,0,1,0,차대차 - 정면충돌,안전운전불이행,건조,맑음,단일로 - 기타,승합,남,41세,상해없음,특수,남,44세,경상
2019022100100026,2019년 2월 21일 00시,목요일,인천광역시 부평구 부개동,경상사고,0,0,1,0,차대차 - 추돌,안전운전불이행,건조,맑음,교차로 - 교차로부근,승용,남,26세,상해없음,승용,여,36세,경상
2019022100100051,2019년 2월 21일 03시,목요일,인천광역시 미추홀구 용현동,부상신고사고,0,0,0,1,차대사람 - 길가장자리구역통행중,안전운전불이행,기타,기타,단일로 - 기타,승용,남,46세,상해없음,보행자,남,44세,부상신고
2019022100100081,2019년 2월 21일 06시,목요일,인천광역시 남동구 간석동,경상사고,0,0,1,0,차대사람 - 횡단중,안전운전불이행,건조,맑음,단일로 - 기타,승용,남,39세,상해없음,보행자,남,57세,경상
2019022100100105,2019년 2월 21일 07시,목요일,인천광역시 연수구 옥련동,경상사고,0,0,1,0,차대사람 - 기타,안전운전불이행,건조,맑음,단일로 - 기타,승합,남,59세,상해없음,보행자,여,59세,경상
2019022100100132,2019년 2월 21일 08시,목요일,인천광역시 서구 심곡동,중상사고,0,1,0,0,차대차 - 추돌,안전운전불이행,건조,맑음,단일로 - 기타,승용,남,36세,상해없음,승용,남,50세,중상
2019022100100133,2019년 2월 21일 08시,목요일,인천광역시 부평구 부평동,경상사고,0,0,2,0,차대차 - 추돌,안전거리미확보,건조,맑음,교차로 - 교차로안,승용,남,55세,상해없음,승용,남,68세,경상
2019022100100231,2019년 2월 21일 11시,목요일,인천광역시 계양구 작전동,경상사고,0,0,2,0,차대차 - 추돌,직진우회전진행방해,건조,맑음,교차로 - 교차로안,승용,남,58세,상해없음,승용,남,40세,경상
2019022100100264,2019년 2월 21일 12시,목요일,인천광역시 남동구 논현동,부상신고사고,0,0,0,1,차대차 - 측면충돌,안전운전불이행,건조,맑음,교차로 - 교차로안,승용,남,33세,상해없음,이륜,남,23세,부상신고
2019022100100295,2019년 2월 21일 13시,목요일,인천광역시 미추홀구 주안동,부상신고사고,0,0,0,1,차대사람 - 길가장자리구역통행중,안전운전불이행,건조,맑음,기타 - 기타,승합,남,57세,기타불명,보행자,남,21세,부상신고