사고번호,사고일시,요일,시군구,사고내용,사망자수,중상자수,경상자수,부상신고자수,사고유형,법규위반,노면상태,기상상태,도로형태,가해운전자 차종,가해운전자 성별,가해운전자 연령,가해운전자 상해정도,피해운전자 차종,피해운전자 성별,피해운전자 연령,피해운전자 상해정도
2019031300100133,2019년 3월 13일 08시,수요일,인천광역시 미추홀구 용현동,부상신고사고,0,0,0,1,차대사람 - 횡단중,신호위반,건조,맑음,교차로 - 교차로횡단보도내,기타불명,기타불명,미분류,기타불명,보행자,여,21세,부상신고
2019031300100168,2019년 3월 13일 09시,수요일,인천광역시 계양구 작전동,경상사고,0,0,1,0,차대차 - 기타,차로위반,건조,맑음,교차로 - 교차로안,승용,남,24세,상해없음,승합,남,54세,상해없음
2019031300100205,2019년 3월 13일 10시,수요일,인천광역시 남동구 구월동,경상사고,0,0,2,0,차대차 - 측면충돌,안전운전불이행,건조,맑음,단일로 - 기타,승용,여,53세,경상,화물,남,30세,경상
2019031300100206,2019년 3월 13일 10시,수요일,인천광역시 남동구 논현동,경상사고,0,0,1,0,차대차 - 추돌,안전운전불이행,건조,맑음,교차로 - 교차로부근,승용,여,47세,상해없음,승용,여,35세,경상
2019031300100245,2019년 3월 13일 11시,수요일,인천광역시 부평구 부평동,사망사고,1,0,0,0,차대사람 - 횡단중,보행자보호의무위반,건조,맑음,교차로 - 교차로횡단보도내,화물,남,68세,상해없음,보행자,남,64세,사망
2019031300100302,2019년 3월 13일 13시,수요일,인천광역시 미추홀구 용현동,경상사고,0,0,1,0,차대사람 - 차도통행중,안전운전불이행,건조,맑음,단일로 - 기타,자전거,남,59세,상해없음,보행자,여,77세,경상
2019031300100303,2019년 3월 13일 13시,수요일,인천광역시 계양구 계산동,경상사고,0,0,2,0,차대차 - 측면충돌,안전운전불이행,건조,맑음,교차로 - 교차로안,화물,남,62세,상해없음,승용,남,53세,경상
2019031300100343,2019년 3월 13일 14시,수요일,인천광역시 미추홀구 숭의동,중상사고,0,1,1,0,차대차 - 정면충돌,중앙선침범,건조,맑음,단일로 - 기타,화물,남,55세,상해없음,화물,남,68세,경상
2019031300100458,2019년 3월 13일 17시,수요일,인천광역시 부평구 십정동,경상사고,0,0,1,0,차대차 - 측면충돌,안전운전불이행,건조,맑음,단일로 - 기타,승용,남,68세,상해없음,원동기,남,25세,경상
2019031300100493,2019년 3월 13일 18시,수요일,인천광역시 중구 중산동,경상사고,0,0,1,0,차량단독 - 기타,안전운전불이행,건조,맑음,단일로 - 기타,승용,남,47세,상해없음,,,,
2019031300100494,2019년 3월 13일 18시,수요일,인천광역시 연수구 송도동,경상사고,0,0,4,0,차대차 - 추돌,안전운전불이행,건조,맑음,교차로 - 교차로부근,승용,여,27세,상해없음,승용,남,31세,경상
2019031300100539,2019년 3월 13일 19시,수요일,인천광역시 미추홀구 주안동,부상신고사고,0,0,0,1,차대차 - 추돌,안전운전불이행,기타,기타,교차로 - 교차로부근,기타불명,기타불명,미분류,기타불명,이륜,남,17세,부상신고
2019031300100572,2019년 3월 13일 20시,수요일,인천광역시 부평구 부개동,중상사고,0,1,1,0,차대사람 - 횡단중,보행자보호의무위반,건조,맑음,교차로 - 교차로안,승용,남,40세,상해없음,보행자,여,60세,중상
2019031300100610,2019년 3월 13일 21시,수요일,인천광역시 부평구 청천동,중상사고,0,1,0,0,차대차 - 측면충돌,안전운전불이행,건조,맑음,교차로 - 교차로안,승용,여,47세,상해없음,승용,남,60세,중상
2019031300100611,2019년 3월 13일 21시,수요일,인천광역시 부평구 부평동,경상사고,0,0,1,0,차대차 - 측면충돌,안전운전불이행,건조,맑음,단일로 - 기타,원동기,남,24세,상해없음,승용,남,35세,경상
2019031300100612,2019년 3월 13일 21시,수요일,인천광역시 남동구 논현동,경상사고,0,0,3,0,차대차 - 측면충돌,안전운전불이행,건조,맑음,단일로 - 기타,승용,여,43세,상해없음,승용,남,23세,경상
2019031300100632,2019년 3월 13일 22시,수요일,인천광역시 남동구 구월동,중상사고,0,1,0,0,차대차 - 추돌,안전운전불이행,건조,맑음,교차로 - 교차로부근,승용,남,27세,상해없음,승용,남,24세,상해없음
2019031300100633,2019년 3월 13일 22시,수요일,인천광역시 서구 가좌동,경상사고,0,0,1,0,차대차 - 추돌,안전운전불이행,건조,맑음,단일로 - 고가도로위,승용,남,44세,상해없음,승용,남,37세,경상
2019031400100033,2019년 3월 14일 00시,목요일,인천광역시 부평구 부평동,경상사고,0,0,1,0,차대차 - 측면충돌,안전운전불이행,건조,맑음,교차로 - 교차로부근,승용,남,65세,상해없음,승용,남,32세,경상
2019031400100044,2019년 3월 14일 01시,목요일,인천광역시 서구 마전동,경상사고,0,0,1,0,차대사람 - 횡단중,안전운전불이행,건조,맑음,교차로 - 교차로부근,승용,여,64세,상해없음,보행자,남,23세,경상
2019031400100068,2019년 3월 14일 05시,목요일,인천광역시 부평구 산곡동,사망사고,1,0,0,0,차대사람 - 횡단중,안전운전불이행,건조,맑음,단일로 - 기타,화물,남,27세,상해없음,보행자,남,71세,사망
2019031400100069,2019년 3월 14일 05시,목요일,인천광역시 남동구 만수동,중상사고,0,1,0,0,차대차 - 측면충돌,신호위반,건조,맑음,교차로 - 교차로안,승용,여,38세,상해없음,화물,남,37세,중상
2019031400100084,2019년 3월 14일 06시,목요일,인천광역시 강화군 강화읍,중상사고,0,1,0,0,차대사람 - 길가장자리구역통행중,안전운전불이행,건조,맑음,단일로 - 기타,승합,남,51세,상해없음,보행자,남,73세,중상
2019031400100104,2019년 3월 14일 07시,목요일,인천광역시 부평구 십정동,경상사고,0,0,1,0,차대차 - 측면충돌,안전운전불이행,건조,맑음,교차로 - 교차로부근,승용,남,57세,상해없음,승용,남,38세,경상
2019031400100105,2019년 3월 14일 07시,목요일,인천광역시 남동구 간석동,경상사고,0,0,1,0,차대사람 - 기타,안전운전불이행,건조,맑음,단일로 - 기타,승합,남,27세,상해없음,보행자,남,27세,경상
2019031400100157,2019년 3월 14일 08시,목요일,인천광역시 부평구 갈산동,경상사고,0,0,1,0,차대차 - 측면충돌,차로위반,건조,맑음,단일로 - 기타,화물,남,58세,상해없음,승용,남,42세,경상
2019031400100158,2019년 3월 14일 08시,목요일,인천광역시 서구 신현동,경상사고,0,0,1,0,차대차 - 측면충돌,안전운전불이행,건조,맑음,단일로 - 기타,승용,여,50세,상해없음,승용,여,47세,경상
2019031400100159,2019년 3월 14일 08시,목요일,인천광역시 계양구 병방동,경상사고,0,0,1,0,차대사람 - 길가장자리구역통행중,안전운전불이행,건조,맑음,단일로 - 기타,승용,여,51세,기타불명,보행자,남,10세,경상
2019031400100197,2019년 3월 14일 09시,목요일,인천광역시 서구 왕길동,중상사고,0,1,1,0,차대차 - 기타,안전운전불이행,건조,맑음,교차로 - 교차로안,화물,남,58세,중상,승용,남,54세,경상
2019031400100198,2019년 3월 14일 09시,목요일,인천광역시 서구 신현동,경상사고,0,0,1,0,차대차 - 기타,안전운전불이행,건조,맑음,주차장 - 주차장,승용,남,42세,상해없음,승합,남,63세,경상
2019031400100199,2019년 3월 14일 09시,목요일,인천광역시 연수구 송도동,경상사고,0,0,1,0,차대차 - 추돌,안전운전불이행,건조,맑음,교차로 - 교차로안,승용,남,60세,상해없음,승용,남,36세,경상
2019031400100283,2019년 3월 14일 12시,목요일,인천광역시 남동구 간석동,경상사고,0,0,1,0,차대차 - 측면충돌,안전거리미확보,건조,맑음,단일로 - 기타,승용,남,27세,상해없음,승용,남,21세,경상
2019031400100284,2019년 3월 14일 12시,목요일,인천광역시 남동구 구월동,경상사고,0,0,2,0,차대차 - 측면충돌,교차로운행방법위반,건조,맑음,교차로 - 교차로안,승용,남,47세,기타불명,승용,남,60세,경상
2019031400100373,2019년 3월 14일 15시,목요일,인천광역시 남동구 구월동,사망사고,1,0,0,0,차대사람 - 횡단중,안전운전불이행,건조,맑음,교차로 - 교차로안,승용,남,67세,상해없음,보행자,남,81세,사망
2019031400100411,2019년 3월 14일 16시,목요일,인천광역시 강화군 강화읍,경상사고,0,0,1,0,차대사람 - 길가장자리구역통행중,안전운전불이행,건조,맑음,기타 - 기타,화물,남,60세,상해없음,보행자,여,67세,경상
2019031400100413,2019년 3월 14일 16시,목요일,인천광역시 중구 운남동,경상사고,0,0,1,0,차대차 - 추돌,안전운전불이행,건조,맑음,단일로 - 교량,건설기계,남,48세,상해없음,승용,여,64세,경상
2019031400100438,2019년 3월 14일 17시,목요일,인천광역시 서구 심곡동,중상사고,0,1,0,0,차대차 - 측면충돌,안전거리미확보,건조,맑음,단일로 - 기타,화물,남,61세,상해없음,이륜,남,53세,중상
2019031400100439,2019년 3월 14일 17시,목요일,인천광역시 서구 신현동,경상사고,0,0,1,0,차대차 - 추돌,중앙선침범,건조,맑음,단일로 - 기타,승합,남,72세,상해없음,화물,남,56세,경상
2019031400100440,2019년 3월 14일 17시,목요일,인천광역시 강화군 강화읍,중상사고,0,1,0,0,차대사람 - 기타,안전운전불이행,건조,맑음,기타 - 기타,승용,남,61세,상해없음,보행자,여,57세,중상
2019031400100482,2019년 3월 14일 18시,목요일,인천광역시 남동구 간석동,중상사고,0,1,2,0,차대차 - 측면충돌,교차로운행방법위반,건조,맑음,교차로 - 교차로안,화물,남,59세,경상,승용,여,36세,중상
2019031400100483,2019년 3월 14일 18시,목요일,인천광역시 계양구 용종동,중상사고,0,1,0,0,차대차 - 측면충돌,안전운전불이행,건조,맑음,교차로 - 교차로부근,화물,남,64세,상해없음,승용,여,54세,중상
2019031400100484,2019년 3월 14일 18시,목요일,인천광역시 남동구 서창동,경상사고,0,0,1,0,차대차 - 측면충돌,안전운전불이행,건조,맑음,단일로 - 기타,승용,남,51세,상해없음,승용,남,52세,경상
2019031400100527,2019년 3월 14일 19시,목요일,인천광역시 계양구 계산동,경상사고,0,0,1,0,차대차 - 측면충돌,안전거리미확보,건조,맑음,단일로 - 기타,승용,여,24세,상해없음,이륜,남,47세,경상
2019031400100528,2019년 3월 14일 19시,목요일,인천광역시 부평구 부개동,중상사고,0,1,7,0,차대차 - 기타,안전운전불이행,건조,맑음,교차로 - 교차로안,승용,여,46세,경상,승합,남,67세,중상
2019031400100586,2019년 3월 14일 21시,목요일,인천광역시 부평구 부개동,경상사고,0,0,1,0,차대사람 - 차도통행중,안전운전불이행,건조,맑음,단일로 - 기타,승용,남,59세,상해없음,보행자,여,62세,경상
2019031400100615,2019년 3월 14일 22시,목요일,인천광역시 미추홀구 주안동,부상신고사고,0,0,0,1,차대차 - 측면충돌,중앙선침범,건조,맑음,단일로 - 기타,승용,남,35세,기타불명,승용,여,45세,부상신고
2019031400100616,2019년 3월 14일 22시,목요일,인천광역시 연수구 선학동,경상사고,0,0,2,0,차대차 - 추돌,안전운전불이행,건조,맑음,교차로 - 교차로안,승용,남,35세,상해없음,승합,남,29세,경상
2019031400100639,2019년 3월 14일 23시,목요일,인천광역시 강화군 강화읍,경상사고,0,0,1,0,차대차 - 측면충돌,신호위반,건조,맑음,교차로 - 교차로안,승용,남,49세,상해없음,승용,남,58세,경상
2019031400100640,2019년 3월 14일 23시,목요일,인천광역시 부평구 구산동,중상사고,0,3,3,0,차대차 - 추돌,안전운전불이행,건조,맑음,단일로 - 기타,승용,남,22세,상해없음,승용,남,32세,중상
2019031500100034,2019년 3월 15일 00시,금요일,인천광역시 연수구 연수동,경상사고,0,0,1,0,차대차 - 정면충돌,중앙선침범,건조,맑음,교차로 - 교차로부근,승용,남,31세,상해없음,이륜,남,33세,경상
2019031500100048,2019년 3월 15일 01시,금요일,인천광역시 중구 항동7가,경상사고,0,0,1,0,차대차 - 측면충돌,신호위반,건조,맑음,교차로 - 교차로안,화물,남,54세,상해없음,승용,남,39세,경상
2019031500100049,2019년 3월 15일 01시,금요일,인천광역시 부평구 청천동,경상사고,0,0,1,0,차대차 - 추돌,안전운전불이행,건조,맑음,단일로 - 기타,승용,남,23세,상해없음,승용,남,63세,경상
2019031500100109,2019년 3월 15일 07시,금요일,인천광역시 부평구 청천동,경상사고,0,0,1,0,차대사람 - 기타,안전운전불이행,건조,맑음,단일로 - 기타,승합,남,56세,상해없음,보행자,여,52세,경상
2019031500100110,2019년 3월 15일 07시,금요일,인천광역시 부평구 구산동,경상사고,0,0,1,0,차대차 - 측면충돌,안전운전불이행,건조,맑음,단일로 - 기타,승용,여,37세,상해없음,승용,남,33세,경상
2019031500100156,2019년 3월 15일 08시,금요일,인천광역시 남동구 구월동,경상사고,0,0,1,0,차대차 - 측면충돌,안전거리미확보,건조,맑음,단일로 - 기타,승용,여,43세,상해없음,승용,여,38세,경상
2019031500100157,2019년 3월 15일 08시,금요일,인천광역시 남동구 구월동,중상사고,0,1,1,0,차대차 - 측면충돌,안전운전불이행,건조,맑음,기타 - 기타,승용,남,58세,중상,승용,남,64세,경상
2019031500100158,2019년 3월 15일 08시,금요일,인천광역시 서구 석남동,경상사고,0,0,1,0,차대차 - 후진중충돌,안전운전불이행,건조,맑음,단일로 - 기타,승용,남,66세,상해없음,승용,여,44세,경상
2019031500100179,2019년 3월 15일 09시,금요일,인천광역시 서구 왕길동,중상사고,0,1,0,0,차대사람 - 횡단중,안전운전불이행,건조,맑음,교차로 - 교차로횡단보도내,승용,여,41세,기타불명,보행자,남,54세,중상
2019031500100180,2019년 3월 15일 09시,금요일,인천광역시 연수구 송도동,경상사고,0,0,1,0,차대차 - 측면충돌,교차로운행방법위반,건조,맑음,교차로 - 교차로안,승용,여,55세,상해없음,승용,여,48세,경상
2019031500100241,2019년 3월 15일 11시,금요일,인천광역시 남동구 만수동,중상사고,0,1,0,0,차량단독 - 기타,기타,건조,맑음,단일로 - 기타,승합,남,67세,상해없음,,,,
2019031500100242,2019년 3월 15일 11시,금요일,인천광역시 서구 석남동,부상신고사고,0,0,0,1,차대사람 - 기타,안전운전불이행,건조,맑음,기타 - 기타,승용,남,30세,기타불명,보행자,여,56세,부상신고
2019031500100243,2019년 3월 15일 11시,금요일,인천광역시 서구 가좌동,중상사고,0,1,0,0,차대차 - 기타,안전운전불이행,건조,맑음,교차로 - 교차로부근,건설기계,남,51세,기타불명,이륜,남,34세,중상
2019031500100244,2019년 3월 15일 11시,금요일,인천광역시 연수구 선학동,경상사고,0,0,1,0,차대차 - 측면충돌,안전운전불이행,건조,맑음,교차로 - 교차로부근,승용,남,40세,상해없음,화물,여,43세,경상
2019031500100273,2019년 3월 15일 12시,금요일,인천광역시 중구 북성동1가,경상사고,0,0,2,0,차대차 - 측면충돌,교차로운행방법위반,건조,맑음,교차로 - 교차로부근,승용,남,70세,경상,승용,여,40세,경상
2019031500100303,2019년 3월 15일 13시,금요일,인천광역시 남동구 남촌동,경상사고,0,0,1,0,차대차 - 측면충돌,안전운전불이행,건조,맑음,단일로 - 기타,승용,남,60세,상해없음,화물,남,53세,경상
2019031500100376,2019년 3월 15일 15시,금요일,인천광역시 연수구 동춘동,중상사고,0,1,0,0,차대차 - 측면충돌,신호위반,건조,맑음,교차로 - 교차로부근,화물,남,69세,상해없음,자전거,남,30세,중상
2019031500100377,2019년 3월 15일 15시,금요일,인천광역시 부평구 부개동,경상사고,0,0,1,0,차대사람 - 횡단중,안전운전불이행,건조,맑음,단일로 - 기타,화물,남,54세,상해없음,보행자,남,60세,경상
2019031500100378,2019년 3월 15일 15시,금요일,인천광역시 남동구 서창동,부상신고사고,0,0,0,2,차대차 - 측면충돌,안전거리미확보,건조,맑음,단일로 - 교량,승용,남,59세,부상신고,승용,남,36세,부상신고
2019031500100426,2019년 3월 15일 16시,금요일,인천광역시 부평구 산곡동,경상사고,0,0,1,0,차대차 - 측면충돌,안전운전불이행,젖음/습기,비,교차로 - 교차로안,승용,남,35세,상해없음,승용,남,58세,경상
2019031500100427,2019년 3월 15일 16시,금요일,인천광역시 부평구 산곡동,경상사고,0,0,1,0,차대사람 - 차도통행중,안전운전불이행,젖음/습기,비,교차로 - 교차로안,승용,여,25세,상해없음,보행자,여,42세,경상
2019031500100428,2019년 3월 15일 16시,금요일,인천광역시 남동구 간석동,경상사고,0,0,1,0,차대차 - 측면충돌,안전거리미확보,젖음/습기,맑음,단일로 - 기타,승용,남,56세,상해없음,승용,남,32세,경상
2019031500100429,2019년 3월 15일 16시,금요일,인천광역시 연수구 송도동,중상사고,0,1,0,0,차대차 - 측면충돌,신호위반,젖음/습기,맑음,교차로 - 교차로횡단보도내,승용,남,26세,상해없음,이륜,남,50세,중상
2019031500100477,2019년 3월 15일 17시,금요일,인천광역시 남동구 구월동,경상사고,0,0,1,0,차대차 - 기타,안전운전불이행,건조,흐림,기타 - 기타,화물,남,45세,상해없음,승용,남,27세,경상
2019031500100534,2019년 3월 15일 18시,금요일,인천광역시 서구 청라동,경상사고,0,0,1,0,차대차 - 기타,안전운전불이행,건조,맑음,교차로 - 교차로부근,승용,남,45세,상해없음,자전거,남,21세,경상
2019031500100584,2019년 3월 15일 19시,금요일,인천광역시 남동구 만수동,경상사고,0,0,1,0,차대차 - 측면충돌,신호위반,젖음/습기,비,교차로 - 교차로안,이륜,남,20세,경상,승용,남,33세,상해없음
2019031600100061,2019년 3월 16일 01시,토요일,인천광역시 남동구 간석동,경상사고,0,0,1,0,차대차 - 측면충돌,신호위반,건조,맑음,교차로 - 교차로안,승용,남,48세,상해없음,승용,남,37세,경상
2019031600100093,2019년 3월 16일 04시,토요일,인천광역시 부평구 청천동,경상사고,0,0,1,0,차대차 - 측면충돌,신호위반,건조,맑음,교차로 - 교차로안,승용,남,19세,기타불명,승용,남,56세,경상
2019031600100094,2019년 3월 16일 04시,토요일,인천광역시 서구 석남동,부상신고사고,0,0,0,1,차대사람 - 차도통행중,안전운전불이행,건조,맑음,단일로 - 기타,기타불명,기타불명,미분류,기타불명,보행자,남,29세,부상신고
2019031600100107,2019년 3월 16일 05시,토요일,인천광역시 서구 석남동,부상신고사고,0,0,0,1,차대사람 - 기타,안전운전불이행,건조,맑음,단일로 - 기타,화물,남,52세,상해없음,보행자,남,50세,부상신고
2019031600100161,2019년 3월 16일 08시,토요일,인천광역시 중구 운서동,경상사고,0,0,2,0,차대차 - 측면충돌,안전운전불이행,건조,맑음,단일로 - 기타,승용,남,54세,경상,승용,남,58세,경상
2019031600100188,2019년 3월 16일 09시,토요일,인천광역시 부평구 부개동,경상사고,0,0,2,0,차대차 - 후진중충돌,안전운전불이행,건조,맑음,교차로 - 교차로부근,승용,남,70세,상해없음,승용,남,46세,경상
2019031600100288,2019년 3월 16일 12시,토요일,인천광역시 미추홀구 주안동,경상사고,0,0,1,0,차대사람 - 길가장자리구역통행중,안전운전불이행,건조,맑음,단일로 - 기타,승용,남,38세,상해없음,보행자,여,24세,경상
2019031600100289,2019년 3월 16일 12시,토요일,인천광역시 서구 당하동,경상사고,0,0,3,0,차대차 - 기타,안전운전불이행,건조,맑음,교차로 - 교차로안,승용,남,61세,상해없음,승용,여,55세,경상
2019031600100290,2019년 3월 16일 12시,토요일,인천광역시 서구 금곡동,경상사고,0,0,1,0,차대차 - 기타,안전운전불이행,건조,맑음,교차로 - 교차로부근,승용,남,57세,기타불명,승용,여,56세,경상
2019031600100333,2019년 3월 16일 13시,토요일,인천광역시 부평구 산곡동,경상사고,0,0,1,0,차대사람 - 길가장자리구역통행중,안전운전불이행,건조,맑음,단일로 - 기타,승용,남,49세,상해없음,보행자,여,33세,경상
2019031600100334,2019년 3월 16일 13시,토요일,인천광역시 남동구 구월동,경상사고,0,0,1,0,차대사람 - 기타,보행자보호의무위반,건조,맑음,교차로 - 교차로안,승용,남,60세,상해없음,보행자,여,8세,경상
2019031600100479,2019년 3월 16일 17시,토요일,인천광역시 부평구 청천동,중상사고,0,1,0,0,차대차 - 추돌,안전운전불이행,건조,맑음,단일로 - 기타,승용,남,57세,상해없음,승용,남,44세,중상
2019031600100504,2019년 3월 16일 18시,토요일,인천광역시 동구 송현동,경상사고,0,0,5,0,차대차 - 추돌,안전운전불이행,건조,맑음,단일로 - 터널,승용,남,30세,상해없음,승용,여,31세,경상
2019031600100533,2019년 3월 16일 19시,토요일,인천광역시 서구 대곡동,경상사고,0,0,1,0,차대차 - 기타,안전운전불이행,건조,맑음,단일로 - 기타,승용,남,58세,기타불명,승용,남,43세,경상
2019031600100534,2019년 3월 16일 19시,토요일,인천광역시 남동구 논현동,경상사고,0,0,2,0,차대차 - 추돌,안전운전불이행,건조,맑음,단일로 - 고가도로위,승용,남,24세,상해없음,승용,남,52세,경상
2019031600100601,2019년 3월 16일 22시,토요일,인천광역시 계양구 계산동,중상사고,0,1,0,0,차대사람 - 기타,안전운전불이행,건조,맑음,교차로 - 교차로부근,화물,남,72세,상해없음,보행자,남,54세,중상
2019031700100031,2019년 3월 17일 00시,일요일,인천광역시 부평구 산곡동,경상사고,0,0,3,0,차대차 - 기타,안전운전불이행,건조,맑음,단일로 - 기타,승용,남,56세,상해없음,승용,남,56세,경상
2019031700100064,2019년 3월 17일 02시,일요일,인천광역시 부평구 부평동,경상사고,0,0,1,0,차대차 - 측면충돌,안전운전불이행,건조,맑음,단일로 - 기타,승용,남,60세,상해없음,승용,남,35세,경상
2019031700100091,2019년 3월 17일 05시,일요일,인천광역시 남동구 구월동,중상사고,0,1,0,0,차대사람 - 기타,안전운전불이행,건조,맑음,단일로 - 기타,승용,남,58세,상해없음,보행자,남,53세,중상
2019031700100092,2019년 3월 17일 05시,일요일,인천광역시 연수구 연수동,경상사고,0,0,4,0,차대차 - 추돌,안전운전불이행,건조,맑음,교차로 - 교차로부근,승용,남,33세,상해없음,승용,남,44세,경상
2019031700100103,2019년 3월 17일 06시,일요일,인천광역시 남동구 장수동,경상사고,0,0,1,0,차대차 - 측면충돌,안전거리미확보,건조,맑음,단일로 - 기타,승용,남,55세,상해없음,승용,남,59세,경상
2019031700100140,2019년 3월 17일 09시,일요일,인천광역시 서구 원당동,경상사고,0,0,2,0,차대차 - 기타,안전거리미확보,건조,맑음,단일로 - 기타,승용,여,44세,상해없음,승합,남,45세,경상
2019031700100158,2019년 3월 17일 10시,일요일,인천광역시 남동구 만수동,경상사고,0,0,1,0,차대사람 - 횡단중,안전운전불이행,건조,맑음,교차로 - 교차로안,화물,남,30세,상해없음,보행자,남,12세,경상
2019031700100159,2019년 3월 17일 10시,일요일,인천광역시 부평구 일신동,경상사고,0,0,2,0,차대차 - 추돌,안전거리미확보,건조,맑음,단일로 - 기타,승용,남,43세,상해없음,승용,남,19세,경상
2019031700100179,2019년 3월 17일 11시,일요일,인천광역시 미추홀구 숭의동,경상사고,0,0,5,0,차대차 - 측면충돌,안전운전불이행,건조,맑음,교차로 - 교차로부근,이륜,남,62세,경상,승용,남,39세,경상
2019031700100180,2019년 3월 17일 11시,일요일,인천광역시 남동구 서창동,경상사고,0,0,4,0,차대차 - 측면충돌,교차로운행방법위반,건조,맑음,교차로 - 교차로안,승용,남,36세,경상,승용,남,78세,경상
2019031700100211,2019년 3월 17일 12시,일요일,인천광역시 중구 운서동,중상사고,0,1,0,0,차대차 - 측면충돌,신호위반,건조,맑음,교차로 - 교차로안,기타불명,기타불명,미분류,기타불명,승합,남,56세,상해없음
2019031700100212,2019년 3월 17일 12시,일요일,인천광역시 남동구 구월동,경상사고,0,0,1,0,차대차 - 추돌,안전운전불이행,건조,맑음,기타 - 기타,화물,남,63세,경상,건설기계,남,52세,상해없음
2019031700100213,2019년 3월 17일 12시,일요일,인천광역시 서구 당하동,경상사고,0,0,1,0,차대차 - 측면충돌,안전운전불이행,건조,맑음,교차로 - 교차로부근,승용,남,61세,상해없음,승용,남,24세,경상
2019031700100214,2019년 3월 17일 12시,일요일,인천광역시 계양구 계산동,경상사고,0,0,1,0,차대차 - 후진중충돌,안전운전불이행,건조,맑음,교차로 - 교차로부근,승용,남,71세,상해없음,이륜,남,39세,경상
2019031700100215,2019년 3월 17일 12시,일요일,인천광역시 강화군 강화읍,경상사고,0,0,2,0,차대차 - 추돌,안전운전불이행,건조,맑음,교차로 - 교차로부근,승용,남,26세,상해없음,승용,남,26세,경상
2019031700100216,2019년 3월 17일 12시,일요일,인천광역시 부평구 부평동,경상사고,0,0,1,0,차대차 - 측면충돌,안전운전불이행,건조,맑음,교차로 - 교차로부근,승용,남,56세,상해없음,승용,남,28세,경상
2019031700100217,2019년 3월 17일 12시,일요일,인천광역시 남동구 도림동,경상사고,0,0,1,0,차대차 - 추돌,안전운전불이행,건조,맑음,단일로 - 기타,승용,여,39세,상해없음,승용,남,38세,경상
2019031700100252,2019년 3월 17일 13시,일요일,인천광역시 연수구 송도동,경상사고,0,0,3,0,차대차 - 측면충돌,신호위반,건조,맑음,교차로 - 교차로부근,승용,여,52세,경상,승용,남,40세,경상
2019031700100253,2019년 3월 17일 13시,일요일,인천광역시 부평구 갈산동,경상사고,0,0,1,0,차대차 - 기타,교차로운행방법위반,건조,맑음,교차로 - 교차로횡단보도내,승용,남,51세,상해없음,자전거,여,49세,경상
2019031700100254,2019년 3월 17일 13시,일요일,인천광역시 남동구 논현동,경상사고,0,0,1,0,차대사람 - 기타,안전운전불이행,건조,맑음,교차로 - 교차로안,승용,남,53세,상해없음,보행자,남,24세,경상
2019031700100292,2019년 3월 17일 14시,일요일,인천광역시 미추홀구 도화동,경상사고,0,0,1,2,차대차 - 측면충돌,신호위반,건조,맑음,교차로 - 교차로안,승용,남,60세,상해없음,승용,여,31세,경상
2019031700100293,2019년 3월 17일 14시,일요일,인천광역시 강화군 선원면,중상사고,0,1,0,0,차대차 - 측면충돌,안전운전불이행,건조,맑음,단일로 - 기타,농기계,남,75세,상해없음,이륜,남,77세,중상
2019031700100319,2019년 3월 17일 15시,일요일,인천광역시 부평구 부평동,경상사고,0,0,1,0,차대차 - 측면충돌,안전운전불이행,건조,맑음,교차로 - 교차로부근,승용,남,29세,상해없음,승용,여,38세,경상
2019031700100320,2019년 3월 17일 15시,일요일,인천광역시 남동구 구월동,경상사고,0,0,1,0,차대차 - 추돌,안전거리미확보,건조,맑음,단일로 - 기타,승용,남,27세,상해없음,이륜,남,27세,경상
2019031700100355,2019년 3월 17일 16시,일요일,인천광역시 부평구 산곡동,경상사고,0,0,1,0,차대차 - 측면충돌,차로위반,건조,맑음,단일로 - 기타,승용,남,22세,상해없음,승용,여,60세,경상
2019031700100356,2019년 3월 17일 16시,일요일,인천광역시 남동구 만수동,경상사고,0,0,2,0,차대차 - 측면충돌,교차로운행방법위반,건조,맑음,교차로 - 교차로안,승용,남,24세,상해없음,승용,남,58세,경상
2019031700100453,2019년 3월 17일 20시,일요일,인천광역시 중구 운서동,중상사고,0,1,0,0,차대차 - 추돌,안전운전불이행,건조,맑음,단일로 - 기타,승용,남,69세,상해없음,승용,여,24세,중상
2019031700100454,2019년 3월 17일 20시,일요일,인천광역시 남동구 만수동,경상사고,0,0,2,0,차대차 - 정면충돌,신호위반,건조,맑음,교차로 - 교차로안,승용,남,55세,상해없음,승용,남,68세,경상
2019031700100500,2019년 3월 17일 22시,일요일,인천광역시 남동구 논현동,경상사고,0,0,2,0,차대차 - 측면충돌,안전운전불이행,건조,맑음,교차로 - 교차로부근,승용,남,28세,상해없음,승용,남,25세,경상
2019031800100031,2019년 3월 18일 00시,월요일,인천광역시 부평구 십정동,경상사고,0,0,1,0,차대사람 - 기타,안전운전불이행,건조,맑음,단일로 - 기타,승용,여,35세,상해없음,보행자,남,26세,경상
2019031800100080,2019년 3월 18일 06시,월요일,인천광역시 부평구 십정동,경상사고,0,0,6,0,차대차 - 기타,안전운전불이행,건조,맑음,단일로 - 기타,화물,남,37세,상해없음,승합,남,64세,경상
2019031800100144,2019년 3월 18일 08시,월요일,인천광역시 서구 당하동,경상사고,0,0,1,0,차대차 - 추돌,안전운전불이행,건조,맑음,단일로 - 기타,화물,남,54세,상해없음,승용,남,51세,경상