사고번호,사고일시,요일,시군구,사고내용,사망자수,중상자수,경상자수,부상신고자수,사고유형,법규위반,노면상태,기상상태,도로형태,가해운전자 차종,가해운전자 성별,가해운전자 연령,가해운전자 상해정도,피해운전자 차종,피해운전자 성별,피해운전자 연령,피해운전자 상해정도
2019040300100536,2019년 4월 3일 19시,수요일,인천광역시 부평구 부평동,중상사고,0,1,0,0,차대사람 - 횡단중,보행자보호의무위반,건조,맑음,교차로 - 교차로안,승용,남,28세,상해없음,보행자,여,61세,중상
2019040300100537,2019년 4월 3일 19시,수요일,인천광역시 계양구 계산동,경상사고,0,0,1,0,차대차 - 측면충돌,교차로운행방법위반,건조,맑음,교차로 - 교차로안,승용,여,45세,상해없음,이륜,남,18세,경상
2019040300100538,2019년 4월 3일 19시,수요일,인천광역시 남동구 논현동,중상사고,0,1,1,0,차대차 - 측면충돌,신호위반,건조,맑음,교차로 - 교차로안,이륜,남,30세,중상,승용,남,45세,경상
2019040300100591,2019년 4월 3일 21시,수요일,인천광역시 부평구 부평동,경상사고,0,0,1,0,차대사람 - 기타,안전운전불이행,건조,흐림,단일로 - 기타,승용,여,30세,상해없음,보행자,여,24세,경상
2019040300100639,2019년 4월 3일 23시,수요일,인천광역시 서구 공촌동,경상사고,0,0,2,0,차대차 - 추돌,안전운전불이행,건조,맑음,교차로 - 교차로부근,승용,남,66세,상해없음,승용,남,57세,경상
2019040400100026,2019년 4월 4일 00시,목요일,인천광역시 미추홀구 주안동,중상사고,0,1,0,0,차대차 - 측면충돌,안전운전불이행,건조,맑음,교차로 - 교차로안,승용,남,48세,상해없음,이륜,남,43세,중상
2019040400100037,2019년 4월 4일 01시,목요일,인천광역시 서구 연희동,중상사고,0,2,0,0,차대사람 - 횡단중,신호위반,건조,맑음,교차로 - 교차로횡단보도내,이륜,남,16세,중상,보행자,남,27세,중상
2019040400100049,2019년 4월 4일 02시,목요일,인천광역시 연수구 연수동,중상사고,0,1,0,0,차대사람 - 기타,안전운전불이행,건조,맑음,단일로 - 기타,승용,남,32세,상해없음,보행자,남,31세,중상
2019040400100084,2019년 4월 4일 06시,목요일,인천광역시 서구 청라동,경상사고,0,0,1,0,차대차 - 측면충돌,신호위반,건조,맑음,교차로 - 교차로안,승용,남,61세,상해없음,승용,여,44세,경상
2019040400100165,2019년 4월 4일 08시,목요일,인천광역시 미추홀구 용현동,경상사고,0,0,2,0,차대차 - 측면충돌,안전운전불이행,건조,맑음,교차로 - 교차로부근,승용,여,42세,기타불명,승용,여,35세,경상
2019040400100166,2019년 4월 4일 08시,목요일,인천광역시 부평구 부평동,사망사고,1,0,0,0,차대차 - 기타,신호위반,건조,맑음,교차로 - 교차로안,이륜,남,45세,사망,화물,남,62세,상해없음
2019040400100167,2019년 4월 4일 08시,목요일,인천광역시 서구 원창동,경상사고,0,0,2,0,차대차 - 추돌,안전거리미확보,건조,맑음,단일로 - 기타,승용,여,41세,상해없음,승용,여,42세,경상
2019040400100168,2019년 4월 4일 08시,목요일,인천광역시 계양구 갈현동,중상사고,0,1,2,0,차대차 - 추돌,안전운전불이행,건조,맑음,단일로 - 기타,승용,여,37세,상해없음,승용,여,48세,중상
2019040400100169,2019년 4월 4일 08시,목요일,인천광역시 부평구 부평동,부상신고사고,0,0,0,1,차대차 - 측면충돌,신호위반,건조,맑음,교차로 - 교차로안,승합,남,33세,상해없음,이륜,남,54세,부상신고
2019040400100267,2019년 4월 4일 11시,목요일,인천광역시 남동구 간석동,중상사고,0,2,0,0,차대차 - 측면충돌,안전운전불이행,건조,맑음,주차장 - 주차장,승용,남,63세,상해없음,승용,남,27세,중상
2019040400100268,2019년 4월 4일 11시,목요일,인천광역시 남동구 구월동,경상사고,0,0,1,0,차대차 - 측면충돌,안전운전불이행,건조,맑음,단일로 - 기타,승용,남,75세,상해없음,승합,남,37세,경상
2019040400100301,2019년 4월 4일 12시,목요일,인천광역시 강화군 길상면,중상사고,0,1,0,0,차대차 - 정면충돌,중앙선침범,건조,맑음,단일로 - 기타,승용,남,65세,상해없음,승용,남,58세,상해없음
2019040400100326,2019년 4월 4일 13시,목요일,인천광역시 계양구 병방동,중상사고,0,1,0,0,차대사람 - 횡단중,안전운전불이행,건조,맑음,교차로 - 교차로부근,승용,여,41세,상해없음,보행자,여,79세,중상
2019040400100354,2019년 4월 4일 14시,목요일,인천광역시 서구 신현동,경상사고,0,0,1,0,차량단독 - 기타,안전운전불이행,건조,맑음,단일로 - 기타,승합,남,70세,상해없음,,,,
2019040400100386,2019년 4월 4일 15시,목요일,인천광역시 부평구 갈산동,경상사고,0,0,4,0,차대차 - 기타,안전거리미확보,건조,맑음,단일로 - 기타,승용,남,41세,경상,승합,남,52세,경상
2019040400100430,2019년 4월 4일 16시,목요일,인천광역시 계양구 계산동,중상사고,0,2,0,0,차대차 - 정면충돌,신호위반,건조,맑음,교차로 - 교차로부근,승용,남,36세,상해없음,이륜,남,52세,중상
2019040400100527,2019년 4월 4일 18시,목요일,인천광역시 미추홀구 도화동,중상사고,0,1,0,0,차대사람 - 횡단중,보행자보호의무위반,건조,맑음,기타 - 기타,승용,남,44세,상해없음,보행자,여,8세,중상
2019040400100528,2019년 4월 4일 18시,목요일,인천광역시 계양구 임학동,경상사고,0,0,1,0,차대사람 - 기타,안전운전불이행,건조,맑음,단일로 - 기타,이륜,남,49세,기타불명,보행자,남,17세,경상
2019040400100558,2019년 4월 4일 19시,목요일,인천광역시 미추홀구 주안동,중상사고,0,1,0,0,차대차 - 측면충돌,신호위반,건조,맑음,교차로 - 교차로안,승합,남,46세,상해없음,승용,여,33세,중상
2019040400100598,2019년 4월 4일 20시,목요일,인천광역시 미추홀구 용현동,부상신고사고,0,0,0,1,차대사람 - 기타,안전운전불이행,건조,맑음,단일로 - 기타,화물,남,53세,상해없음,보행자,여,22세,부상신고
2019040400100599,2019년 4월 4일 20시,목요일,인천광역시 남동구 간석동,경상사고,0,0,1,0,차대차 - 측면충돌,기타,건조,맑음,단일로 - 기타,승용,남,58세,상해없음,이륜,남,18세,경상
2019040400100651,2019년 4월 4일 22시,목요일,인천광역시 서구 경서동,경상사고,0,0,3,0,차대차 - 기타,신호위반,건조,맑음,교차로 - 교차로안,승용,여,22세,기타불명,승용,남,27세,경상
2019040500100048,2019년 4월 5일 00시,금요일,인천광역시 서구 당하동,중상사고,0,1,1,0,차대차 - 기타,안전운전불이행,건조,맑음,교차로 - 교차로안,이륜,남,37세,중상,승용,남,23세,경상
2019040500100057,2019년 4월 5일 01시,금요일,인천광역시 부평구 부평동,중상사고,0,2,1,0,차대차 - 기타,신호위반,건조,맑음,교차로 - 교차로안,이륜,남,15세,중상,승용,남,61세,경상
2019040500100080,2019년 4월 5일 05시,금요일,인천광역시 서구 청라동,경상사고,0,0,1,0,차대차 - 측면충돌,신호위반,건조,맑음,교차로 - 교차로안,화물,남,61세,상해없음,승용,남,23세,경상
2019040500100148,2019년 4월 5일 08시,금요일,인천광역시 서구 오류동,경상사고,0,0,1,0,차대차 - 추돌,안전운전불이행,건조,맑음,교차로 - 교차로부근,승용,여,30세,상해없음,승용,여,40세,경상
2019040500100205,2019년 4월 5일 10시,금요일,인천광역시 미추홀구 문학동,중상사고,0,1,0,0,차대사람 - 횡단중,보행자보호의무위반,건조,맑음,교차로 - 교차로부근,승용,남,44세,상해없음,보행자,여,56세,중상
2019040500100206,2019년 4월 5일 10시,금요일,인천광역시 남동구 고잔동,중상사고,0,1,0,0,차대차 - 기타,안전운전불이행,젖음/습기,맑음,단일로 - 기타,화물,남,60세,상해없음,원동기,남,33세,중상
2019040500100257,2019년 4월 5일 12시,금요일,인천광역시 서구 청라동,중상사고,0,1,2,0,차대차 - 측면충돌,신호위반,건조,맑음,교차로 - 교차로안,화물,남,24세,상해없음,승용,남,63세,경상
2019040500100325,2019년 4월 5일 14시,금요일,인천광역시 남동구 구월동,중상사고,0,1,0,0,차대사람 - 기타,보행자보호의무위반,건조,맑음,단일로 - 기타,승용,남,27세,상해없음,보행자,여,9세,중상
2019040500100326,2019년 4월 5일 14시,금요일,인천광역시 강화군 강화읍,경상사고,0,0,1,0,차대차 - 후진중충돌,불법유턴,기타,맑음,기타 - 기타,승용,남,59세,상해없음,이륜,남,81세,경상
2019040500100368,2019년 4월 5일 15시,금요일,인천광역시 미추홀구 학익동,경상사고,0,0,2,0,차대차 - 측면충돌,안전운전불이행,건조,맑음,단일로 - 기타,승용,여,59세,상해없음,승용,여,52세,경상
2019040500100369,2019년 4월 5일 15시,금요일,인천광역시 서구 연희동,중상사고,0,1,0,0,차대차 - 기타,안전운전불이행,건조,맑음,단일로 - 기타,이륜,남,61세,중상,화물,남,35세,상해없음
2019040500100464,2019년 4월 5일 17시,금요일,인천광역시 남동구 구월동,경상사고,0,0,2,0,차대차 - 추돌,안전거리미확보,건조,맑음,단일로 - 기타,승용,남,66세,상해없음,승용,남,48세,경상
2019040500100465,2019년 4월 5일 17시,금요일,인천광역시 서구 당하동,부상신고사고,0,0,0,1,차대차 - 측면충돌,교차로운행방법위반,건조,맑음,교차로 - 교차로안,기타불명,기타불명,미분류,기타불명,승합,여,58세,부상신고
2019040500100466,2019년 4월 5일 17시,금요일,인천광역시 서구 검암동,중상사고,0,1,0,0,차대차 - 기타,안전운전불이행,건조,맑음,기타 - 기타,승용,여,52세,상해없음,승용,남,37세,중상
2019040500100467,2019년 4월 5일 17시,금요일,인천광역시 계양구 작전동,경상사고,0,0,1,0,차대사람 - 횡단중,보행자보호의무위반,건조,맑음,교차로 - 교차로횡단보도내,승용,여,60세,상해없음,보행자,여,52세,경상
2019040500100468,2019년 4월 5일 17시,금요일,인천광역시 부평구 부개동,경상사고,0,0,1,0,차대차 - 측면충돌,신호위반,건조,맑음,교차로 - 교차로부근,승용,남,34세,상해없음,승용,남,44세,경상
2019040500100469,2019년 4월 5일 17시,금요일,인천광역시 남동구 남촌동,경상사고,0,0,1,0,차대차 - 추돌,안전거리미확보,건조,맑음,단일로 - 기타,화물,남,45세,상해없음,승용,남,40세,경상
2019040500100516,2019년 4월 5일 18시,금요일,인천광역시 계양구 계산동,경상사고,0,0,1,0,차대차 - 측면충돌,교차로운행방법위반,건조,맑음,교차로 - 교차로안,승용,남,67세,경상,승합,남,62세,상해없음
2019040500100517,2019년 4월 5일 18시,금요일,인천광역시 남동구 만수동,중상사고,0,1,0,0,차대차 - 측면충돌,안전운전불이행,건조,맑음,교차로 - 교차로부근,승용,여,43세,상해없음,승용,남,69세,중상
2019040500100574,2019년 4월 5일 19시,금요일,인천광역시 연수구 송도동,중상사고,0,1,0,0,차대차 - 측면충돌,신호위반,건조,맑음,교차로 - 교차로안,승용,남,72세,상해없음,이륜,남,18세,중상
2019040500100622,2019년 4월 5일 20시,금요일,인천광역시 미추홀구 주안동,경상사고,0,0,1,0,차대차 - 후진중충돌,안전운전불이행,건조,맑음,단일로 - 기타,승용,남,32세,상해없음,승용,여,55세,경상
2019040500100623,2019년 4월 5일 20시,금요일,인천광역시 계양구 임학동,부상신고사고,0,0,0,1,차대차 - 정면충돌,신호위반,건조,맑음,교차로 - 교차로안,승용,남,25세,상해없음,이륜,남,36세,부상신고
2019040500100656,2019년 4월 5일 21시,금요일,인천광역시 미추홀구 주안동,경상사고,0,0,1,0,차대차 - 측면충돌,안전운전불이행,건조,기타,단일로 - 기타,승용,남,51세,기타불명,승용,남,24세,경상
2019040500100657,2019년 4월 5일 21시,금요일,인천광역시 남동구 고잔동,중상사고,0,1,0,0,차대사람 - 기타,안전운전불이행,건조,맑음,단일로 - 기타,승용,여,33세,상해없음,보행자,남,64세,중상
2019040600100045,2019년 4월 6일 00시,토요일,인천광역시 서구 경서동,중상사고,0,1,0,0,차대차 - 기타,안전운전불이행,건조,맑음,단일로 - 기타,화물,남,69세,상해없음,이륜,남,54세,중상
2019040600100062,2019년 4월 6일 01시,토요일,인천광역시 연수구 연수동,경상사고,0,0,1,0,차대차 - 측면충돌,안전운전불이행,건조,맑음,단일로 - 기타,승용,남,52세,상해없음,승용,남,42세,경상
2019040600100175,2019년 4월 6일 09시,토요일,인천광역시 서구 청라동,경상사고,0,0,1,0,차대차 - 추돌,안전운전불이행,건조,흐림,단일로 - 기타,승용,여,47세,상해없음,승용,여,44세,경상
2019040600100213,2019년 4월 6일 10시,토요일,인천광역시 남동구 구월동,중상사고,0,1,0,0,차대차 - 추돌,안전운전불이행,건조,맑음,단일로 - 기타,승용,남,26세,상해없음,승용,남,65세,중상
2019040600100214,2019년 4월 6일 10시,토요일,인천광역시 남동구 간석동,경상사고,0,0,1,0,차대차 - 측면충돌,안전운전불이행,건조,맑음,교차로 - 교차로부근,승용,여,41세,상해없음,승용,여,50세,경상
2019040600100215,2019년 4월 6일 10시,토요일,인천광역시 부평구 갈산동,경상사고,0,0,1,0,차대차 - 추돌,안전운전불이행,건조,맑음,단일로 - 기타,특수,남,50세,상해없음,승합,남,59세,경상
2019040600100245,2019년 4월 6일 11시,토요일,인천광역시 미추홀구 학익동,경상사고,0,0,1,0,차대차 - 측면충돌,안전운전불이행,건조,맑음,교차로 - 교차로부근,승용,남,53세,경상,특수,남,52세,상해없음
2019040600100246,2019년 4월 6일 11시,토요일,인천광역시 서구 백석동,중상사고,0,1,0,0,차대차 - 측면충돌,안전운전불이행,건조,맑음,단일로 - 기타,화물,남,69세,상해없음,이륜,남,32세,중상
2019040600100247,2019년 4월 6일 11시,토요일,인천광역시 연수구 옥련동,경상사고,0,0,1,0,차대차 - 정면충돌,신호위반,건조,맑음,교차로 - 교차로안,승용,여,47세,상해없음,승용,남,65세,경상
2019040600100281,2019년 4월 6일 12시,토요일,인천광역시 중구 운남동,경상사고,0,0,1,0,차대차 - 측면충돌,안전운전불이행,건조,맑음,단일로 - 기타,승용,남,50세,상해없음,자전거,남,43세,경상
2019040600100282,2019년 4월 6일 12시,토요일,인천광역시 미추홀구 숭의동,중상사고,0,1,1,0,차대차 - 측면충돌,안전운전불이행,건조,맑음,교차로 - 교차로부근,승용,남,54세,상해없음,승용,남,38세,경상
2019040600100283,2019년 4월 6일 12시,토요일,인천광역시 남동구 구월동,경상사고,0,0,1,0,차대차 - 측면충돌,안전운전불이행,건조,맑음,단일로 - 기타,승용,남,72세,상해없음,승용,남,25세,경상
2019040600100284,2019년 4월 6일 12시,토요일,인천광역시 남동구 장수동,경상사고,0,0,1,0,차대차 - 측면충돌,신호위반,건조,맑음,교차로 - 교차로안,승용,남,46세,상해없음,승용,남,40세,경상
2019040600100367,2019년 4월 6일 14시,토요일,인천광역시 남동구 구월동,경상사고,0,0,3,0,차대차 - 측면충돌,안전운전불이행,건조,흐림,주차장 - 주차장,승용,남,44세,상해없음,승용,여,36세,경상
2019040600100368,2019년 4월 6일 14시,토요일,인천광역시 서구 석남동,경상사고,0,0,2,0,차대차 - 기타,안전운전불이행,건조,맑음,단일로 - 기타,자전거,남,14세,경상,이륜,남,37세,경상
2019040600100369,2019년 4월 6일 14시,토요일,인천광역시 부평구 부평동,경상사고,0,0,1,0,차대차 - 측면충돌,중앙선침범,건조,맑음,단일로 - 기타,승용,남,57세,기타불명,이륜,남,38세,경상
2019040600100370,2019년 4월 6일 14시,토요일,인천광역시 부평구 부평동,경상사고,0,0,1,0,차량단독 - 기타,안전운전불이행,건조,맑음,단일로 - 기타,승합,남,66세,상해없음,,,,
2019040600100479,2019년 4월 6일 17시,토요일,인천광역시 부평구 삼산동,경상사고,0,0,3,0,차대차 - 추돌,안전운전불이행,젖음/습기,흐림,단일로 - 기타,승용,남,20세,상해없음,승용,남,38세,상해없음
2019040600100505,2019년 4월 6일 18시,토요일,인천광역시 미추홀구 용현동,경상사고,0,0,1,0,차대차 - 측면충돌,신호위반,건조,맑음,교차로 - 교차로안,승용,여,49세,상해없음,승용,남,26세,경상
2019040600100506,2019년 4월 6일 18시,토요일,인천광역시 남동구 간석동,경상사고,0,0,1,0,차대차 - 추돌,안전운전불이행,건조,맑음,단일로 - 기타,승용,남,64세,상해없음,승용,남,68세,경상
2019040600100547,2019년 4월 6일 19시,토요일,인천광역시 연수구 연수동,중상사고,0,1,0,0,차대차 - 정면충돌,중앙선침범,건조,맑음,단일로 - 기타,승용,여,57세,상해없음,원동기,남,38세,중상
2019040600100575,2019년 4월 6일 20시,토요일,인천광역시 연수구 송도동,경상사고,0,0,3,0,차대차 - 추돌,안전운전불이행,젖음/습기,비,단일로 - 기타,이륜,남,39세,상해없음,승용,남,36세,경상
2019040600100630,2019년 4월 6일 22시,토요일,인천광역시 연수구 연수동,경상사고,0,0,3,0,차대차 - 추돌,안전운전불이행,건조,맑음,단일로 - 기타,승용,남,43세,상해없음,승용,남,59세,경상
2019040600100650,2019년 4월 6일 23시,토요일,인천광역시 남동구 간석동,경상사고,0,0,1,0,차대차 - 측면충돌,안전운전불이행,건조,맑음,교차로 - 교차로안,승용,남,56세,상해없음,기타불명,기타불명,미분류,기타불명
2019040600100651,2019년 4월 6일 23시,토요일,인천광역시 서구 검암동,경상사고,0,0,2,0,차대차 - 추돌,안전운전불이행,건조,맑음,단일로 - 기타,승용,남,68세,상해없음,승용,여,52세,경상
2019040600100652,2019년 4월 6일 23시,토요일,인천광역시 남동구 남촌동,경상사고,0,0,1,0,차대차 - 측면충돌,안전운전불이행,건조,맑음,교차로 - 교차로부근,승용,남,32세,상해없음,승용,남,33세,경상
2019040700100065,2019년 4월 7일 02시,일요일,인천광역시 미추홀구 주안동,중상사고,0,2,0,0,차대차 - 측면충돌,신호위반,건조,맑음,교차로 - 교차로안,승용,남,20세,상해없음,승용,남,67세,중상
2019040700100066,2019년 4월 7일 02시,일요일,인천광역시 계양구 계산동,중상사고,0,1,2,0,차대차 - 측면충돌,신호위반,건조,맑음,교차로 - 교차로안,승용,여,53세,중상,승용,남,40세,경상
2019040700100076,2019년 4월 7일 03시,일요일,인천광역시 미추홀구 주안동,경상사고,0,0,1,0,차대사람 - 기타,안전운전불이행,건조,맑음,기타 - 기타,승용,남,39세,상해없음,보행자,남,31세,경상
2019040700100077,2019년 4월 7일 03시,일요일,인천광역시 부평구 부평동,중상사고,0,1,0,0,차대사람 - 기타,안전운전불이행,건조,맑음,단일로 - 기타,승용,남,24세,상해없음,보행자,남,39세,중상
2019040700100078,2019년 4월 7일 03시,일요일,인천광역시 부평구 부평동,경상사고,0,0,3,0,차대차 - 추돌,안전운전불이행,건조,맑음,단일로 - 기타,승용,남,57세,상해없음,승용,남,44세,경상
2019040700100137,2019년 4월 7일 09시,일요일,인천광역시 미추홀구 주안동,경상사고,0,0,1,0,차대차 - 추돌,안전운전불이행,건조,기타,단일로 - 기타,승용,남,59세,기타불명,화물,여,46세,경상
2019040700100138,2019년 4월 7일 09시,일요일,인천광역시 서구 백석동,중상사고,0,3,0,0,차대차 - 측면충돌,신호위반,건조,맑음,교차로 - 교차로안,승용,여,31세,상해없음,화물,남,67세,중상
2019040700100163,2019년 4월 7일 10시,일요일,인천광역시 부평구 산곡동,경상사고,0,0,2,0,차대차 - 측면충돌,안전운전불이행,건조,맑음,단일로 - 기타,승용,여,31세,경상,승용,남,63세,경상
2019040700100164,2019년 4월 7일 10시,일요일,인천광역시 서구 가정동,경상사고,0,0,1,0,차대차 - 추돌,안전운전불이행,건조,맑음,교차로 - 교차로부근,승용,남,49세,상해없음,승용,남,29세,경상
2019040700100191,2019년 4월 7일 11시,일요일,인천광역시 미추홀구 학익동,경상사고,0,0,1,1,차대차 - 추돌,안전운전불이행,건조,맑음,단일로 - 기타,승용,남,40세,상해없음,승용,남,34세,경상
2019040700100192,2019년 4월 7일 11시,일요일,인천광역시 서구 신현동,중상사고,0,1,0,0,차대사람 - 기타,안전운전불이행,건조,맑음,교차로 - 교차로부근,승합,남,65세,상해없음,보행자,여,60세,중상
2019040700100193,2019년 4월 7일 11시,일요일,인천광역시 연수구 동춘동,경상사고,0,0,1,0,차대차 - 측면충돌,안전거리미확보,건조,맑음,교차로 - 교차로부근,승용,남,64세,상해없음,승용,남,51세,경상
2019040700100213,2019년 4월 7일 12시,일요일,인천광역시 미추홀구 용현동,경상사고,0,0,3,0,차대차 - 측면충돌,안전운전불이행,건조,맑음,교차로 - 교차로안,승용,남,69세,상해없음,승용,남,36세,경상
2019040700100214,2019년 4월 7일 12시,일요일,인천광역시 미추홀구 숭의동,경상사고,0,0,3,0,차대차 - 추돌,안전운전불이행,건조,맑음,교차로 - 교차로부근,승용,남,74세,상해없음,승용,남,42세,경상
2019040700100248,2019년 4월 7일 13시,일요일,인천광역시 미추홀구 용현동,중상사고,0,1,0,0,차대사람 - 기타,안전운전불이행,건조,맑음,기타 - 기타,이륜,남,52세,기타불명,보행자,남,2세,중상
2019040700100281,2019년 4월 7일 14시,일요일,인천광역시 부평구 부평동,경상사고,0,0,2,0,차대차 - 추돌,안전운전불이행,건조,맑음,교차로 - 교차로부근,승합,남,53세,상해없음,승용,남,35세,경상
2019040700100282,2019년 4월 7일 14시,일요일,인천광역시 남동구 간석동,중상사고,0,1,0,0,차대사람 - 길가장자리구역통행중,안전운전불이행,건조,맑음,단일로 - 기타,승용,남,58세,상해없음,보행자,여,42세,중상
2019040700100314,2019년 4월 7일 15시,일요일,인천광역시 부평구 청천동,중상사고,0,1,1,0,차대차 - 기타,기타,건조,맑음,단일로 - 기타,승합,남,56세,상해없음,이륜,남,17세,경상
2019040700100315,2019년 4월 7일 15시,일요일,인천광역시 연수구 송도동,경상사고,0,0,3,0,차대차 - 측면충돌,교차로운행방법위반,건조,맑음,교차로 - 교차로안,승용,남,57세,상해없음,승용,남,44세,경상
2019040700100355,2019년 4월 7일 16시,일요일,인천광역시 미추홀구 도화동,중상사고,0,1,0,0,차대차 - 추돌,차로위반,건조,맑음,교차로 - 교차로안,승용,남,41세,상해없음,승용,남,60세,중상
2019040700100406,2019년 4월 7일 18시,일요일,인천광역시 중구 운서동,중상사고,0,1,2,0,차대차 - 정면충돌,교차로운행방법위반,건조,맑음,교차로 - 교차로안,승용,남,38세,경상,승용,남,28세,경상
2019040700100407,2019년 4월 7일 18시,일요일,인천광역시 서구 신현동,중상사고,0,1,0,0,차대차 - 추돌,안전운전불이행,건조,맑음,단일로 - 기타,승용,남,52세,상해없음,화물,기타불명,미분류,기타불명
2019040700100442,2019년 4월 7일 19시,일요일,인천광역시 부평구 갈산동,중상사고,0,1,0,0,차대사람 - 횡단중,신호위반,건조,맑음,교차로 - 교차로횡단보도내,이륜,남,24세,기타불명,보행자,남,22세,중상
2019040700100466,2019년 4월 7일 20시,일요일,인천광역시 남동구 논현동,경상사고,0,0,1,0,차대차 - 측면충돌,안전거리미확보,건조,맑음,단일로 - 기타,승용,남,58세,상해없음,승용,남,28세,경상
2019040700100492,2019년 4월 7일 21시,일요일,인천광역시 부평구 일신동,중상사고,0,1,1,0,차대차 - 추돌,안전거리미확보,건조,맑음,단일로 - 교량,승용,남,26세,상해없음,승용,여,64세,경상
2019040700100513,2019년 4월 7일 22시,일요일,인천광역시 남동구 서창동,경상사고,0,0,1,0,차대사람 - 횡단중,보행자보호의무위반,건조,맑음,교차로 - 교차로안,승용,남,53세,상해없음,보행자,남,21세,경상
2019040700100526,2019년 4월 7일 23시,일요일,인천광역시 미추홀구 주안동,중상사고,0,1,1,0,차대차 - 추돌,안전운전불이행,건조,맑음,단일로 - 기타,이륜,남,37세,중상,승용,남,22세,경상
2019040800100040,2019년 4월 8일 01시,월요일,인천광역시 남동구 도림동,중상사고,0,1,1,0,차대차 - 측면충돌,안전운전불이행,건조,맑음,교차로 - 교차로안,승용,남,62세,상해없음,화물,남,56세,중상
2019040800100052,2019년 4월 8일 03시,월요일,인천광역시 미추홀구 도화동,경상사고,0,0,2,0,차대차 - 측면충돌,신호위반,건조,맑음,교차로 - 교차로부근,승용,여,29세,상해없음,승용,남,40세,경상
2019040800100059,2019년 4월 8일 04시,월요일,인천광역시 부평구 청천동,사망사고,1,1,0,0,차대차 - 기타,신호위반,건조,맑음,교차로 - 교차로안,승용,여,62세,중상,이륜,남,22세,사망
2019040800100083,2019년 4월 8일 06시,월요일,인천광역시 부평구 구산동,경상사고,0,0,1,0,차대차 - 후진중충돌,안전운전불이행,건조,맑음,기타 - 기타,승합,남,76세,상해없음,특수,남,34세,경상
2019040800100114,2019년 4월 8일 07시,월요일,인천광역시 중구 신흥동3가,경상사고,0,0,2,0,차대차 - 추돌,안전운전불이행,건조,맑음,교차로 - 교차로부근,승용,남,28세,상해없음,승용,남,63세,경상
2019040800100115,2019년 4월 8일 07시,월요일,인천광역시 서구 왕길동,경상사고,0,0,1,0,차대차 - 추돌,안전운전불이행,건조,맑음,단일로 - 기타,승용,남,29세,상해없음,자전거,남,26세,경상
2019040800100116,2019년 4월 8일 07시,월요일,인천광역시 남동구 만수동,경상사고,0,0,2,0,차대차 - 측면충돌,안전운전불이행,건조,맑음,교차로 - 교차로안,승용,남,54세,경상,승용,여,56세,경상
2019040800100240,2019년 4월 8일 10시,월요일,인천광역시 옹진군 연평면,중상사고,0,1,0,0,차량단독 - 전도전복 - 전도,안전운전불이행,건조,맑음,단일로 - 기타,사륜오토바이(ATV),남,70세,중상,,,,
2019040800100271,2019년 4월 8일 11시,월요일,인천광역시 중구 도원동,중상사고,0,2,0,0,차대차 - 정면충돌,중앙선침범,건조,맑음,단일로 - 기타,승용,여,66세,상해없음,승용,남,65세,중상
2019040800100302,2019년 4월 8일 12시,월요일,인천광역시 남동구 논현동,경상사고,0,0,1,0,차대차 - 추돌,안전운전불이행,건조,맑음,교차로 - 교차로부근,승용,남,64세,상해없음,승용,여,38세,경상
2019040800100363,2019년 4월 8일 14시,월요일,인천광역시 부평구 청천동,경상사고,0,0,2,0,차대차 - 측면충돌,안전운전불이행,건조,맑음,교차로 - 교차로안,화물,남,59세,상해없음,승합,남,42세,경상
2019040800100364,2019년 4월 8일 14시,월요일,인천광역시 서구 심곡동,경상사고,0,0,1,0,차대사람 - 횡단중,보행자보호의무위반,건조,맑음,교차로 - 교차로횡단보도내,승용,남,48세,상해없음,보행자,남,9세,경상
2019040800100365,2019년 4월 8일 14시,월요일,인천광역시 계양구 계산동,중상사고,0,1,0,0,차대사람 - 기타,안전운전불이행,건조,맑음,단일로 - 기타,화물,남,57세,기타불명,보행자,여,80세,중상
2019040800100395,2019년 4월 8일 15시,월요일,인천광역시 서구 가정동,부상신고사고,0,0,0,1,차대사람 - 차도통행중,안전운전불이행,건조,맑음,단일로 - 기타,승용,여,60세,상해없음,보행자,남,26세,부상신고
2019040800100396,2019년 4월 8일 15시,월요일,인천광역시 서구 청라동,경상사고,0,0,2,0,차대차 - 후진중충돌,안전운전불이행,건조,맑음,교차로 - 교차로부근,화물,남,50세,기타불명,승합,남,40세,경상
2019040800100397,2019년 4월 8일 15시,월요일,인천광역시 계양구 계산동,경상사고,0,0,1,0,차대사람 - 길가장자리구역통행중,안전운전불이행,건조,맑음,단일로 - 기타,승용,남,65세,상해없음,보행자,남,23세,경상
2019040800100398,2019년 4월 8일 15시,월요일,인천광역시 연수구 옥련동,경상사고,0,0,1,0,차대사람 - 기타,안전운전불이행,건조,맑음,단일로 - 기타,승용,남,66세,상해없음,보행자,남,8세,경상
2019040800100428,2019년 4월 8일 16시,월요일,인천광역시 중구 중산동,경상사고,0,0,2,0,차대차 - 추돌,안전운전불이행,건조,흐림,단일로 - 기타,승용,남,56세,상해없음,승용,여,40세,경상
2019040800100429,2019년 4월 8일 16시,월요일,인천광역시 부평구 부평동,경상사고,0,0,2,0,차대차 - 측면충돌,안전거리미확보,건조,맑음,교차로 - 교차로안,승용,여,44세,상해없음,승용,남,25세,경상
2019040800100475,2019년 4월 8일 17시,월요일,인천광역시 서구 가좌동,중상사고,0,1,0,0,차대사람 - 횡단중,신호위반,건조,맑음,교차로 - 교차로횡단보도내,승용,남,76세,상해없음,보행자,여,7세,중상