사고번호,사고일시,요일,시군구,사고내용,사망자수,중상자수,경상자수,부상신고자수,사고유형,법규위반,노면상태,기상상태,도로형태,가해운전자 차종,가해운전자 성별,가해운전자 연령,가해운전자 상해정도,피해운전자 차종,피해운전자 성별,피해운전자 연령,피해운전자 상해정도
2019042800100195,2019년 4월 28일 12시,일요일,인천광역시 서구 연희동,중상사고,0,1,0,0,차대차 - 기타,안전운전불이행,건조,맑음,단일로 - 기타,승용,남,56세,상해없음,이륜,남,28세,중상
2019042800100231,2019년 4월 28일 13시,일요일,인천광역시 미추홀구 주안동,경상사고,0,0,2,0,차대차 - 추돌,안전운전불이행,건조,맑음,교차로 - 교차로부근,승용,남,51세,상해없음,승용,여,53세,경상
2019042800100256,2019년 4월 28일 14시,일요일,인천광역시 미추홀구 용현동,경상사고,0,0,1,0,차대차 - 측면충돌,교차로운행방법위반,건조,맑음,교차로 - 교차로안,승용,여,46세,상해없음,승용,여,50세,경상
2019042800100257,2019년 4월 28일 14시,일요일,인천광역시 남동구 간석동,중상사고,0,2,0,0,차대차 - 후진중충돌,안전운전불이행,건조,맑음,교차로 - 교차로부근,승용,남,59세,상해없음,승용,남,59세,중상
2019042800100258,2019년 4월 28일 14시,일요일,인천광역시 계양구 귤현동,중상사고,0,1,0,0,차대사람 - 길가장자리구역통행중,안전운전불이행,건조,맑음,교차로 - 교차로안,승용,남,60세,상해없음,보행자,남,64세,중상
2019042800100293,2019년 4월 28일 15시,일요일,인천광역시 계양구 계산동,경상사고,0,0,1,0,차대차 - 측면충돌,교차로운행방법위반,건조,맑음,교차로 - 교차로안,승용,남,32세,상해없음,이륜,남,24세,경상
2019042800100317,2019년 4월 28일 16시,일요일,인천광역시 부평구 청천동,중상사고,0,1,0,0,차대차 - 측면충돌,안전운전불이행,건조,맑음,교차로 - 교차로안,승용,남,67세,상해없음,승용,남,48세,중상
2019042800100318,2019년 4월 28일 16시,일요일,인천광역시 남동구 간석동,경상사고,0,0,1,0,차대차 - 측면충돌,신호위반,건조,맑음,교차로 - 교차로안,승합,남,64세,상해없음,이륜,남,26세,경상
2019042800100319,2019년 4월 28일 16시,일요일,인천광역시 서구 청라동,중상사고,0,1,0,0,차대사람 - 횡단중,신호위반,건조,맑음,단일로 - 지하차도(도로)내,이륜,남,16세,상해없음,보행자,여,66세,중상
2019042800100353,2019년 4월 28일 17시,일요일,인천광역시 남동구 만수동,경상사고,0,0,2,0,차대차 - 측면충돌,안전운전불이행,건조,맑음,교차로 - 교차로부근,승용,남,52세,상해없음,승용,남,57세,경상
2019042800100354,2019년 4월 28일 17시,일요일,인천광역시 남동구 간석동,경상사고,0,0,1,0,차대차 - 추돌,중앙선침범,건조,맑음,기타 - 기타,승용,남,58세,상해없음,승용,남,41세,경상
2019042800100355,2019년 4월 28일 17시,일요일,인천광역시 서구 연희동,경상사고,0,0,1,0,차대사람 - 길가장자리구역통행중,안전운전불이행,건조,맑음,단일로 - 기타,승용,남,26세,상해없음,보행자,남,7세,경상
2019042800100356,2019년 4월 28일 17시,일요일,인천광역시 서구 가정동,경상사고,0,0,2,0,차대차 - 추돌,안전운전불이행,건조,맑음,교차로 - 교차로부근,화물,남,59세,상해없음,승용,남,59세,상해없음
2019042800100398,2019년 4월 28일 19시,일요일,인천광역시 미추홀구 도화동,경상사고,0,0,2,0,차대차 - 측면충돌,안전거리미확보,건조,맑음,단일로 - 기타,승용,남,25세,기타불명,승용,남,67세,경상
2019042800100433,2019년 4월 28일 20시,일요일,인천광역시 동구 송현동,경상사고,0,0,1,0,차대차 - 측면충돌,안전거리미확보,건조,맑음,기타 - 기타,승합,남,52세,상해없음,승합,남,58세,경상
2019042800100434,2019년 4월 28일 20시,일요일,인천광역시 미추홀구 주안동,중상사고,0,1,0,0,차대사람 - 횡단중,보행자보호의무위반,건조,맑음,교차로 - 교차로횡단보도내,승용,남,37세,상해없음,보행자,남,14세,중상
2019042800100483,2019년 4월 28일 22시,일요일,인천광역시 부평구 부평동,경상사고,0,0,3,0,차대차 - 기타,중앙선침범,건조,맑음,교차로 - 교차로안,승용,남,25세,상해없음,승용,남,30세,경상
2019042800100502,2019년 4월 28일 23시,일요일,인천광역시 남동구 논현동,경상사고,0,0,1,0,차대차 - 기타,신호위반,건조,맑음,교차로 - 교차로부근,승용,여,52세,상해없음,이륜,남,20세,경상
2019042900100064,2019년 4월 29일 05시,월요일,인천광역시 미추홀구 학익동,중상사고,0,1,0,0,차대사람 - 횡단중,보행자보호의무위반,건조,맑음,교차로 - 교차로횡단보도내,화물,남,59세,상해없음,보행자,여,67세,중상
2019042900100080,2019년 4월 29일 06시,월요일,인천광역시 계양구 귤현동,경상사고,0,0,1,0,차대차 - 측면충돌,안전거리미확보,건조,맑음,단일로 - 기타,이륜,남,50세,경상,승용,남,43세,상해없음
2019042900100151,2019년 4월 29일 08시,월요일,인천광역시 미추홀구 주안동,경상사고,0,0,1,0,차대차 - 측면충돌,안전운전불이행,건조,맑음,단일로 - 기타,승용,남,49세,상해없음,승용,여,34세,경상
2019042900100152,2019년 4월 29일 08시,월요일,인천광역시 연수구 송도동,중상사고,0,2,0,0,차대차 - 기타,교차로운행방법위반,건조,맑음,교차로 - 교차로횡단보도내,승용,여,43세,상해없음,승용,여,43세,중상
2019042900100185,2019년 4월 29일 09시,월요일,인천광역시 중구 도원동,경상사고,0,0,1,0,차대차 - 측면충돌,교차로운행방법위반,건조,맑음,교차로 - 교차로안,승용,남,58세,상해없음,승용,여,33세,상해없음
2019042900100186,2019년 4월 29일 09시,월요일,인천광역시 강화군 교동면,사망사고,1,0,0,0,차대차 - 측면충돌,안전운전불이행,건조,맑음,단일로 - 기타,화물,남,57세,상해없음,이륜,남,75세,사망
2019042900100219,2019년 4월 29일 10시,월요일,인천광역시 부평구 산곡동,중상사고,0,1,0,0,차대사람 - 보도통행중,보행자보호의무위반,건조,맑음,교차로 - 교차로부근,승용,여,42세,상해없음,보행자,여,60세,중상
2019042900100265,2019년 4월 29일 11시,월요일,인천광역시 서구 심곡동,경상사고,0,0,1,0,차대차 - 추돌,안전운전불이행,건조,맑음,교차로 - 교차로부근,승용,남,40세,상해없음,승용,남,31세,경상
2019042900100266,2019년 4월 29일 11시,월요일,인천광역시 연수구 연수동,경상사고,0,0,1,0,차대차 - 측면충돌,차로위반,건조,맑음,교차로 - 교차로안,기타불명,기타불명,미분류,기타불명,승용,남,36세,경상
2019042900100325,2019년 4월 29일 13시,월요일,인천광역시 중구 운남동,중상사고,0,1,0,0,차대사람 - 횡단중,보행자보호의무위반,건조,흐림,교차로 - 교차로부근,승용,남,68세,상해없음,보행자,여,40세,중상
2019042900100431,2019년 4월 29일 16시,월요일,인천광역시 서구 석남동,중상사고,0,1,0,0,차대사람 - 기타,보행자보호의무위반,건조,맑음,교차로 - 교차로안,승용,남,56세,상해없음,보행자,여,73세,중상
2019042900100432,2019년 4월 29일 16시,월요일,인천광역시 계양구 계산동,경상사고,0,0,1,0,차대차 - 측면충돌,안전운전불이행,건조,맑음,교차로 - 교차로안,승용,남,68세,상해없음,자전거,남,8세,경상
2019042900100527,2019년 4월 29일 18시,월요일,인천광역시 서구 가좌동,중상사고,0,1,0,0,차대사람 - 기타,안전운전불이행,건조,맑음,단일로 - 기타,화물,남,48세,상해없음,보행자,여,80세,중상
2019042900100528,2019년 4월 29일 18시,월요일,인천광역시 서구 석남동,부상신고사고,0,0,0,1,차대사람 - 기타,안전운전불이행,건조,맑음,단일로 - 기타,화물,남,23세,상해없음,보행자,여,83세,부상신고
2019042900100557,2019년 4월 29일 19시,월요일,인천광역시 남동구 장수동,경상사고,0,0,1,0,차대차 - 측면충돌,안전운전불이행,건조,맑음,단일로 - 기타,승용,남,47세,상해없음,승용,남,39세,상해없음
2019042900100584,2019년 4월 29일 20시,월요일,인천광역시 미추홀구 용현동,경상사고,0,0,1,0,차대사람 - 횡단중,안전운전불이행,건조,맑음,교차로 - 교차로부근,기타불명,기타불명,미분류,기타불명,보행자,여,13세,경상
2019042900100585,2019년 4월 29일 20시,월요일,인천광역시 서구 오류동,경상사고,0,0,2,0,차대차 - 측면충돌,안전운전불이행,건조,맑음,교차로 - 교차로안,승용,남,24세,상해없음,승용,남,47세,경상
2019042900100620,2019년 4월 29일 22시,월요일,인천광역시 연수구 옥련동,경상사고,0,0,2,0,차대차 - 측면충돌,중앙선침범,건조,맑음,교차로 - 교차로안,승용,남,39세,상해없음,승용,남,50세,경상
2019042900100642,2019년 4월 29일 23시,월요일,인천광역시 미추홀구 주안동,경상사고,0,0,1,0,차대사람 - 기타,기타,건조,맑음,단일로 - 기타,승용,남,38세,상해없음,보행자,남,54세,경상
2019042900100643,2019년 4월 29일 23시,월요일,인천광역시 계양구 용종동,경상사고,0,0,1,0,차대차 - 추돌,안전운전불이행,건조,맑음,단일로 - 기타,승용,남,26세,상해없음,승용,여,47세,경상
2019043000100047,2019년 4월 30일 02시,화요일,인천광역시 미추홀구 도화동,경상사고,0,0,2,0,차대차 - 기타,안전운전불이행,건조,기타,교차로 - 교차로안,승용,남,22세,상해없음,승용,남,62세,경상
2019043000100048,2019년 4월 30일 02시,화요일,인천광역시 서구 경서동,중상사고,0,1,3,0,차대차 - 추돌,안전운전불이행,건조,맑음,단일로 - 기타,승용,남,26세,상해없음,승용,남,63세,경상
2019043000100103,2019년 4월 30일 07시,화요일,인천광역시 남동구 만수동,경상사고,0,0,1,0,차대사람 - 기타,안전운전불이행,건조,맑음,단일로 - 지하차도(도로)내,이륜,남,29세,상해없음,보행자,남,59세,경상
2019043000100142,2019년 4월 30일 08시,화요일,인천광역시 남동구 간석동,경상사고,0,0,1,0,차대사람 - 횡단중,보행자보호의무위반,건조,맑음,교차로 - 교차로부근,화물,남,64세,상해없음,보행자,여,69세,경상
2019043000100181,2019년 4월 30일 09시,화요일,인천광역시 서구 가좌동,중상사고,0,1,1,0,차대차 - 기타,안전운전불이행,건조,맑음,교차로 - 교차로안,승용,남,42세,중상,승용,여,61세,경상
2019043000100182,2019년 4월 30일 09시,화요일,인천광역시 부평구 부개동,경상사고,0,0,1,0,차대차 - 측면충돌,안전운전불이행,건조,맑음,단일로 - 기타,승용,남,62세,상해없음,이륜,남,50세,경상
2019043000100211,2019년 4월 30일 10시,화요일,인천광역시 서구 당하동,중상사고,0,1,1,0,차대차 - 측면충돌,안전거리미확보,건조,맑음,단일로 - 기타,건설기계,남,56세,상해없음,승용,남,53세,경상
2019043000100240,2019년 4월 30일 11시,화요일,인천광역시 미추홀구 숭의동,경상사고,0,0,1,0,차대사람 - 차도통행중,안전운전불이행,건조,맑음,단일로 - 기타,화물,남,56세,상해없음,보행자,여,82세,경상
2019043000100241,2019년 4월 30일 11시,화요일,인천광역시 계양구 계산동,경상사고,0,0,1,0,차대차 - 추돌,안전운전불이행,건조,맑음,교차로 - 교차로부근,승용,여,42세,상해없음,화물,남,46세,경상
2019043000100371,2019년 4월 30일 15시,화요일,인천광역시 계양구 병방동,경상사고,0,0,1,0,차대차 - 측면충돌,교차로운행방법위반,건조,맑음,교차로 - 교차로안,승용,여,49세,상해없음,승용,여,45세,경상
2019043000100403,2019년 4월 30일 16시,화요일,인천광역시 부평구 부평동,중상사고,0,1,0,1,차대사람 - 기타,신호위반,건조,맑음,단일로 - 기타,이륜,남,17세,부상신고,보행자,여,25세,중상
2019043000100404,2019년 4월 30일 16시,화요일,인천광역시 서구 경서동,중상사고,0,2,4,0,차대차 - 측면충돌,안전운전불이행,건조,맑음,교차로 - 교차로부근,승용,남,70세,상해없음,승용,남,42세,경상
2019043000100405,2019년 4월 30일 16시,화요일,인천광역시 계양구 동양동,경상사고,0,0,1,0,차대차 - 측면충돌,안전운전불이행,건조,맑음,교차로 - 교차로안,승용,남,47세,상해없음,승합,남,39세,상해없음
2019043000100406,2019년 4월 30일 16시,화요일,인천광역시 남동구 고잔동,중상사고,0,1,0,0,차대차 - 기타,교차로운행방법위반,건조,맑음,교차로 - 교차로안,승용,남,36세,상해없음,자전거,남,73세,중상
2019043000100454,2019년 4월 30일 17시,화요일,인천광역시 동구 화수동,경상사고,0,0,1,0,차대차 - 추돌,안전운전불이행,건조,맑음,교차로 - 교차로안,승용,남,56세,상해없음,승용,남,40세,경상
2019043000100455,2019년 4월 30일 17시,화요일,인천광역시 부평구 산곡동,중상사고,0,1,0,0,차대사람 - 횡단중,보행자보호의무위반,건조,맑음,교차로 - 교차로횡단보도내,승합,남,71세,상해없음,보행자,여,77세,중상
2019043000100456,2019년 4월 30일 17시,화요일,인천광역시 부평구 청천동,중상사고,0,2,0,0,차대차 - 기타,안전운전불이행,건조,맑음,교차로 - 교차로안,승용,남,19세,상해없음,승용,여,30세,중상
2019043000100496,2019년 4월 30일 18시,화요일,인천광역시 서구 가좌동,부상신고사고,0,0,0,1,차량단독 - 전도전복 - 전도,안전운전불이행,건조,맑음,교차로 - 교차로안,이륜,남,26세,부상신고,,,,
2019043000100497,2019년 4월 30일 18시,화요일,인천광역시 연수구 청학동,경상사고,0,0,1,0,차대차 - 기타,안전운전불이행,건조,맑음,단일로 - 기타,승용,남,60세,상해없음,승합,남,59세,상해없음
2019043000100556,2019년 4월 30일 20시,화요일,인천광역시 남동구 논현동,경상사고,0,0,1,0,차대차 - 정면충돌,신호위반,건조,맑음,교차로 - 교차로안,승용,남,65세,상해없음,승용,남,29세,경상
2019043000100588,2019년 4월 30일 21시,화요일,인천광역시 연수구 연수동,중상사고,0,1,0,1,차대사람 - 횡단중,신호위반,건조,맑음,단일로 - 기타,이륜,남,42세,부상신고,보행자,남,38세,중상
2019043000100615,2019년 4월 30일 22시,화요일,인천광역시 계양구 효성동,경상사고,0,0,2,0,차대차 - 추돌,안전운전불이행,건조,맑음,단일로 - 기타,승용,남,61세,상해없음,승용,남,31세,경상
2019043000100616,2019년 4월 30일 22시,화요일,인천광역시 계양구 효성동,경상사고,0,0,1,0,차대차 - 추돌,안전거리미확보,건조,맑음,단일로 - 교량,승용,남,64세,상해없음,승용,여,30세,경상
2019050100100058,2019년 5월 1일 01시,수요일,인천광역시 부평구 삼산동,사망사고,1,0,0,0,차대사람 - 횡단중,안전운전불이행,건조,맑음,단일로 - 기타,승용,남,66세,상해없음,보행자,남,42세,사망
2019050100100059,2019년 5월 1일 01시,수요일,인천광역시 계양구 병방동,중상사고,0,1,3,0,차대차 - 측면충돌,안전거리미확보,건조,맑음,단일로 - 기타,승용,남,49세,상해없음,승용,남,56세,중상
2019050100100125,2019년 5월 1일 07시,수요일,인천광역시 부평구 부평동,경상사고,0,0,1,0,차대차 - 측면충돌,안전운전불이행,건조,맑음,교차로 - 교차로부근,승용,여,23세,상해없음,승용,남,19세,경상
2019050100100126,2019년 5월 1일 07시,수요일,인천광역시 서구 가좌동,경상사고,0,0,1,0,차대차 - 기타,기타,건조,맑음,기타 - 기타,승용,남,32세,상해없음,승합,남,39세,경상
2019050100100127,2019년 5월 1일 07시,수요일,인천광역시 계양구 동양동,사망사고,1,0,0,0,차대사람 - 횡단중,안전운전불이행,건조,맑음,단일로 - 기타,승용,남,41세,상해없음,보행자,남,87세,사망
2019050100100179,2019년 5월 1일 10시,수요일,인천광역시 남동구 구월동,경상사고,0,0,1,0,차대차 - 측면충돌,안전운전불이행,건조,맑음,단일로 - 기타,승용,여,32세,상해없음,승용,남,46세,경상
2019050100100210,2019년 5월 1일 11시,수요일,인천광역시 남동구 고잔동,중상사고,0,1,0,0,차대차 - 측면충돌,안전거리미확보,건조,맑음,단일로 - 기타,원동기,남,43세,중상,화물,남,51세,상해없음
2019050100100248,2019년 5월 1일 12시,수요일,인천광역시 계양구 계산동,경상사고,0,0,1,0,차대차 - 기타,안전거리미확보,건조,맑음,단일로 - 기타,승용,남,58세,상해없음,승합,여,48세,상해없음
2019050100100249,2019년 5월 1일 12시,수요일,인천광역시 남동구 장수동,경상사고,0,0,1,0,차대차 - 추돌,안전운전불이행,건조,맑음,단일로 - 기타,승용,남,42세,상해없음,승용,남,54세,경상
2019050100100285,2019년 5월 1일 13시,수요일,인천광역시 남동구 구월동,경상사고,0,0,1,0,차대차 - 측면충돌,신호위반,건조,맑음,단일로 - 기타,승용,남,52세,상해없음,승용,남,58세,경상
2019050100100286,2019년 5월 1일 13시,수요일,인천광역시 계양구 둑실동,중상사고,0,1,0,0,차대차 - 측면충돌,안전운전불이행,건조,맑음,단일로 - 기타,자전거,남,45세,중상,자전거,남,26세,상해없음
2019050100100323,2019년 5월 1일 14시,수요일,인천광역시 중구 신흥동3가,경상사고,0,0,2,0,차대차 - 정면충돌,안전운전불이행,건조,맑음,교차로 - 교차로부근,승용,남,53세,상해없음,승용,남,49세,경상
2019050100100324,2019년 5월 1일 14시,수요일,인천광역시 부평구 삼산동,중상사고,0,1,0,0,차대차 - 측면충돌,안전운전불이행,건조,맑음,교차로 - 교차로안,이륜,남,44세,중상,승용,여,65세,상해없음
2019050100100363,2019년 5월 1일 15시,수요일,인천광역시 중구 운서동,경상사고,0,0,1,0,차대차 - 추돌,교차로운행방법위반,건조,맑음,교차로 - 교차로안,승용,여,51세,상해없음,승합,남,48세,상해없음
2019050100100364,2019년 5월 1일 15시,수요일,인천광역시 남동구 구월동,경상사고,0,0,1,0,차대차 - 측면충돌,신호위반,건조,맑음,교차로 - 교차로부근,승용,여,43세,상해없음,승용,남,63세,경상
2019050100100400,2019년 5월 1일 16시,수요일,인천광역시 서구 심곡동,경상사고,0,0,2,0,차대차 - 기타,안전운전불이행,건조,맑음,단일로 - 기타,승용,남,53세,상해없음,승용,남,21세,경상
2019050100100437,2019년 5월 1일 17시,수요일,인천광역시 미추홀구 용현동,경상사고,0,0,2,0,차대차 - 후진중충돌,불법유턴,건조,맑음,단일로 - 기타,승용,남,59세,상해없음,승용,남,27세,경상
2019050100100438,2019년 5월 1일 17시,수요일,인천광역시 서구 가정동,경상사고,0,0,3,0,차대차 - 측면충돌,안전운전불이행,건조,맑음,단일로 - 기타,승용,남,53세,상해없음,승용,남,48세,경상
2019050100100471,2019년 5월 1일 18시,수요일,인천광역시 미추홀구 주안동,경상사고,0,0,1,0,차대차 - 추돌,안전운전불이행,건조,맑음,교차로 - 교차로부근,승용,남,40세,상해없음,승용,남,37세,경상
2019050100100472,2019년 5월 1일 18시,수요일,인천광역시 서구 석남동,경상사고,0,0,1,0,차대차 - 측면충돌,신호위반,건조,맑음,교차로 - 교차로안,이륜,남,17세,상해없음,승합,남,60세,경상
2019050100100473,2019년 5월 1일 18시,수요일,인천광역시 부평구 삼산동,경상사고,0,0,1,0,차대사람 - 기타,안전운전불이행,건조,맑음,단일로 - 기타,승용,남,61세,상해없음,보행자,남,6세,경상
2019050100100500,2019년 5월 1일 19시,수요일,인천광역시 남동구 논현동,경상사고,0,0,4,0,차대차 - 기타,교차로운행방법위반,건조,맑음,교차로 - 교차로안,승용,남,48세,상해없음,승용,남,35세,경상
2019050100100532,2019년 5월 1일 20시,수요일,인천광역시 미추홀구 주안동,중상사고,0,1,0,0,차대사람 - 횡단중,보행자보호의무위반,건조,맑음,교차로 - 교차로횡단보도내,승용,남,63세,상해없음,보행자,여,55세,중상
2019050100100571,2019년 5월 1일 22시,수요일,인천광역시 미추홀구 주안동,경상사고,0,0,1,0,차대차 - 측면충돌,차로위반,건조,맑음,교차로 - 교차로부근,승용,남,26세,상해없음,승용,남,56세,상해없음
2019050100100572,2019년 5월 1일 22시,수요일,인천광역시 남동구 간석동,중상사고,0,1,0,0,차대사람 - 횡단중,보행자보호의무위반,건조,맑음,교차로 - 교차로안,승용,남,51세,상해없음,보행자,여,61세,중상
2019050200100031,2019년 5월 2일 00시,목요일,인천광역시 남동구 간석동,경상사고,0,0,1,0,차대차 - 측면충돌,안전운전불이행,건조,맑음,단일로 - 기타,승용,여,47세,상해없음,이륜,남,40세,경상
2019050200100040,2019년 5월 2일 01시,목요일,인천광역시 중구 운서동,경상사고,0,0,2,0,차대차 - 추돌,안전운전불이행,건조,맑음,교차로 - 교차로부근,승용,남,25세,상해없음,승용,남,45세,경상
2019050200100052,2019년 5월 2일 04시,목요일,인천광역시 미추홀구 주안동,경상사고,0,0,1,0,차대차 - 후진중충돌,안전운전불이행,건조,맑음,교차로 - 교차로안,승용,남,36세,상해없음,승용,남,38세,경상
2019050200100058,2019년 5월 2일 05시,목요일,인천광역시 서구 청라동,경상사고,0,0,1,0,차대차 - 측면충돌,신호위반,건조,맑음,교차로 - 교차로안,승합,남,54세,상해없음,승용,남,24세,경상
2019050200100152,2019년 5월 2일 08시,목요일,인천광역시 남동구 구월동,중상사고,0,1,0,0,차대사람 - 횡단중,보행자보호의무위반,건조,맑음,교차로 - 교차로횡단보도내,승용,남,44세,상해없음,보행자,남,47세,중상
2019050200100153,2019년 5월 2일 08시,목요일,인천광역시 연수구 옥련동,경상사고,0,0,2,0,차대사람 - 횡단중,보행자보호의무위반,건조,맑음,교차로 - 교차로횡단보도내,승용,여,46세,상해없음,보행자,남,9세,경상
2019050200100197,2019년 5월 2일 09시,목요일,인천광역시 미추홀구 학익동,중상사고,0,1,0,0,차대사람 - 횡단중,신호위반,건조,맑음,교차로 - 교차로횡단보도내,승용,여,47세,상해없음,보행자,여,55세,중상
2019050200100198,2019년 5월 2일 09시,목요일,인천광역시 계양구 작전동,경상사고,0,0,1,0,차대차 - 정면충돌,교차로운행방법위반,건조,맑음,교차로 - 교차로안,승용,여,60세,상해없음,승용,남,23세,경상
2019050200100199,2019년 5월 2일 09시,목요일,인천광역시 연수구 송도동,경상사고,0,0,3,0,차대차 - 측면충돌,안전운전불이행,건조,맑음,교차로 - 교차로안,승용,남,39세,상해없음,승용,여,41세,경상
2019050200100226,2019년 5월 2일 10시,목요일,인천광역시 계양구 계산동,경상사고,0,0,1,0,차대차 - 측면충돌,안전운전불이행,건조,맑음,단일로 - 기타,승용,남,54세,경상,승용,남,57세,상해없음
2019050200100270,2019년 5월 2일 11시,목요일,인천광역시 미추홀구 용현동,경상사고,0,0,1,0,차대사람 - 길가장자리구역통행중,안전운전불이행,건조,맑음,기타 - 기타,승용,남,70세,상해없음,보행자,남,53세,경상
2019050200100271,2019년 5월 2일 11시,목요일,인천광역시 연수구 선학동,중상사고,0,1,0,0,차대차 - 측면충돌,안전운전불이행,건조,맑음,교차로 - 교차로부근,승용,남,69세,상해없음,자전거,남,71세,중상
2019050200100300,2019년 5월 2일 12시,목요일,인천광역시 부평구 부평동,경상사고,0,0,1,0,차대사람 - 횡단중,안전운전불이행,건조,맑음,교차로 - 교차로안,화물,남,43세,상해없음,보행자,남,49세,경상
2019050200100330,2019년 5월 2일 13시,목요일,인천광역시 미추홀구 주안동,경상사고,0,0,1,0,차대차 - 측면충돌,안전운전불이행,건조,맑음,교차로 - 교차로안,승용,남,32세,상해없음,승용,남,49세,경상
2019050200100331,2019년 5월 2일 13시,목요일,인천광역시 부평구 산곡동,경상사고,0,0,1,0,차대차 - 추돌,안전운전불이행,건조,맑음,교차로 - 교차로부근,승용,여,57세,상해없음,승용,남,28세,경상
2019050200100332,2019년 5월 2일 13시,목요일,인천광역시 서구 원당동,경상사고,0,0,1,0,차대차 - 추돌,안전거리미확보,건조,맑음,교차로 - 교차로부근,승용,여,50세,상해없음,승용,남,64세,경상
2019050200100375,2019년 5월 2일 14시,목요일,인천광역시 동구 송현동,경상사고,0,0,1,0,차대차 - 측면충돌,교차로운행방법위반,건조,맑음,교차로 - 교차로안,화물,남,41세,상해없음,승용,여,41세,경상
2019050200100418,2019년 5월 2일 15시,목요일,인천광역시 부평구 부평동,경상사고,0,0,3,0,차대차 - 기타,신호위반,건조,맑음,교차로 - 교차로안,화물,여,58세,상해없음,승용,여,29세,경상
2019050200100419,2019년 5월 2일 15시,목요일,인천광역시 남동구 장수동,경상사고,0,0,1,0,차대차 - 측면충돌,안전운전불이행,건조,맑음,단일로 - 기타,승용,남,76세,상해없음,화물,남,45세,경상
2019050200100450,2019년 5월 2일 16시,목요일,인천광역시 남동구 만수동,경상사고,0,0,1,0,차대사람 - 차도통행중,안전운전불이행,건조,맑음,단일로 - 기타,승용,여,31세,상해없음,보행자,남,46세,경상
2019050200100451,2019년 5월 2일 16시,목요일,인천광역시 서구 가좌동,경상사고,0,0,1,0,차대차 - 정면충돌,안전운전불이행,건조,맑음,교차로 - 교차로안,승용,여,52세,상해없음,승용,여,52세,경상
2019050200100452,2019년 5월 2일 16시,목요일,인천광역시 계양구 효성동,경상사고,0,0,3,0,차대차 - 추돌,안전거리미확보,건조,맑음,단일로 - 기타,화물,남,43세,상해없음,승용,남,40세,경상
2019050200100503,2019년 5월 2일 17시,목요일,인천광역시 서구 석남동,경상사고,0,0,1,0,차대차 - 기타,안전운전불이행,건조,맑음,단일로 - 기타,특수,남,49세,상해없음,승용,남,29세,경상
2019050200100560,2019년 5월 2일 18시,목요일,인천광역시 미추홀구 주안동,중상사고,0,1,0,0,차대차 - 정면충돌,안전운전불이행,건조,맑음,교차로 - 교차로안,승용,남,31세,상해없음,이륜,남,38세,중상
2019050200100561,2019년 5월 2일 18시,목요일,인천광역시 남동구 만수동,경상사고,0,0,1,0,차대차 - 측면충돌,안전운전불이행,건조,맑음,단일로 - 기타,승용,남,72세,상해없음,승용,여,50세,경상
2019050200100598,2019년 5월 2일 19시,목요일,인천광역시 중구 중산동,중상사고,0,1,0,0,차대사람 - 횡단중,신호위반,건조,맑음,교차로 - 교차로안,승용,남,67세,상해없음,보행자,여,62세,중상
2019050200100628,2019년 5월 2일 20시,목요일,인천광역시 미추홀구 주안동,경상사고,0,0,1,0,차대차 - 측면충돌,안전운전불이행,건조,맑음,단일로 - 기타,승용,남,36세,상해없음,승용,남,59세,경상
2019050200100629,2019년 5월 2일 20시,목요일,인천광역시 계양구 계산동,경상사고,0,0,1,0,차대사람 - 횡단중,보행자보호의무위반,건조,맑음,단일로 - 기타,이륜,남,33세,상해없음,보행자,여,69세,경상
2019050200100658,2019년 5월 2일 21시,목요일,인천광역시 남동구 구월동,중상사고,0,1,0,0,차대사람 - 횡단중,안전운전불이행,건조,맑음,단일로 - 기타,승용,여,62세,상해없음,보행자,남,22세,중상
2019050200100659,2019년 5월 2일 21시,목요일,인천광역시 연수구 송도동,중상사고,0,1,0,0,차대차 - 측면충돌,안전운전불이행,건조,맑음,교차로 - 교차로안,승합,남,66세,상해없음,승용,남,38세,중상
2019050200100692,2019년 5월 2일 22시,목요일,인천광역시 남동구 구월동,경상사고,0,0,1,0,차대차 - 측면충돌,차로위반,건조,맑음,단일로 - 기타,승용,남,66세,상해없음,승용,여,48세,경상
2019050200100716,2019년 5월 2일 23시,목요일,인천광역시 미추홀구 숭의동,경상사고,0,0,3,0,차대차 - 측면충돌,신호위반,건조,맑음,교차로 - 교차로안,승용,남,33세,상해없음,승용,남,53세,경상
2019050200100717,2019년 5월 2일 23시,목요일,인천광역시 남동구 간석동,경상사고,0,0,1,0,차대사람 - 차도통행중,안전운전불이행,건조,맑음,교차로 - 교차로안,승용,남,55세,상해없음,보행자,여,27세,경상
2019050300100063,2019년 5월 3일 02시,금요일,인천광역시 계양구 작전동,경상사고,0,0,1,0,차대사람 - 횡단중,안전운전불이행,건조,맑음,단일로 - 기타,승용,남,59세,상해없음,보행자,남,53세,경상
2019050300100082,2019년 5월 3일 05시,금요일,인천광역시 남동구 만수동,중상사고,0,1,0,0,차량단독 - 전도전복 - 전도,안전운전불이행,건조,맑음,단일로 - 기타,이륜,남,23세,중상,,,,
2019050300100128,2019년 5월 3일 07시,금요일,인천광역시 서구 가좌동,경상사고,0,0,1,0,차대사람 - 길가장자리구역통행중,안전운전불이행,건조,맑음,기타 - 기타,승용,남,62세,상해없음,보행자,남,24세,경상
2019050300100129,2019년 5월 3일 07시,금요일,인천광역시 남동구 남촌동,경상사고,0,0,1,0,차대차 - 기타,중앙선침범,건조,맑음,기타 - 기타,승합,남,48세,상해없음,승용,남,41세,경상