사고번호,사고일시,요일,시군구,사고내용,사망자수,중상자수,경상자수,부상신고자수,사고유형,법규위반,노면상태,기상상태,도로형태,가해운전자 차종,가해운전자 성별,가해운전자 연령,가해운전자 상해정도,피해운전자 차종,피해운전자 성별,피해운전자 연령,피해운전자 상해정도
2019050800100239,2019년 5월 8일 10시,수요일,인천광역시 남동구 구월동,중상사고,0,2,0,0,차대차 - 측면충돌,신호위반,건조,맑음,단일로 - 기타,승합,남,32세,상해없음,승용,남,52세,중상
2019050800100240,2019년 5월 8일 10시,수요일,인천광역시 계양구 계산동,경상사고,0,0,1,0,차대차 - 측면충돌,안전거리미확보,건조,맑음,기타 - 기타,승용,여,38세,상해없음,승용,여,66세,경상
2019050800100274,2019년 5월 8일 11시,수요일,인천광역시 남동구 구월동,경상사고,0,0,1,0,차대사람 - 기타,안전운전불이행,건조,맑음,주차장 - 주차장,승용,남,54세,기타불명,보행자,남,51세,경상
2019050800100301,2019년 5월 8일 12시,수요일,인천광역시 미추홀구 주안동,경상사고,0,0,1,0,차대사람 - 횡단중,신호위반,건조,맑음,기타 - 기타,화물,남,65세,상해없음,보행자,남,27세,경상
2019050800100302,2019년 5월 8일 12시,수요일,인천광역시 남동구 구월동,중상사고,0,1,0,0,차대차 - 측면충돌,안전운전불이행,건조,맑음,교차로 - 교차로부근,화물,남,52세,상해없음,승용,여,52세,중상
2019050800100338,2019년 5월 8일 13시,수요일,인천광역시 중구 항동7가,경상사고,0,0,1,0,차대차 - 측면충돌,안전거리미확보,건조,맑음,교차로 - 교차로부근,승용,남,58세,상해없음,승용,남,67세,경상
2019050800100339,2019년 5월 8일 13시,수요일,인천광역시 미추홀구 주안동,경상사고,0,0,1,0,차대차 - 측면충돌,안전거리미확보,건조,맑음,단일로 - 기타,화물,남,50세,기타불명,화물,남,38세,경상
2019050800100340,2019년 5월 8일 13시,수요일,인천광역시 강화군 내가면,경상사고,0,0,2,0,차대차 - 측면충돌,안전운전불이행,기타,맑음,단일로 - 기타,승용,여,70세,경상,건설기계,남,52세,경상
2019050800100370,2019년 5월 8일 14시,수요일,인천광역시 미추홀구 주안동,경상사고,0,0,1,0,차대차 - 추돌,기타,건조,맑음,단일로 - 기타,승용,남,29세,상해없음,승용,남,23세,경상
2019050800100414,2019년 5월 8일 15시,수요일,인천광역시 연수구 청학동,경상사고,0,0,1,0,차대차 - 추돌,안전운전불이행,건조,맑음,교차로 - 교차로부근,승용,남,48세,상해없음,승용,남,49세,경상
2019050800100461,2019년 5월 8일 16시,수요일,인천광역시 서구 석남동,경상사고,0,0,1,0,차대차 - 정면충돌,안전운전불이행,건조,맑음,교차로 - 교차로부근,화물,남,50세,상해없음,이륜,남,17세,경상
2019050800100505,2019년 5월 8일 17시,수요일,인천광역시 서구 불로동,중상사고,0,1,0,0,차량단독 - 기타,안전운전불이행,건조,맑음,단일로 - 기타,이륜,남,17세,중상,,,,
2019050800100506,2019년 5월 8일 17시,수요일,인천광역시 서구 마전동,경상사고,0,0,1,0,차대차 - 기타,안전운전불이행,건조,맑음,단일로 - 기타,승용,남,54세,상해없음,승합,남,22세,상해없음
2019050800100595,2019년 5월 8일 19시,수요일,인천광역시 서구 가정동,중상사고,0,1,0,0,차대사람 - 횡단중,보행자보호의무위반,건조,맑음,교차로 - 교차로안,승용,여,41세,상해없음,보행자,여,61세,중상
2019050800100596,2019년 5월 8일 19시,수요일,인천광역시 부평구 구산동,중상사고,0,1,1,0,차대차 - 추돌,안전운전불이행,건조,맑음,단일로 - 기타,승용,남,42세,상해없음,승용,여,52세,중상
2019050800100633,2019년 5월 8일 20시,수요일,인천광역시 중구 경동,경상사고,0,0,1,0,차대차 - 측면충돌,안전운전불이행,건조,맑음,교차로 - 교차로안,승용,남,37세,상해없음,승용,여,35세,경상
2019050800100634,2019년 5월 8일 20시,수요일,인천광역시 서구 석남동,경상사고,0,0,3,0,차대차 - 후진중충돌,안전운전불이행,건조,맑음,단일로 - 기타,승용,남,58세,기타불명,승용,남,33세,경상
2019050900100035,2019년 5월 9일 00시,목요일,인천광역시 미추홀구 주안동,경상사고,0,0,1,0,차대차 - 후진중충돌,안전운전불이행,건조,맑음,교차로 - 교차로부근,승용,남,65세,상해없음,승용,여,59세,경상
2019050900100036,2019년 5월 9일 00시,목요일,인천광역시 서구 석남동,경상사고,0,0,1,0,차대차 - 추돌,안전운전불이행,건조,맑음,단일로 - 기타,승용,여,35세,상해없음,화물,남,45세,경상
2019050900100037,2019년 5월 9일 00시,목요일,인천광역시 서구 석남동,경상사고,0,0,1,0,차대차 - 측면충돌,안전운전불이행,건조,맑음,교차로 - 교차로안,승용,여,56세,상해없음,승용,남,25세,경상
2019050900100038,2019년 5월 9일 00시,목요일,인천광역시 계양구 계산동,중상사고,0,1,0,0,차대사람 - 횡단중,안전운전불이행,건조,맑음,교차로 - 교차로안,승용,남,59세,상해없음,보행자,남,23세,중상
2019050900100063,2019년 5월 9일 05시,목요일,인천광역시 연수구 청학동,경상사고,0,0,1,0,차대차 - 추돌,안전운전불이행,건조,맑음,단일로 - 기타,화물,남,37세,상해없음,승용,남,35세,경상
2019050900100077,2019년 5월 9일 06시,목요일,인천광역시 남동구 만수동,경상사고,0,0,1,0,차대차 - 기타,신호위반,건조,맑음,교차로 - 교차로부근,승용,여,31세,상해없음,승합,남,48세,상해없음
2019050900100078,2019년 5월 9일 06시,목요일,인천광역시 서구 가정동,경상사고,0,0,1,0,차대차 - 기타,중앙선침범,건조,맑음,교차로 - 교차로부근,승용,남,26세,상해없음,승용,여,51세,경상
2019050900100153,2019년 5월 9일 08시,목요일,인천광역시 남동구 간석동,경상사고,0,0,1,0,차대차 - 측면충돌,안전운전불이행,건조,맑음,교차로 - 교차로부근,승용,남,18세,상해없음,승용,남,35세,경상
2019050900100228,2019년 5월 9일 10시,목요일,인천광역시 남동구 간석동,경상사고,0,0,1,0,차대차 - 측면충돌,안전거리미확보,건조,맑음,단일로 - 기타,승용,남,72세,상해없음,승용,남,20세,상해없음
2019050900100259,2019년 5월 9일 11시,목요일,인천광역시 부평구 십정동,중상사고,0,1,0,0,차대사람 - 기타,안전운전불이행,건조,맑음,단일로 - 기타,화물,남,67세,상해없음,보행자,여,75세,중상
2019050900100288,2019년 5월 9일 12시,목요일,인천광역시 강화군 길상면,중상사고,0,2,0,0,차대차 - 측면충돌,안전운전불이행,건조,맑음,단일로 - 기타,화물,남,65세,상해없음,승용,여,58세,중상
2019050900100332,2019년 5월 9일 13시,목요일,인천광역시 중구 항동7가,중상사고,0,1,0,0,차대사람 - 차도통행중,안전운전불이행,건조,맑음,단일로 - 기타,특수,여,57세,상해없음,보행자,남,68세,중상
2019050900100333,2019년 5월 9일 13시,목요일,인천광역시 연수구 송도동,경상사고,0,0,3,0,차대차 - 기타,신호위반,건조,맑음,교차로 - 교차로안,건설기계,남,71세,상해없음,승용,남,18세,경상
2019050900100334,2019년 5월 9일 13시,목요일,인천광역시 남동구 고잔동,경상사고,0,0,1,0,차대차 - 추돌,안전운전불이행,건조,맑음,단일로 - 기타,승용,남,64세,상해없음,승용,여,33세,경상
2019050900100367,2019년 5월 9일 14시,목요일,인천광역시 미추홀구 주안동,경상사고,0,0,1,0,차대사람 - 차도통행중,안전운전불이행,건조,맑음,단일로 - 기타,승용,여,47세,상해없음,보행자,여,30세,경상
2019050900100368,2019년 5월 9일 14시,목요일,인천광역시 부평구 십정동,경상사고,0,0,1,0,차대차 - 후진중충돌,안전운전불이행,건조,맑음,단일로 - 기타,화물,남,28세,상해없음,승용,여,53세,경상
2019050900100396,2019년 5월 9일 15시,목요일,인천광역시 부평구 십정동,중상사고,0,1,0,0,차대사람 - 차도통행중,보행자보호의무위반,건조,맑음,단일로 - 기타,승용,남,64세,상해없음,보행자,여,78세,중상
2019050900100397,2019년 5월 9일 15시,목요일,인천광역시 서구 신현동,경상사고,0,0,1,0,차대차 - 측면충돌,안전운전불이행,건조,맑음,교차로 - 교차로안,승용,남,62세,상해없음,이륜,남,18세,경상
2019050900100398,2019년 5월 9일 15시,목요일,인천광역시 계양구 박촌동,경상사고,0,0,1,0,차대차 - 측면충돌,안전운전불이행,건조,맑음,교차로 - 교차로안,화물,남,49세,상해없음,자전거,여,34세,경상
2019050900100442,2019년 5월 9일 16시,목요일,인천광역시 미추홀구 숭의동,경상사고,0,0,1,0,차대차 - 측면충돌,교차로운행방법위반,건조,맑음,교차로 - 교차로부근,기타불명,기타불명,미분류,기타불명,화물,남,78세,경상
2019050900100443,2019년 5월 9일 16시,목요일,인천광역시 계양구 병방동,부상신고사고,0,0,0,1,차대사람 - 차도통행중,안전운전불이행,건조,맑음,단일로 - 기타,승용,여,38세,상해없음,보행자,남,54세,부상신고
2019050900100487,2019년 5월 9일 17시,목요일,인천광역시 서구 가좌동,경상사고,0,0,2,0,차대차 - 기타,안전운전불이행,건조,맑음,단일로 - 기타,승용,남,40세,기타불명,승용,남,27세,경상
2019050900100488,2019년 5월 9일 17시,목요일,인천광역시 계양구 계산동,경상사고,0,0,1,0,차대차 - 측면충돌,안전운전불이행,건조,맑음,교차로 - 교차로안,승용,남,65세,상해없음,이륜,남,19세,경상
2019050900100489,2019년 5월 9일 17시,목요일,인천광역시 남동구 수산동,경상사고,0,0,2,0,차대차 - 추돌,안전운전불이행,건조,맑음,단일로 - 기타,승합,남,53세,상해없음,승용,남,26세,상해없음
2019050900100538,2019년 5월 9일 18시,목요일,인천광역시 서구 검암동,경상사고,0,0,1,0,차대차 - 정면충돌,신호위반,건조,맑음,교차로 - 교차로안,승용,남,50세,상해없음,이륜,남,20세,경상
2019050900100569,2019년 5월 9일 19시,목요일,인천광역시 남동구 간석동,경상사고,0,0,1,0,차대차 - 측면충돌,교차로운행방법위반,건조,맑음,교차로 - 교차로안,승용,남,45세,상해없음,이륜,남,46세,경상
2019050900100570,2019년 5월 9일 19시,목요일,인천광역시 남동구 간석동,경상사고,0,0,1,0,차대사람 - 기타,안전운전불이행,건조,맑음,단일로 - 기타,기타불명,기타불명,미분류,기타불명,보행자,여,7세,경상
2019050900100571,2019년 5월 9일 19시,목요일,인천광역시 부평구 갈산동,경상사고,0,0,2,0,차대차 - 측면충돌,안전운전불이행,건조,맑음,교차로 - 교차로부근,화물,남,40세,상해없음,승용,남,29세,경상
2019050900100598,2019년 5월 9일 20시,목요일,인천광역시 남동구 구월동,경상사고,0,0,1,0,차대사람 - 횡단중,안전운전불이행,건조,맑음,주차장 - 주차장,승용,남,52세,기타불명,보행자,여,12세,경상
2019050900100599,2019년 5월 9일 20시,목요일,인천광역시 서구 경서동,중상사고,0,3,0,0,차대차 - 기타,안전운전불이행,건조,맑음,교차로 - 교차로부근,승용,남,37세,상해없음,승용,남,38세,중상
2019050900100600,2019년 5월 9일 20시,목요일,인천광역시 서구 검암동,경상사고,0,0,1,0,차대사람 - 기타,안전운전불이행,건조,맑음,단일로 - 기타,승용,여,49세,상해없음,보행자,여,49세,경상
2019050900100601,2019년 5월 9일 20시,목요일,인천광역시 부평구 부평동,경상사고,0,0,3,0,차대차 - 기타,신호위반,건조,맑음,교차로 - 교차로부근,승용,여,32세,상해없음,승용,남,45세,경상
2019050900100631,2019년 5월 9일 21시,목요일,인천광역시 미추홀구 주안동,경상사고,0,0,1,0,차대차 - 추돌,안전운전불이행,건조,맑음,단일로 - 기타,승용,남,39세,상해없음,승용,남,64세,경상
2019050900100632,2019년 5월 9일 21시,목요일,인천광역시 서구 마전동,부상신고사고,0,0,0,1,차대차 - 측면충돌,안전운전불이행,건조,맑음,교차로 - 교차로안,이륜,남,24세,상해없음,승용,여,40세,부상신고
2019050900100633,2019년 5월 9일 21시,목요일,인천광역시 남동구 만수동,경상사고,0,0,1,0,차대사람 - 길가장자리구역통행중,안전운전불이행,건조,맑음,단일로 - 기타,기타불명,기타불명,미분류,기타불명,보행자,여,14세,경상
2019050900100674,2019년 5월 9일 23시,목요일,인천광역시 서구 연희동,경상사고,0,0,1,0,차대차 - 정면충돌,안전운전불이행,건조,맑음,교차로 - 교차로안,승용,남,50세,상해없음,이륜,남,28세,경상
2019050900100675,2019년 5월 9일 23시,목요일,인천광역시 연수구 동춘동,경상사고,0,0,1,0,차대차 - 추돌,안전운전불이행,건조,맑음,교차로 - 교차로부근,승용,남,37세,상해없음,승용,남,34세,경상
2019051000100038,2019년 5월 10일 00시,금요일,인천광역시 남동구 논현동,중상사고,0,1,0,0,차대차 - 추돌,안전운전불이행,건조,맑음,단일로 - 기타,승용,남,41세,상해없음,화물,남,65세,중상
2019051000100061,2019년 5월 10일 02시,금요일,인천광역시 남동구 간석동,경상사고,0,0,1,0,차대차 - 측면충돌,안전거리미확보,건조,맑음,단일로 - 기타,승용,남,61세,상해없음,이륜,남,32세,경상
2019051000100090,2019년 5월 10일 05시,금요일,인천광역시 부평구 부평동,부상신고사고,0,0,0,1,차대사람 - 횡단중,안전운전불이행,건조,맑음,단일로 - 기타,승용,남,27세,상해없음,보행자,남,24세,부상신고
2019051000100105,2019년 5월 10일 06시,금요일,인천광역시 미추홀구 주안동,중상사고,0,1,1,0,차대차 - 측면충돌,중앙선침범,건조,맑음,단일로 - 기타,승용,여,57세,상해없음,화물,남,52세,경상
2019051000100106,2019년 5월 10일 06시,금요일,인천광역시 서구 가좌동,경상사고,0,0,1,0,차대차 - 추돌,안전운전불이행,건조,맑음,단일로 - 기타,승용,남,65세,상해없음,승용,여,61세,경상
2019051000100125,2019년 5월 10일 07시,금요일,인천광역시 남동구 구월동,경상사고,0,0,1,0,차대사람 - 기타,안전운전불이행,건조,맑음,교차로 - 교차로안,화물,여,68세,상해없음,보행자,남,41세,경상
2019051000100173,2019년 5월 10일 08시,금요일,인천광역시 미추홀구 숭의동,경상사고,0,0,1,0,차대차 - 기타,안전운전불이행,건조,맑음,단일로 - 기타,승용,남,72세,상해없음,승용,남,44세,경상
2019051000100174,2019년 5월 10일 08시,금요일,인천광역시 서구 불로동,경상사고,0,0,2,0,차대차 - 추돌,안전운전불이행,건조,맑음,교차로 - 교차로부근,승합,남,60세,상해없음,화물,남,59세,경상
2019051000100271,2019년 5월 10일 11시,금요일,인천광역시 남동구 구월동,경상사고,0,0,1,0,차대차 - 측면충돌,안전거리미확보,건조,맑음,단일로 - 기타,승용,남,52세,상해없음,승용,남,45세,경상
2019051000100272,2019년 5월 10일 11시,금요일,인천광역시 서구 왕길동,경상사고,0,0,3,0,차대차 - 기타,안전운전불이행,건조,맑음,단일로 - 기타,승용,여,47세,경상,승용,남,23세,경상
2019051000100303,2019년 5월 10일 12시,금요일,인천광역시 계양구 효성동,경상사고,0,0,1,0,차대차 - 기타,안전운전불이행,건조,맑음,단일로 - 기타,자전거,남,58세,경상,화물,남,34세,상해없음
2019051000100344,2019년 5월 10일 13시,금요일,인천광역시 남동구 간석동,경상사고,0,0,1,0,차량단독 - 기타,기타,건조,맑음,단일로 - 기타,승합,남,58세,상해없음,,,,
2019051000100345,2019년 5월 10일 13시,금요일,인천광역시 부평구 부개동,경상사고,0,0,2,0,차대차 - 추돌,안전운전불이행,건조,맑음,교차로 - 교차로부근,승용,남,61세,상해없음,승용,여,42세,경상
2019051000100381,2019년 5월 10일 14시,금요일,인천광역시 미추홀구 주안동,경상사고,0,0,1,0,차대차 - 추돌,안전운전불이행,건조,맑음,단일로 - 기타,승용,남,52세,기타불명,승용,남,28세,경상
2019051000100382,2019년 5월 10일 14시,금요일,인천광역시 남동구 구월동,중상사고,0,1,0,0,차대사람 - 횡단중,안전운전불이행,건조,맑음,주차장 - 주차장,승용,여,56세,상해없음,보행자,여,58세,중상
2019051000100383,2019년 5월 10일 14시,금요일,인천광역시 부평구 삼산동,부상신고사고,0,0,0,1,차대차 - 측면충돌,안전거리미확보,건조,맑음,단일로 - 기타,승용,남,58세,기타불명,화물,남,53세,부상신고
2019051000100384,2019년 5월 10일 14시,금요일,인천광역시 계양구 계산동,경상사고,0,0,1,0,차대차 - 추돌,안전거리미확보,건조,맑음,단일로 - 기타,화물,남,43세,상해없음,화물,남,24세,경상
2019051000100439,2019년 5월 10일 15시,금요일,인천광역시 연수구 선학동,경상사고,0,0,1,0,차대차 - 측면충돌,안전운전불이행,건조,맑음,교차로 - 교차로부근,승용,남,71세,상해없음,승용,여,44세,경상
2019051000100477,2019년 5월 10일 16시,금요일,인천광역시 미추홀구 주안동,중상사고,0,1,0,0,차대사람 - 차도통행중,안전운전불이행,건조,맑음,단일로 - 기타,승용,남,40세,상해없음,보행자,남,76세,중상
2019051000100577,2019년 5월 10일 18시,금요일,인천광역시 중구 운서동,경상사고,0,0,4,0,차대차 - 측면충돌,안전운전불이행,건조,맑음,교차로 - 교차로부근,승용,여,34세,상해없음,승용,남,35세,경상
2019051000100578,2019년 5월 10일 18시,금요일,인천광역시 서구 청라동,경상사고,0,0,1,0,차대차 - 기타,교차로운행방법위반,건조,맑음,교차로 - 교차로안,화물,남,51세,기타불명,승합,남,63세,상해없음
2019051000100615,2019년 5월 10일 19시,금요일,인천광역시 서구 청라동,중상사고,0,1,0,0,차대차 - 측면충돌,안전운전불이행,건조,맑음,단일로 - 기타,승용,남,37세,상해없음,승용,남,28세,중상
2019051000100742,2019년 5월 10일 23시,금요일,인천광역시 서구 가좌동,중상사고,0,1,1,0,차대차 - 측면충돌,신호위반,건조,맑음,교차로 - 교차로안,승용,남,58세,상해없음,화물,남,41세,경상
2019051000100743,2019년 5월 10일 23시,금요일,인천광역시 연수구 연수동,경상사고,0,0,1,0,차대사람 - 횡단중,보행자보호의무위반,건조,맑음,교차로 - 교차로횡단보도내,승용,남,60세,상해없음,보행자,남,39세,경상
2019051100100038,2019년 5월 11일 00시,토요일,인천광역시 중구 신흥동3가,경상사고,0,0,1,0,차대차 - 측면충돌,안전운전불이행,건조,맑음,기타 - 기타,승용,남,38세,상해없음,승용,여,48세,경상
2019051100100039,2019년 5월 11일 00시,토요일,인천광역시 계양구 병방동,중상사고,0,1,0,0,차대차 - 추돌,과속,건조,맑음,단일로 - 기타,승용,남,33세,상해없음,승용,여,39세,중상
2019051100100060,2019년 5월 11일 01시,토요일,인천광역시 중구 인현동,경상사고,0,0,1,0,차대차 - 측면충돌,안전운전불이행,건조,맑음,단일로 - 기타,승용,남,22세,상해없음,승용,남,23세,경상
2019051100100099,2019년 5월 11일 04시,토요일,인천광역시 부평구 청천동,경상사고,0,0,2,0,차대차 - 측면충돌,안전운전불이행,건조,맑음,교차로 - 교차로부근,승용,남,55세,상해없음,승용,남,59세,경상
2019051100100107,2019년 5월 11일 05시,토요일,인천광역시 계양구 병방동,부상신고사고,0,0,0,1,차대사람 - 기타,안전운전불이행,건조,맑음,단일로 - 기타,승용,남,60세,상해없음,보행자,남,29세,부상신고
2019051100100121,2019년 5월 11일 06시,토요일,인천광역시 중구 운남동,경상사고,0,0,1,0,차대차 - 측면충돌,교차로운행방법위반,건조,맑음,교차로 - 교차로안,승용,여,46세,상해없음,승용,남,32세,경상
2019051100100122,2019년 5월 11일 06시,토요일,인천광역시 부평구 청천동,중상사고,0,1,0,0,차대사람 - 길가장자리구역통행중,안전운전불이행,건조,맑음,교차로 - 교차로부근,승용,남,24세,상해없음,보행자,남,57세,중상
2019051100100123,2019년 5월 11일 06시,토요일,인천광역시 부평구 청천동,경상사고,0,0,2,0,차대차 - 추돌,안전운전불이행,건조,맑음,교차로 - 교차로부근,승용,남,28세,상해없음,승용,남,45세,경상
2019051100100124,2019년 5월 11일 06시,토요일,인천광역시 서구 오류동,경상사고,0,0,1,0,차대차 - 측면충돌,신호위반,건조,맑음,교차로 - 교차로안,승용,남,50세,상해없음,이륜,남,61세,경상
2019051100100125,2019년 5월 11일 06시,토요일,인천광역시 계양구 작전동,경상사고,0,0,1,0,차대차 - 추돌,안전운전불이행,건조,맑음,교차로 - 교차로부근,승용,남,25세,상해없음,승합,남,53세,경상
2019051100100166,2019년 5월 11일 08시,토요일,인천광역시 남동구 만수동,경상사고,0,0,2,0,차대차 - 측면충돌,신호위반,건조,맑음,교차로 - 교차로안,승용,남,77세,상해없음,승용,남,58세,경상
2019051100100201,2019년 5월 11일 09시,토요일,인천광역시 미추홀구 숭의동,경상사고,0,0,1,0,차대차 - 측면충돌,안전거리미확보,건조,맑음,교차로 - 교차로부근,승용,여,57세,상해없음,승용,여,26세,경상
2019051100100237,2019년 5월 11일 10시,토요일,인천광역시 연수구 동춘동,경상사고,0,0,3,0,차대차 - 기타,안전운전불이행,건조,맑음,교차로 - 교차로부근,승용,남,63세,경상,승용,남,30세,경상
2019051100100238,2019년 5월 11일 10시,토요일,인천광역시 부평구 부개동,경상사고,0,0,1,0,차대차 - 측면충돌,안전거리미확보,건조,맑음,단일로 - 기타,화물,남,32세,상해없음,승용,여,54세,경상
2019051100100331,2019년 5월 11일 12시,토요일,인천광역시 서구 당하동,사망사고,1,0,0,0,차대차 - 측면충돌,교차로운행방법위반,건조,맑음,교차로 - 교차로횡단보도내,화물,남,64세,상해없음,자전거,남,75세,사망
2019051100100332,2019년 5월 11일 12시,토요일,인천광역시 강화군 강화읍,경상사고,0,0,3,0,차대차 - 측면충돌,안전운전불이행,건조,맑음,교차로 - 교차로안,승용,남,80세,상해없음,승합,남,50세,상해없음
2019051100100379,2019년 5월 11일 13시,토요일,인천광역시 서구 청라동,경상사고,0,0,1,0,차대차 - 기타,안전운전불이행,건조,맑음,교차로 - 교차로안,승용,여,68세,상해없음,승용,남,30세,경상
2019051100100429,2019년 5월 11일 14시,토요일,인천광역시 남동구 구월동,중상사고,0,1,1,0,차대차 - 측면충돌,교차로운행방법위반,건조,맑음,교차로 - 교차로안,승용,여,47세,상해없음,승용,남,24세,경상
2019051100100430,2019년 5월 11일 14시,토요일,인천광역시 남동구 논현동,경상사고,0,0,1,0,차대차 - 추돌,안전운전불이행,건조,맑음,교차로 - 교차로부근,기타불명,기타불명,미분류,기타불명,이륜,남,22세,경상
2019051100100468,2019년 5월 11일 15시,토요일,인천광역시 부평구 십정동,중상사고,0,1,0,0,차대사람 - 횡단중,안전운전불이행,건조,맑음,단일로 - 기타,승용,남,73세,상해없음,보행자,여,13세,중상
2019051100100469,2019년 5월 11일 15시,토요일,인천광역시 연수구 연수동,경상사고,0,0,1,0,차대차 - 추돌,안전운전불이행,건조,맑음,단일로 - 기타,승용,여,42세,상해없음,승용,남,36세,상해없음
2019051100100508,2019년 5월 11일 16시,토요일,인천광역시 미추홀구 주안동,부상신고사고,0,0,0,1,차대차 - 기타,안전운전불이행,건조,맑음,단일로 - 기타,이륜,남,19세,기타불명,자전거,여,11세,부상신고
2019051100100553,2019년 5월 11일 17시,토요일,인천광역시 계양구 계산동,경상사고,0,0,1,0,차대차 - 측면충돌,신호위반,건조,맑음,단일로 - 기타,승용,남,39세,상해없음,이륜,남,51세,경상
2019051100100554,2019년 5월 11일 17시,토요일,인천광역시 강화군 하점면,경상사고,0,0,1,0,차대차 - 기타,안전운전불이행,기타,맑음,교차로 - 교차로부근,기타불명,기타불명,미분류,기타불명,승합,남,61세,상해없음
2019051100100664,2019년 5월 11일 20시,토요일,인천광역시 계양구 작전동,경상사고,0,0,1,0,차대차 - 정면충돌,안전운전불이행,건조,맑음,교차로 - 교차로부근,승용,남,71세,상해없음,기타불명,여,60세,경상
2019051100100721,2019년 5월 11일 22시,토요일,인천광역시 서구 검암동,경상사고,0,0,2,0,차대차 - 후진중충돌,안전운전불이행,건조,맑음,단일로 - 기타,화물,남,56세,상해없음,승용,남,28세,경상
2019051200100049,2019년 5월 12일 01시,일요일,인천광역시 서구 경서동,경상사고,0,0,1,0,차대차 - 기타,안전운전불이행,건조,맑음,기타 - 기타,승용,남,30세,기타불명,승용,남,26세,경상
2019051200100061,2019년 5월 12일 02시,일요일,인천광역시 동구 송림동,중상사고,0,1,1,0,차대차 - 정면충돌,교차로운행방법위반,건조,맑음,교차로 - 교차로부근,승용,남,45세,상해없음,승용,남,20세,경상
2019051200100119,2019년 5월 12일 07시,일요일,인천광역시 남동구 간석동,부상신고사고,0,0,0,1,차대차 - 측면충돌,교차로운행방법위반,건조,맑음,교차로 - 교차로안,화물,남,63세,상해없음,승용,남,62세,부상신고
2019051200100120,2019년 5월 12일 07시,일요일,인천광역시 남동구 만수동,중상사고,0,1,2,0,차대차 - 기타,안전운전불이행,건조,맑음,단일로 - 기타,승용,여,27세,상해없음,승용,남,45세,경상
2019051200100121,2019년 5월 12일 07시,일요일,인천광역시 연수구 송도동,중상사고,0,1,1,0,차대차 - 추돌,안전운전불이행,건조,맑음,단일로 - 기타,승용,여,52세,중상,승용,남,41세,경상
2019051200100153,2019년 5월 12일 09시,일요일,인천광역시 옹진군 자월면,중상사고,0,1,0,0,차대사람 - 횡단중,안전운전불이행,건조,맑음,교차로 - 교차로부근,화물,남,48세,상해없음,보행자,여,63세,중상
2019051200100154,2019년 5월 12일 09시,일요일,인천광역시 미추홀구 숭의동,중상사고,0,1,0,0,차대차 - 추돌,신호위반,건조,맑음,교차로 - 교차로안,승용,남,32세,상해없음,이륜,남,36세,중상
2019051200100181,2019년 5월 12일 10시,일요일,인천광역시 중구 신흥동1가,경상사고,0,0,1,0,차대차 - 측면충돌,안전운전불이행,건조,맑음,단일로 - 기타,승용,여,66세,기타불명,화물,남,57세,경상
2019051200100182,2019년 5월 12일 10시,일요일,인천광역시 미추홀구 주안동,중상사고,0,1,1,0,차대차 - 측면충돌,안전운전불이행,건조,맑음,교차로 - 교차로안,승용,남,62세,상해없음,승용,남,71세,중상
2019051200100183,2019년 5월 12일 10시,일요일,인천광역시 부평구 산곡동,경상사고,0,0,1,0,차대차 - 추돌,안전운전불이행,건조,맑음,단일로 - 기타,승용,남,48세,상해없음,승용,남,27세,경상
2019051200100210,2019년 5월 12일 11시,일요일,인천광역시 미추홀구 주안동,부상신고사고,0,0,0,1,차대차 - 측면충돌,안전운전불이행,건조,맑음,단일로 - 기타,이륜,남,24세,상해없음,승용,남,29세,부상신고
2019051200100211,2019년 5월 12일 11시,일요일,인천광역시 계양구 둑실동,중상사고,0,1,0,0,차대차 - 기타,안전운전불이행,건조,맑음,단일로 - 기타,자전거,여,59세,상해없음,자전거,여,58세,중상
2019051200100212,2019년 5월 12일 11시,일요일,인천광역시 부평구 일신동,경상사고,0,0,1,0,차대사람 - 차도통행중,안전운전불이행,건조,맑음,단일로 - 기타,승용,남,79세,상해없음,보행자,남,43세,경상
2019051200100213,2019년 5월 12일 11시,일요일,인천광역시 서구 경서동,중상사고,0,1,0,0,차대차 - 기타,안전거리미확보,건조,맑음,단일로 - 기타,승용,남,66세,상해없음,승용,여,40세,중상
2019051200100249,2019년 5월 12일 12시,일요일,인천광역시 서구 청라동,경상사고,0,0,2,0,차대차 - 정면충돌,신호위반,건조,맑음,교차로 - 교차로안,이륜,남,50세,상해없음,승용,여,29세,경상
2019051200100250,2019년 5월 12일 12시,일요일,인천광역시 계양구 효성동,경상사고,0,0,1,0,차대사람 - 차도통행중,안전운전불이행,건조,맑음,교차로 - 교차로안,승용,남,56세,상해없음,보행자,여,64세,경상
2019051200100278,2019년 5월 12일 13시,일요일,인천광역시 연수구 선학동,경상사고,0,0,3,0,차대차 - 기타,교차로운행방법위반,건조,맑음,교차로 - 교차로안,승용,남,47세,상해없음,승용,남,62세,경상
2019051200100303,2019년 5월 12일 14시,일요일,인천광역시 서구 가정동,경상사고,0,0,1,0,차대차 - 측면충돌,안전운전불이행,건조,맑음,단일로 - 기타,이륜,남,81세,상해없음,승용,남,35세,경상
2019051200100341,2019년 5월 12일 15시,일요일,인천광역시 남동구 구월동,경상사고,0,0,1,0,차대차 - 측면충돌,안전운전불이행,건조,맑음,기타 - 기타,승용,남,30세,상해없음,승용,여,43세,경상