사고번호,사고일시,요일,시군구,사고내용,사망자수,중상자수,경상자수,부상신고자수,사고유형,법규위반,노면상태,기상상태,도로형태,가해운전자 차종,가해운전자 성별,가해운전자 연령,가해운전자 상해정도,피해운전자 차종,피해운전자 성별,피해운전자 연령,피해운전자 상해정도
2019051200100342,2019년 5월 12일 15시,일요일,인천광역시 서구 마전동,중상사고,0,1,0,0,차대사람 - 횡단중,안전운전불이행,건조,맑음,단일로 - 기타,승용,여,37세,상해없음,보행자,남,7세,중상
2019051200100343,2019년 5월 12일 15시,일요일,인천광역시 서구 가정동,경상사고,0,0,1,0,차대사람 - 기타,안전운전불이행,건조,맑음,단일로 - 기타,승용,남,60세,상해없음,보행자,여,53세,경상
2019051200100344,2019년 5월 12일 15시,일요일,인천광역시 서구 심곡동,경상사고,0,0,2,0,차대차 - 기타,안전운전불이행,건조,맑음,기타 - 기타,승용,여,51세,상해없음,승용,여,36세,경상
2019051200100379,2019년 5월 12일 16시,일요일,인천광역시 부평구 삼산동,경상사고,0,0,2,0,차대차 - 추돌,안전운전불이행,건조,맑음,교차로 - 교차로부근,승용,여,45세,상해없음,승용,남,29세,경상
2019051200100415,2019년 5월 12일 17시,일요일,인천광역시 서구 가정동,경상사고,0,0,1,0,차대차 - 기타,안전운전불이행,건조,맑음,교차로 - 교차로안,승용,남,47세,상해없음,승합,남,52세,상해없음
2019051200100416,2019년 5월 12일 17시,일요일,인천광역시 연수구 송도동,경상사고,0,0,3,0,차대차 - 측면충돌,안전운전불이행,건조,맑음,단일로 - 기타,승용,남,51세,상해없음,승용,남,58세,경상
2019051200100447,2019년 5월 12일 18시,일요일,인천광역시 미추홀구 주안동,경상사고,0,0,1,0,차대사람 - 길가장자리구역통행중,안전운전불이행,건조,맑음,단일로 - 기타,승용,남,75세,상해없음,보행자,여,6세,경상
2019051200100473,2019년 5월 12일 19시,일요일,인천광역시 미추홀구 도화동,경상사고,0,0,1,0,차대차 - 기타,안전운전불이행,건조,맑음,기타 - 기타,기타불명,기타불명,미분류,기타불명,개인형이동수단(PM),여,26세,경상
2019051200100504,2019년 5월 12일 20시,일요일,인천광역시 남동구 구월동,경상사고,0,0,3,0,차대차 - 측면충돌,안전운전불이행,건조,맑음,기타 - 기타,승용,남,58세,기타불명,승용,남,51세,경상
2019051200100529,2019년 5월 12일 21시,일요일,인천광역시 중구 북성동1가,중상사고,0,1,2,0,차대차 - 측면충돌,안전운전불이행,건조,맑음,교차로 - 교차로부근,승용,남,23세,상해없음,승용,남,35세,경상
2019051200100530,2019년 5월 12일 21시,일요일,인천광역시 부평구 부평동,경상사고,0,0,2,0,차대차 - 추돌,안전운전불이행,건조,맑음,교차로 - 교차로부근,승용,여,23세,상해없음,승용,남,63세,경상
2019051200100531,2019년 5월 12일 21시,일요일,인천광역시 계양구 작전동,경상사고,0,0,1,0,차대차 - 정면충돌,안전운전불이행,건조,맑음,교차로 - 교차로부근,자전거,남,52세,상해없음,이륜,남,18세,경상
2019051300100048,2019년 5월 13일 03시,월요일,인천광역시 부평구 십정동,중상사고,0,1,0,0,차대차 - 측면충돌,신호위반,건조,맑음,교차로 - 교차로안,이륜,남,16세,상해없음,승용,남,61세,상해없음
2019051300100061,2019년 5월 13일 05시,월요일,인천광역시 강화군 삼산면,경상사고,0,0,4,0,차대차 - 측면충돌,중앙선침범,건조,맑음,단일로 - 기타,승용,남,22세,상해없음,승용,남,58세,경상
2019051300100142,2019년 5월 13일 08시,월요일,인천광역시 서구 석남동,경상사고,0,0,1,0,차대사람 - 길가장자리구역통행중,안전운전불이행,건조,맑음,기타 - 기타,화물,남,36세,상해없음,보행자,남,82세,경상
2019051300100220,2019년 5월 13일 10시,월요일,인천광역시 서구 마전동,경상사고,0,0,1,0,차대사람 - 기타,안전운전불이행,건조,맑음,단일로 - 기타,승용,여,44세,상해없음,보행자,남,67세,경상
2019051300100221,2019년 5월 13일 10시,월요일,인천광역시 부평구 구산동,중상사고,0,1,0,0,차대사람 - 기타,안전운전불이행,건조,맑음,교차로 - 교차로횡단보도내,승용,남,72세,상해없음,보행자,남,61세,중상
2019051300100285,2019년 5월 13일 12시,월요일,인천광역시 부평구 청천동,경상사고,0,0,1,0,차대사람 - 횡단중,안전운전불이행,건조,맑음,교차로 - 교차로안,화물,남,60세,상해없음,보행자,남,32세,경상
2019051300100316,2019년 5월 13일 13시,월요일,인천광역시 서구 청라동,경상사고,0,0,1,0,차대차 - 측면충돌,안전운전불이행,건조,맑음,단일로 - 기타,이륜,남,73세,경상,승용,남,46세,상해없음
2019051300100359,2019년 5월 13일 14시,월요일,인천광역시 남동구 간석동,경상사고,0,0,1,0,차대차 - 측면충돌,교차로운행방법위반,건조,맑음,교차로 - 교차로안,승용,남,27세,상해없음,승용,남,40세,경상
2019051300100360,2019년 5월 13일 14시,월요일,인천광역시 계양구 박촌동,중상사고,0,1,2,0,차대차 - 측면충돌,신호위반,건조,맑음,교차로 - 교차로안,승용,남,56세,상해없음,승용,남,55세,경상
2019051300100391,2019년 5월 13일 15시,월요일,인천광역시 강화군 강화읍,경상사고,0,0,1,0,차대사람 - 기타,안전운전불이행,건조,맑음,기타 - 기타,승용,남,65세,상해없음,보행자,여,34세,경상
2019051300100460,2019년 5월 13일 17시,월요일,인천광역시 남동구 간석동,경상사고,0,0,1,0,차대차 - 측면충돌,안전거리미확보,건조,맑음,단일로 - 기타,건설기계,남,70세,상해없음,승용,남,69세,경상
2019051300100545,2019년 5월 13일 19시,월요일,인천광역시 남동구 논현동,경상사고,0,0,1,0,차대차 - 기타,안전운전불이행,건조,맑음,교차로 - 교차로안,승용,남,44세,상해없음,화물,남,58세,경상
2019051300100580,2019년 5월 13일 20시,월요일,인천광역시 동구 송림동,경상사고,0,0,1,0,차대차 - 정면충돌,안전운전불이행,건조,맑음,교차로 - 교차로부근,승용,남,46세,상해없음,화물,남,57세,상해없음
2019051300100581,2019년 5월 13일 20시,월요일,인천광역시 미추홀구 주안동,경상사고,0,0,1,0,차대차 - 측면충돌,안전운전불이행,건조,맑음,단일로 - 기타,승용,남,28세,상해없음,승용,남,31세,경상
2019051300100605,2019년 5월 13일 21시,월요일,인천광역시 서구 마전동,중상사고,0,1,0,0,차대사람 - 기타,신호위반,건조,맑음,교차로 - 교차로안,이륜,남,22세,상해없음,보행자,여,32세,중상
2019051300100606,2019년 5월 13일 21시,월요일,인천광역시 남동구 남촌동,중상사고,0,1,0,0,차대차 - 측면충돌,안전거리미확보,건조,맑음,단일로 - 기타,승용,남,65세,상해없음,사륜오토바이(ATV),남,31세,중상
2019051300100629,2019년 5월 13일 22시,월요일,인천광역시 남동구 논현동,경상사고,0,0,1,0,차대차 - 측면충돌,신호위반,건조,맑음,교차로 - 교차로안,승용,여,59세,상해없음,승용,여,23세,경상
2019051400100184,2019년 5월 14일 09시,화요일,인천광역시 남동구 간석동,경상사고,0,0,1,0,차대차 - 측면충돌,안전운전불이행,건조,맑음,단일로 - 기타,승용,남,47세,상해없음,화물,남,30세,경상
2019051400100277,2019년 5월 14일 12시,화요일,인천광역시 서구 금곡동,경상사고,0,0,1,0,차대차 - 추돌,안전운전불이행,건조,맑음,단일로 - 기타,승용,여,61세,상해없음,승용,여,36세,경상
2019051400100392,2019년 5월 14일 15시,화요일,인천광역시 미추홀구 숭의동,중상사고,0,1,0,0,차대차 - 정면충돌,안전운전불이행,건조,맑음,단일로 - 기타,승용,남,33세,상해없음,자전거,남,63세,중상
2019051400100393,2019년 5월 14일 15시,화요일,인천광역시 서구 원창동,중상사고,0,1,0,0,차대차 - 측면충돌,교차로운행방법위반,건조,맑음,교차로 - 교차로안,화물,남,51세,상해없음,승용,남,50세,중상
2019051400100428,2019년 5월 14일 16시,화요일,인천광역시 중구 운서동,경상사고,0,0,1,0,차대차 - 측면충돌,불법유턴,건조,맑음,단일로 - 기타,승용,남,29세,상해없음,승용,여,65세,경상
2019051400100429,2019년 5월 14일 16시,화요일,인천광역시 미추홀구 주안동,경상사고,0,0,1,0,차대차 - 기타,안전운전불이행,건조,맑음,단일로 - 기타,승용,남,27세,기타불명,이륜,여,32세,경상
2019051400100430,2019년 5월 14일 16시,화요일,인천광역시 계양구 효성동,경상사고,0,0,1,0,차대차 - 추돌,안전운전불이행,건조,맑음,단일로 - 기타,승용,여,54세,상해없음,승용,여,44세,경상
2019051400100431,2019년 5월 14일 16시,화요일,인천광역시 계양구 작전동,경상사고,0,0,1,0,차대차 - 기타,안전거리미확보,건조,맑음,교차로 - 교차로부근,승용,여,52세,상해없음,승합,남,64세,상해없음
2019051400100494,2019년 5월 14일 17시,화요일,인천광역시 서구 청라동,경상사고,0,0,1,0,차대차 - 기타,안전운전불이행,건조,맑음,기타 - 기타,승용,남,37세,상해없음,승용,여,58세,경상
2019051400100495,2019년 5월 14일 17시,화요일,인천광역시 계양구 용종동,경상사고,0,0,1,0,차대사람 - 기타,안전운전불이행,건조,맑음,교차로 - 교차로부근,승합,남,37세,상해없음,보행자,여,50세,경상
2019051400100496,2019년 5월 14일 17시,화요일,인천광역시 남동구 고잔동,경상사고,0,0,4,0,차대차 - 추돌,안전운전불이행,건조,맑음,단일로 - 기타,화물,남,31세,상해없음,승용,남,34세,경상
2019051400100534,2019년 5월 14일 18시,화요일,인천광역시 중구 중산동,부상신고사고,0,0,0,1,차대차 - 정면충돌,안전운전불이행,건조,맑음,교차로 - 교차로부근,승용,여,39세,상해없음,자전거,남,10세,부상신고
2019051400100535,2019년 5월 14일 18시,화요일,인천광역시 중구 운서동,경상사고,0,0,1,0,차대차 - 측면충돌,신호위반,건조,맑음,교차로 - 교차로안,승용,여,53세,상해없음,승용,여,63세,경상
2019051400100536,2019년 5월 14일 18시,화요일,인천광역시 남동구 간석동,경상사고,0,0,1,0,차대차 - 정면충돌,신호위반,건조,맑음,교차로 - 교차로부근,승용,남,59세,상해없음,자전거,남,8세,경상
2019051400100570,2019년 5월 14일 19시,화요일,인천광역시 남동구 만수동,경상사고,0,0,1,0,차대차 - 측면충돌,안전거리미확보,건조,맑음,단일로 - 기타,승용,남,62세,상해없음,승합,남,50세,경상
2019051400100610,2019년 5월 14일 20시,화요일,인천광역시 부평구 부평동,경상사고,0,0,1,0,차대차 - 측면충돌,차로위반,건조,맑음,교차로 - 교차로부근,승합,남,64세,상해없음,승용,남,45세,상해없음
2019051400100647,2019년 5월 14일 21시,화요일,인천광역시 계양구 용종동,경상사고,0,0,1,0,차대사람 - 횡단중,신호위반,건조,맑음,단일로 - 기타,승용,남,54세,기타불명,보행자,남,16세,경상
2019051400100669,2019년 5월 14일 22시,화요일,인천광역시 계양구 효성동,중상사고,0,1,0,0,차대사람 - 기타,기타,건조,맑음,단일로 - 기타,승용,남,61세,상해없음,보행자,여,58세,중상
2019051500100054,2019년 5월 15일 01시,수요일,인천광역시 미추홀구 학익동,경상사고,0,0,1,0,차량단독 - 공작물충돌,안전운전불이행,건조,맑음,단일로 - 기타,화물,남,33세,상해없음,,,,
2019051500100070,2019년 5월 15일 03시,수요일,인천광역시 남동구 구월동,경상사고,0,0,2,0,차대차 - 측면충돌,안전운전불이행,건조,맑음,단일로 - 기타,승용,남,51세,상해없음,화물,남,47세,경상
2019051500100071,2019년 5월 15일 03시,수요일,인천광역시 서구 검암동,경상사고,0,0,2,0,차대차 - 측면충돌,신호위반,건조,맑음,교차로 - 교차로횡단보도내,승용,남,45세,상해없음,승용,남,35세,경상
2019051500100120,2019년 5월 15일 07시,수요일,인천광역시 서구 가정동,경상사고,0,0,2,0,차대차 - 측면충돌,안전운전불이행,건조,맑음,교차로 - 교차로부근,승용,남,57세,경상,승용,여,29세,경상
2019051500100121,2019년 5월 15일 07시,수요일,인천광역시 서구 마전동,경상사고,0,0,1,0,차대차 - 기타,안전운전불이행,건조,맑음,기타 - 기타,승용,여,45세,상해없음,승용,여,47세,경상
2019051500100195,2019년 5월 15일 09시,수요일,인천광역시 미추홀구 주안동,경상사고,0,0,1,0,차대사람 - 기타,안전운전불이행,건조,맑음,단일로 - 기타,승용,남,74세,상해없음,보행자,남,56세,경상
2019051500100196,2019년 5월 15일 09시,수요일,인천광역시 서구 신현동,중상사고,0,1,0,0,차대사람 - 기타,기타,건조,맑음,단일로 - 기타,승용,남,72세,상해없음,보행자,여,57세,중상
2019051500100236,2019년 5월 15일 10시,수요일,인천광역시 남동구 간석동,경상사고,0,0,1,0,차대차 - 측면충돌,안전거리미확보,건조,맑음,기타 - 기타,승합,남,56세,상해없음,승용,남,28세,경상
2019051500100269,2019년 5월 15일 11시,수요일,인천광역시 중구 항동7가,경상사고,0,0,1,0,차대차 - 측면충돌,신호위반,건조,맑음,단일로 - 기타,화물,남,55세,상해없음,승용,여,46세,경상
2019051500100270,2019년 5월 15일 11시,수요일,인천광역시 서구 가좌동,중상사고,0,1,0,0,차대차 - 기타,안전운전불이행,건조,맑음,교차로 - 교차로안,승용,남,44세,상해없음,이륜,남,64세,중상
2019051500100271,2019년 5월 15일 11시,수요일,인천광역시 중구 운서동,경상사고,0,0,1,0,차대차 - 추돌,과속,건조,맑음,단일로 - 교량,승용,남,55세,상해없음,화물,남,43세,경상
2019051500100310,2019년 5월 15일 12시,수요일,인천광역시 미추홀구 관교동,경상사고,0,0,1,0,차대차 - 측면충돌,교차로운행방법위반,건조,맑음,교차로 - 교차로안,승합,남,58세,상해없음,승용,남,48세,경상
2019051500100311,2019년 5월 15일 12시,수요일,인천광역시 서구 가좌동,경상사고,0,0,2,0,차대차 - 기타,안전운전불이행,건조,맑음,교차로 - 교차로안,화물,남,73세,상해없음,승용,남,26세,경상
2019051500100312,2019년 5월 15일 12시,수요일,인천광역시 연수구 선학동,경상사고,0,0,1,0,차대사람 - 보도통행중,신호위반,건조,맑음,교차로 - 교차로안,승합,남,70세,상해없음,보행자,여,60세,경상
2019051500100385,2019년 5월 15일 14시,수요일,인천광역시 미추홀구 관교동,중상사고,0,1,0,0,차대차 - 측면충돌,신호위반,건조,맑음,기타 - 기타,승용,남,40세,상해없음,승용,여,64세,중상
2019051500100386,2019년 5월 15일 14시,수요일,인천광역시 서구 가좌동,경상사고,0,0,1,0,차대차 - 추돌,안전운전불이행,건조,맑음,기타 - 기타,승용,남,58세,상해없음,승용,남,30세,경상
2019051500100430,2019년 5월 15일 15시,수요일,인천광역시 서구 심곡동,중상사고,0,1,0,0,차대사람 - 기타,안전운전불이행,건조,맑음,단일로 - 기타,승용,남,56세,상해없음,보행자,여,77세,중상
2019051500100514,2019년 5월 15일 17시,수요일,인천광역시 미추홀구 용현동,경상사고,0,0,2,0,차대사람 - 기타,안전운전불이행,기타,맑음,교차로 - 교차로안,화물,남,53세,상해없음,보행자,여,29세,경상
2019051500100515,2019년 5월 15일 17시,수요일,인천광역시 서구 청라동,경상사고,0,0,1,0,차대차 - 정면충돌,안전운전불이행,건조,맑음,단일로 - 지하차도(도로)내,승합,여,23세,상해없음,자전거,남,12세,경상
2019051500100516,2019년 5월 15일 17시,수요일,인천광역시 서구 당하동,중상사고,0,1,1,0,차대차 - 정면충돌,신호위반,건조,맑음,교차로 - 교차로안,승용,여,34세,상해없음,이륜,남,56세,경상
2019051500100562,2019년 5월 15일 18시,수요일,인천광역시 연수구 송도동,경상사고,0,0,1,0,차대차 - 측면충돌,안전운전불이행,건조,맑음,단일로 - 기타,승용,여,39세,상해없음,승용,남,25세,경상
2019051500100604,2019년 5월 15일 19시,수요일,인천광역시 연수구 송도동,사망사고,2,3,2,0,차대차 - 정면충돌,신호위반,건조,맑음,교차로 - 교차로안,승합,남,22세,상해없음,승합,여,47세,중상
2019051500100605,2019년 5월 15일 19시,수요일,인천광역시 부평구 일신동,경상사고,0,0,1,0,차대차 - 추돌,안전거리미확보,건조,맑음,교차로 - 교차로안,화물,남,48세,상해없음,승용,남,55세,경상
2019051500100644,2019년 5월 15일 20시,수요일,인천광역시 미추홀구 주안동,중상사고,0,1,0,0,차대차 - 측면충돌,기타,건조,맑음,단일로 - 기타,승용,남,34세,상해없음,이륜,남,27세,중상
2019051500100645,2019년 5월 15일 20시,수요일,인천광역시 남동구 구월동,경상사고,0,0,1,0,차대차 - 추돌,안전운전불이행,건조,맑음,교차로 - 교차로부근,승용,여,52세,상해없음,승용,여,29세,경상
2019051500100646,2019년 5월 15일 20시,수요일,인천광역시 서구 석남동,중상사고,0,1,0,0,차대사람 - 차도통행중,안전운전불이행,건조,맑음,교차로 - 교차로안,승용,남,38세,상해없음,보행자,남,48세,중상
2019051500100669,2019년 5월 15일 21시,수요일,인천광역시 연수구 송도동,경상사고,0,0,1,0,차대차 - 측면충돌,안전운전불이행,건조,맑음,단일로 - 기타,승용,남,40세,상해없음,승용,여,46세,경상
2019051600100068,2019년 5월 16일 02시,목요일,인천광역시 남동구 간석동,경상사고,0,0,1,0,차대차 - 측면충돌,신호위반,건조,맑음,단일로 - 기타,화물,남,46세,상해없음,승용,남,22세,경상
2019051600100135,2019년 5월 16일 07시,목요일,인천광역시 미추홀구 문학동,경상사고,0,0,2,0,차대차 - 추돌,안전운전불이행,건조,맑음,단일로 - 기타,승용,남,53세,상해없음,승용,남,49세,경상
2019051600100316,2019년 5월 16일 11시,목요일,인천광역시 계양구 용종동,경상사고,0,0,1,0,차대차 - 측면충돌,안전운전불이행,건조,맑음,단일로 - 기타,승용,남,69세,상해없음,승용,여,56세,경상
2019051600100404,2019년 5월 16일 14시,목요일,인천광역시 서구 청라동,경상사고,0,0,1,0,차대차 - 측면충돌,신호위반,건조,맑음,교차로 - 교차로안,승용,여,61세,상해없음,승용,여,32세,경상
2019051600100475,2019년 5월 16일 16시,목요일,인천광역시 동구 송림동,중상사고,0,2,1,0,차대차 - 추돌,안전거리미확보,건조,맑음,교차로 - 교차로안,승용,남,36세,중상,승용,남,45세,경상
2019051600100476,2019년 5월 16일 16시,목요일,인천광역시 서구 원당동,경상사고,0,0,1,0,차대차 - 추돌,안전운전불이행,건조,맑음,교차로 - 교차로부근,승합,남,31세,상해없음,승용,남,34세,경상
2019051600100537,2019년 5월 16일 17시,목요일,인천광역시 미추홀구 학익동,경상사고,0,0,1,1,차대차 - 측면충돌,안전운전불이행,건조,맑음,단일로 - 기타,승용,남,72세,상해없음,승용,여,37세,경상
2019051600100538,2019년 5월 16일 17시,목요일,인천광역시 남동구 만수동,경상사고,0,0,2,0,차대차 - 추돌,안전운전불이행,건조,맑음,단일로 - 기타,승용,여,48세,상해없음,승용,남,60세,경상
2019051600100585,2019년 5월 16일 18시,목요일,인천광역시 연수구 연수동,중상사고,0,1,3,0,차량단독 - 공작물충돌,안전운전불이행,건조,맑음,교차로 - 교차로부근,승합,남,59세,상해없음,,,,
2019051600100586,2019년 5월 16일 18시,목요일,인천광역시 연수구 동춘동,경상사고,0,0,1,2,차대차 - 기타,신호위반,건조,맑음,단일로 - 터널,이륜,남,29세,상해없음,승용,남,58세,경상
2019051600100652,2019년 5월 16일 20시,목요일,인천광역시 서구 경서동,중상사고,0,1,0,0,차량단독 - 기타,안전운전불이행,건조,맑음,단일로 - 기타,승합,남,49세,상해없음,,,,
2019051600100683,2019년 5월 16일 21시,목요일,인천광역시 부평구 산곡동,경상사고,0,0,2,0,차대차 - 추돌,안전운전불이행,건조,맑음,기타 - 기타,승용,남,54세,상해없음,승용,남,39세,경상
2019051600100708,2019년 5월 16일 22시,목요일,인천광역시 미추홀구 주안동,경상사고,0,0,1,0,차대차 - 측면충돌,안전운전불이행,건조,맑음,교차로 - 교차로안,승용,남,62세,상해없음,승용,남,30세,경상
2019051600100709,2019년 5월 16일 22시,목요일,인천광역시 부평구 부평동,중상사고,0,1,0,0,차대차 - 추돌,안전거리미확보,건조,맑음,단일로 - 기타,승용,여,50세,기타불명,승용,여,43세,중상
2019051600100731,2019년 5월 16일 23시,목요일,인천광역시 미추홀구 주안동,경상사고,0,0,2,0,차대차 - 측면충돌,안전운전불이행,건조,맑음,단일로 - 기타,승용,남,45세,상해없음,승용,남,22세,경상
2019051600100732,2019년 5월 16일 23시,목요일,인천광역시 연수구 송도동,경상사고,0,0,1,0,차대차 - 기타,신호위반,건조,맑음,교차로 - 교차로안,이륜,남,18세,상해없음,승용,남,51세,경상
2019051600100733,2019년 5월 16일 23시,목요일,인천광역시 계양구 작전동,경상사고,0,0,1,0,차대차 - 추돌,안전운전불이행,건조,맑음,단일로 - 기타,화물,남,41세,상해없음,승용,남,53세,경상
2019051700100030,2019년 5월 17일 00시,금요일,인천광역시 미추홀구 도화동,중상사고,0,1,1,0,차대차 - 측면충돌,신호위반,건조,맑음,교차로 - 교차로안,승용,여,33세,상해없음,승용,남,49세,중상
2019051700100077,2019년 5월 17일 05시,금요일,인천광역시 부평구 일신동,경상사고,0,0,1,0,차대차 - 측면충돌,신호위반,건조,맑음,단일로 - 기타,승용,여,49세,상해없음,승용,남,39세,경상
2019051700100118,2019년 5월 17일 07시,금요일,인천광역시 남동구 논현동,경상사고,0,0,1,0,차대차 - 측면충돌,안전운전불이행,건조,맑음,단일로 - 기타,승용,여,24세,상해없음,자전거,남,67세,경상
2019051700100159,2019년 5월 17일 08시,금요일,인천광역시 부평구 산곡동,부상신고사고,0,0,0,1,차대차 - 측면충돌,안전운전불이행,건조,맑음,단일로 - 기타,기타불명,기타불명,미분류,기타불명,자전거,남,16세,부상신고
2019051700100160,2019년 5월 17일 08시,금요일,인천광역시 연수구 연수동,경상사고,0,0,1,0,차대차 - 추돌,안전운전불이행,건조,맑음,단일로 - 기타,승용,남,35세,상해없음,승용,남,74세,경상
2019051700100191,2019년 5월 17일 09시,금요일,인천광역시 계양구 장기동,중상사고,0,1,0,0,차대차 - 측면충돌,신호위반,건조,맑음,교차로 - 교차로안,화물,남,34세,상해없음,승용,남,35세,중상
2019051700100222,2019년 5월 17일 10시,금요일,인천광역시 중구 운서동,경상사고,0,0,1,0,차대차 - 측면충돌,신호위반,건조,맑음,교차로 - 교차로부근,화물,남,68세,상해없음,화물,남,51세,경상
2019051700100285,2019년 5월 17일 12시,금요일,인천광역시 미추홀구 관교동,경상사고,0,0,3,0,차대차 - 추돌,안전운전불이행,건조,맑음,단일로 - 기타,승용,여,48세,상해없음,승용,여,49세,경상
2019051700100356,2019년 5월 17일 14시,금요일,인천광역시 미추홀구 주안동,경상사고,0,0,2,0,차대차 - 측면충돌,신호위반,건조,맑음,교차로 - 교차로부근,승용,남,81세,상해없음,승용,남,54세,경상
2019051700100537,2019년 5월 17일 18시,금요일,인천광역시 서구 청라동,경상사고,0,0,1,0,차대차 - 기타,안전운전불이행,건조,맑음,단일로 - 기타,원동기,남,16세,상해없음,승용,여,40세,경상
2019051700100538,2019년 5월 17일 18시,금요일,인천광역시 서구 가정동,경상사고,0,0,1,0,차대차 - 기타,안전운전불이행,건조,맑음,단일로 - 기타,승용,남,65세,상해없음,승용,남,44세,경상
2019051700100585,2019년 5월 17일 19시,금요일,인천광역시 계양구 동양동,경상사고,0,0,1,0,차대차 - 측면충돌,안전운전불이행,건조,맑음,단일로 - 기타,승용,여,34세,상해없음,자전거,남,55세,경상
2019051700100622,2019년 5월 17일 20시,금요일,인천광역시 남동구 논현동,중상사고,0,1,0,0,차대사람 - 횡단중,안전운전불이행,건조,맑음,단일로 - 기타,승용,남,51세,상해없음,보행자,여,8세,중상
2019051700100666,2019년 5월 17일 21시,금요일,인천광역시 남동구 구월동,부상신고사고,0,0,0,1,차대차 - 추돌,안전운전불이행,건조,맑음,교차로 - 교차로부근,승용,여,57세,상해없음,승용,남,27세,부상신고
2019051700100691,2019년 5월 17일 22시,금요일,인천광역시 남동구 만수동,경상사고,0,0,1,0,차대차 - 추돌,교차로운행방법위반,건조,맑음,교차로 - 교차로안,이륜,남,26세,상해없음,이륜,여,20세,경상
2019051700100692,2019년 5월 17일 22시,금요일,인천광역시 서구 가좌동,중상사고,0,1,0,0,차대차 - 측면충돌,안전거리미확보,건조,맑음,단일로 - 기타,승용,여,36세,상해없음,승용,남,36세,중상
2019051800100047,2019년 5월 18일 00시,토요일,인천광역시 서구 연희동,중상사고,0,1,0,0,차대사람 - 기타,안전운전불이행,건조,맑음,단일로 - 기타,이륜,남,27세,상해없음,보행자,남,46세,중상
2019051800100094,2019년 5월 18일 02시,토요일,인천광역시 서구 검암동,중상사고,0,1,1,0,차대차 - 추돌,안전운전불이행,건조,맑음,단일로 - 고가도로위,승용,남,36세,경상,화물,남,32세,중상
2019051800100109,2019년 5월 18일 03시,토요일,인천광역시 남동구 구월동,경상사고,0,0,2,0,차대차 - 추돌,안전운전불이행,건조,흐림,단일로 - 기타,승용,남,32세,상해없음,승용,남,31세,경상
2019051800100140,2019년 5월 18일 05시,토요일,인천광역시 남동구 구월동,경상사고,0,0,1,0,차대차 - 측면충돌,안전운전불이행,건조,맑음,교차로 - 교차로부근,특수,남,30세,상해없음,승용,남,59세,경상
2019051800100151,2019년 5월 18일 06시,토요일,인천광역시 강화군 강화읍,경상사고,0,0,1,0,차대차 - 추돌,안전운전불이행,건조,맑음,교차로 - 교차로안,승합,남,23세,상해없음,화물,남,62세,경상
2019051800100182,2019년 5월 18일 08시,토요일,인천광역시 남동구 간석동,경상사고,0,0,1,0,차대차 - 추돌,안전운전불이행,건조,맑음,단일로 - 기타,승용,남,34세,상해없음,승용,여,52세,경상
2019051800100209,2019년 5월 18일 09시,토요일,인천광역시 서구 심곡동,경상사고,0,0,1,0,차대차 - 추돌,안전거리미확보,건조,맑음,교차로 - 교차로안,자전거,여,22세,경상,승용,남,35세,상해없음
2019051800100247,2019년 5월 18일 10시,토요일,인천광역시 남동구 간석동,경상사고,0,0,1,0,차대사람 - 기타,교차로운행방법위반,건조,맑음,교차로 - 교차로부근,화물,남,71세,상해없음,보행자,남,28세,경상
2019051800100287,2019년 5월 18일 11시,토요일,인천광역시 부평구 삼산동,중상사고,0,1,0,0,차대사람 - 기타,안전운전불이행,건조,맑음,단일로 - 기타,승용,남,72세,상해없음,보행자,남,57세,중상
2019051800100328,2019년 5월 18일 12시,토요일,인천광역시 남동구 간석동,경상사고,0,0,1,0,차대차 - 측면충돌,교차로운행방법위반,건조,맑음,교차로 - 교차로안,승용,남,53세,기타불명,승용,남,39세,경상
2019051800100329,2019년 5월 18일 12시,토요일,인천광역시 남동구 논현동,경상사고,0,0,1,0,차대차 - 기타,안전운전불이행,건조,맑음,교차로 - 교차로부근,승합,남,53세,상해없음,승용,남,51세,상해없음
2019051800100374,2019년 5월 18일 13시,토요일,인천광역시 미추홀구 용현동,중상사고,0,1,0,0,차대차 - 기타,보행자보호의무위반,건조,맑음,교차로 - 교차로횡단보도내,승용,남,38세,상해없음,자전거,남,90세 이상,중상
2019051800100375,2019년 5월 18일 13시,토요일,인천광역시 계양구 효성동,중상사고,0,1,4,2,차대차 - 추돌,안전운전불이행,건조,맑음,단일로 - 기타,화물,남,59세,상해없음,승합,여,36세,중상
2019051800100410,2019년 5월 18일 14시,토요일,인천광역시 남동구 고잔동,중상사고,0,1,7,0,차대차 - 기타,안전운전불이행,건조,맑음,단일로 - 기타,특수,남,53세,상해없음,승용,남,33세,경상
2019051800100443,2019년 5월 18일 15시,토요일,인천광역시 남동구 만수동,중상사고,0,1,1,0,차대차 - 측면충돌,교차로운행방법위반,건조,맑음,교차로 - 교차로안,이륜,남,43세,중상,승용,남,72세,경상
2019051800100482,2019년 5월 18일 16시,토요일,인천광역시 서구 청라동,중상사고,0,1,0,0,차대차 - 측면충돌,안전운전불이행,건조,맑음,단일로 - 기타,승용,남,56세,상해없음,승용,남,75세,중상