사고번호,사고일시,요일,시군구,사고내용,사망자수,중상자수,경상자수,부상신고자수,사고유형,법규위반,노면상태,기상상태,도로형태,가해운전자 차종,가해운전자 성별,가해운전자 연령,가해운전자 상해정도,피해운전자 차종,피해운전자 성별,피해운전자 연령,피해운전자 상해정도
2019051800100516,2019년 5월 18일 17시,토요일,인천광역시 중구 을왕동,경상사고,0,0,1,0,차대사람 - 기타,안전운전불이행,건조,맑음,기타 - 기타,승용,남,38세,상해없음,보행자,남,36세,경상
2019051800100517,2019년 5월 18일 17시,토요일,인천광역시 부평구 삼산동,경상사고,0,0,1,0,차대차 - 추돌,안전운전불이행,건조,맑음,교차로 - 교차로부근,승용,여,44세,상해없음,승용,남,30세,경상
2019051800100518,2019년 5월 18일 17시,토요일,인천광역시 부평구 부개동,경상사고,0,0,1,0,차대사람 - 기타,안전운전불이행,건조,맑음,단일로 - 기타,승용,남,60세,상해없음,보행자,남,73세,경상
2019051800100554,2019년 5월 18일 18시,토요일,인천광역시 부평구 부평동,경상사고,0,0,3,0,차대차 - 측면충돌,신호위반,건조,맑음,교차로 - 교차로안,승용,남,56세,상해없음,승용,남,25세,경상
2019051800100555,2019년 5월 18일 18시,토요일,인천광역시 서구 석남동,중상사고,0,1,1,0,차대차 - 추돌,안전운전불이행,건조,맑음,단일로 - 기타,승용,남,49세,상해없음,승용,남,37세,경상
2019051800100618,2019년 5월 18일 20시,토요일,인천광역시 연수구 송도동,경상사고,0,0,1,0,차량단독 - 공작물충돌,안전운전불이행,건조,맑음,교차로 - 교차로안,승용,남,56세,상해없음,,,,
2019051800100642,2019년 5월 18일 21시,토요일,인천광역시 중구 북성동1가,경상사고,0,0,1,0,차대사람 - 횡단중,보행자보호의무위반,젖음/습기,흐림,단일로 - 기타,승용,여,26세,상해없음,보행자,남,8세,경상
2019051800100690,2019년 5월 18일 23시,토요일,인천광역시 미추홀구 용현동,중상사고,0,1,0,0,차대사람 - 기타,기타,건조,맑음,기타 - 기타,이륜,남,33세,상해없음,보행자,여,63세,중상
2019051800100691,2019년 5월 18일 23시,토요일,인천광역시 서구 신현동,중상사고,0,1,0,0,차대사람 - 횡단중,안전운전불이행,건조,맑음,단일로 - 기타,이륜,남,18세,상해없음,보행자,여,50세,중상
2019051800100692,2019년 5월 18일 23시,토요일,인천광역시 남동구 만수동,중상사고,0,1,0,1,차대차 - 측면충돌,신호위반,젖음/습기,비,교차로 - 교차로안,승용,남,50세,상해없음,화물,여,54세,중상
2019051900100040,2019년 5월 19일 00시,일요일,인천광역시 남동구 구월동,경상사고,0,0,2,0,차대차 - 측면충돌,교차로운행방법위반,젖음/습기,비,교차로 - 교차로안,승용,남,40세,상해없음,승용,여,19세,경상
2019051900100041,2019년 5월 19일 00시,일요일,인천광역시 서구 가정동,경상사고,0,0,2,0,차대차 - 추돌,안전운전불이행,건조,맑음,교차로 - 교차로안,승용,남,40세,상해없음,승용,남,27세,경상
2019051900100058,2019년 5월 19일 01시,일요일,인천광역시 중구 을왕동,경상사고,0,0,1,0,차대차 - 추돌,안전운전불이행,젖음/습기,비,교차로 - 교차로부근,승용,남,25세,상해없음,승용,남,37세,상해없음
2019051900100059,2019년 5월 19일 01시,일요일,인천광역시 미추홀구 주안동,경상사고,0,0,2,0,차대차 - 측면충돌,안전운전불이행,젖음/습기,비,기타 - 기타,승용,남,53세,상해없음,승합,남,60세,경상
2019051900100076,2019년 5월 19일 03시,일요일,인천광역시 남동구 간석동,경상사고,0,0,1,0,차대차 - 기타,안전운전불이행,건조,맑음,단일로 - 기타,승용,남,74세,상해없음,이륜,남,41세,경상
2019051900100077,2019년 5월 19일 03시,일요일,인천광역시 부평구 부평동,경상사고,0,0,1,0,차대사람 - 횡단중,신호위반,건조,맑음,교차로 - 교차로횡단보도내,이륜,남,21세,상해없음,보행자,여,26세,경상
2019051900100127,2019년 5월 19일 07시,일요일,인천광역시 계양구 작전동,경상사고,0,0,1,0,차대차 - 기타,신호위반,젖음/습기,흐림,교차로 - 교차로부근,승용,남,25세,상해없음,승용,남,58세,상해없음
2019051900100157,2019년 5월 19일 09시,일요일,인천광역시 남동구 남촌동,중상사고,0,1,1,0,차대차 - 측면충돌,신호위반,젖음/습기,비,단일로 - 기타,승용,남,68세,상해없음,승합,남,74세,경상
2019051900100173,2019년 5월 19일 10시,일요일,인천광역시 미추홀구 주안동,중상사고,0,1,0,0,차대사람 - 횡단중,안전운전불이행,건조,맑음,단일로 - 기타,승용,여,55세,상해없음,보행자,여,76세,중상
2019051900100174,2019년 5월 19일 10시,일요일,인천광역시 남동구 구월동,경상사고,0,0,1,0,차대차 - 측면충돌,교차로운행방법위반,젖음/습기,비,교차로 - 교차로안,승용,남,53세,상해없음,승용,여,32세,경상
2019051900100175,2019년 5월 19일 10시,일요일,인천광역시 남동구 서창동,중상사고,0,1,2,0,차대차 - 기타,신호위반,젖음/습기,비,교차로 - 교차로안,승용,여,58세,경상,승용,남,57세,중상
2019051900100176,2019년 5월 19일 10시,일요일,인천광역시 남동구 논현동,경상사고,0,0,1,0,차대사람 - 기타,안전운전불이행,건조,맑음,기타 - 기타,승용,남,51세,상해없음,보행자,남,62세,경상
2019051900100198,2019년 5월 19일 11시,일요일,인천광역시 서구 신현동,중상사고,0,1,0,0,차대사람 - 횡단중,보행자보호의무위반,건조,맑음,교차로 - 교차로안,승용,남,33세,상해없음,보행자,남,56세,중상
2019051900100199,2019년 5월 19일 11시,일요일,인천광역시 서구 공촌동,경상사고,0,0,2,0,차대차 - 추돌,안전운전불이행,건조,맑음,교차로 - 교차로부근,승용,남,65세,상해없음,승합,남,67세,경상
2019051900100227,2019년 5월 19일 12시,일요일,인천광역시 옹진군 영흥면,경상사고,0,0,2,0,차대차 - 측면충돌,교차로운행방법위반,건조,흐림,교차로 - 교차로안,승용,남,31세,상해없음,승용,남,29세,경상
2019051900100228,2019년 5월 19일 12시,일요일,인천광역시 옹진군 대청면,중상사고,0,4,0,0,차대차 - 추돌,안전운전불이행,젖음/습기,흐림,단일로 - 기타,화물,남,65세,중상,화물,남,56세,중상
2019051900100229,2019년 5월 19일 12시,일요일,인천광역시 연수구 송도동,경상사고,0,0,2,0,차대차 - 측면충돌,신호위반,젖음/습기,비,교차로 - 교차로안,이륜,남,26세,경상,승용,남,50세,경상
2019051900100252,2019년 5월 19일 13시,일요일,인천광역시 부평구 십정동,경상사고,0,0,1,0,차대차 - 추돌,안전운전불이행,건조,맑음,교차로 - 교차로부근,승용,남,50세,상해없음,승용,남,27세,상해없음
2019051900100253,2019년 5월 19일 13시,일요일,인천광역시 서구 가좌동,중상사고,0,1,0,0,차대차 - 기타,안전운전불이행,건조,맑음,교차로 - 교차로부근,특수,남,79세,상해없음,승용,여,47세,상해없음
2019051900100319,2019년 5월 19일 15시,일요일,인천광역시 서구 금곡동,경상사고,0,0,1,0,차대차 - 추돌,안전운전불이행,건조,맑음,교차로 - 교차로부근,승용,남,65세,기타불명,승용,여,32세,경상
2019051900100320,2019년 5월 19일 15시,일요일,인천광역시 계양구 효성동,경상사고,0,0,1,0,차대차 - 정면충돌,신호위반,젖음/습기,비,교차로 - 교차로안,승용,여,68세,상해없음,승용,남,55세,경상
2019051900100321,2019년 5월 19일 15시,일요일,인천광역시 부평구 삼산동,경상사고,0,0,4,0,차대차 - 측면충돌,안전거리미확보,건조,맑음,단일로 - 기타,승용,남,29세,상해없음,승용,여,58세,경상
2019051900100356,2019년 5월 19일 16시,일요일,인천광역시 남동구 구월동,경상사고,0,0,1,0,차대차 - 기타,신호위반,젖음/습기,비,교차로 - 교차로안,기타불명,기타불명,미분류,기타불명,이륜,남,36세,경상
2019051900100392,2019년 5월 19일 17시,일요일,인천광역시 서구 원당동,중상사고,0,1,0,0,차대차 - 기타,신호위반,젖음/습기,비,교차로 - 교차로안,승용,남,29세,기타불명,승용,남,49세,중상
2019051900100430,2019년 5월 19일 18시,일요일,인천광역시 서구 연희동,경상사고,0,0,1,0,차대사람 - 기타,안전운전불이행,젖음/습기,비,단일로 - 기타,승용,남,40세,상해없음,보행자,남,28세,경상
2019051900100431,2019년 5월 19일 18시,일요일,인천광역시 연수구 송도동,경상사고,0,0,1,0,차대차 - 측면충돌,신호위반,젖음/습기,흐림,교차로 - 교차로안,승용,여,61세,상해없음,승용,여,35세,경상
2019051900100469,2019년 5월 19일 19시,일요일,인천광역시 남동구 만수동,경상사고,0,0,1,0,차대차 - 측면충돌,신호위반,젖음/습기,맑음,교차로 - 교차로안,승용,남,74세,상해없음,이륜,남,20세,경상
2019051900100509,2019년 5월 19일 20시,일요일,인천광역시 미추홀구 숭의동,중상사고,0,1,1,0,차대사람 - 횡단중,보행자보호의무위반,젖음/습기,비,교차로 - 교차로안,승용,여,30세,상해없음,보행자,여,21세,중상
2019051900100544,2019년 5월 19일 21시,일요일,인천광역시 중구 용동,경상사고,0,0,1,0,차대사람 - 차도통행중,안전운전불이행,젖음/습기,비,단일로 - 기타,승용,남,23세,상해없음,보행자,남,42세,경상
2019051900100545,2019년 5월 19일 21시,일요일,인천광역시 서구 가정동,경상사고,0,0,1,0,차대차 - 측면충돌,안전거리미확보,젖음/습기,비,단일로 - 기타,승합,남,51세,기타불명,승용,남,34세,상해없음
2019051900100546,2019년 5월 19일 21시,일요일,인천광역시 부평구 부평동,경상사고,0,0,1,0,차대차 - 추돌,안전운전불이행,건조,맑음,교차로 - 교차로안,승용,남,40세,상해없음,승용,남,28세,경상
2019051900100573,2019년 5월 19일 22시,일요일,인천광역시 동구 창영동,경상사고,0,0,1,0,차대차 - 측면충돌,안전운전불이행,젖음/습기,비,교차로 - 교차로안,승용,남,35세,상해없음,승용,여,61세,경상
2019051900100574,2019년 5월 19일 22시,일요일,인천광역시 서구 금곡동,사망사고,1,0,0,0,차대사람 - 횡단중,신호위반,젖음/습기,비,단일로 - 기타,승용,남,28세,상해없음,보행자,여,61세,사망
2019052000100043,2019년 5월 20일 02시,월요일,인천광역시 서구 가좌동,경상사고,0,0,2,0,차대차 - 추돌,안전운전불이행,건조,맑음,단일로 - 지하차도(도로)내,화물,남,50세,상해없음,승용,남,60세,경상
2019052000100064,2019년 5월 20일 05시,월요일,인천광역시 남동구 구월동,경상사고,0,0,3,0,차대차 - 측면충돌,안전운전불이행,건조,맑음,단일로 - 기타,승용,남,40세,상해없음,승용,남,53세,경상
2019052000100065,2019년 5월 20일 05시,월요일,인천광역시 서구 청라동,경상사고,0,0,1,0,차대차 - 기타,신호위반,건조,맑음,교차로 - 교차로안,기타불명,기타불명,미분류,기타불명,승합,남,66세,상해없음
2019052000100147,2019년 5월 20일 08시,월요일,인천광역시 계양구 서운동,경상사고,0,0,2,0,차대차 - 측면충돌,안전거리미확보,건조,맑음,교차로 - 교차로부근,화물,남,67세,상해없음,승용,남,36세,경상
2019052000100148,2019년 5월 20일 08시,월요일,인천광역시 계양구 작전동,중상사고,0,1,1,0,차대차 - 측면충돌,안전운전불이행,건조,맑음,교차로 - 교차로안,화물,남,58세,경상,화물,남,52세,중상
2019052000100182,2019년 5월 20일 09시,월요일,인천광역시 남동구 구월동,경상사고,0,0,1,0,차대차 - 측면충돌,안전운전불이행,건조,맑음,단일로 - 기타,승용,여,38세,상해없음,승용,여,41세,경상
2019052000100223,2019년 5월 20일 10시,월요일,인천광역시 연수구 동춘동,경상사고,0,0,1,0,차대차 - 추돌,안전운전불이행,건조,맑음,교차로 - 교차로부근,승용,남,49세,상해없음,화물,남,54세,경상
2019052000100258,2019년 5월 20일 11시,월요일,인천광역시 중구 운서동,경상사고,0,0,1,0,차대사람 - 기타,안전운전불이행,건조,맑음,단일로 - 기타,승합,남,65세,상해없음,보행자,여,36세,경상
2019052000100259,2019년 5월 20일 11시,월요일,인천광역시 서구 가정동,경상사고,0,0,1,0,차대사람 - 기타,안전운전불이행,건조,맑음,단일로 - 기타,승용,남,75세,상해없음,보행자,남,34세,경상
2019052000100284,2019년 5월 20일 12시,월요일,인천광역시 남동구 간석동,경상사고,0,0,1,0,차량단독 - 공작물충돌,안전운전불이행,건조,맑음,단일로 - 기타,이륜,남,44세,경상,,,,
2019052000100285,2019년 5월 20일 12시,월요일,인천광역시 남동구 남촌동,경상사고,0,0,2,0,차대차 - 측면충돌,교차로운행방법위반,건조,맑음,교차로 - 교차로안,승용,여,58세,상해없음,승용,남,42세,경상
2019052000100324,2019년 5월 20일 13시,월요일,인천광역시 계양구 효성동,경상사고,0,0,1,0,차대차 - 추돌,안전운전불이행,건조,맑음,교차로 - 교차로부근,승용,여,50세,상해없음,승용,남,27세,경상
2019052000100325,2019년 5월 20일 13시,월요일,인천광역시 계양구 작전동,중상사고,0,1,0,0,차대차 - 후진중충돌,안전운전불이행,건조,맑음,교차로 - 교차로부근,승용,남,27세,상해없음,승용,남,62세,중상
2019052000100356,2019년 5월 20일 14시,월요일,인천광역시 중구 운서동,경상사고,0,0,2,0,차대차 - 정면충돌,신호위반,건조,맑음,교차로 - 교차로안,승용,여,57세,상해없음,승용,여,60세,경상
2019052000100357,2019년 5월 20일 14시,월요일,인천광역시 서구 심곡동,경상사고,0,0,1,0,차대사람 - 횡단중,보행자보호의무위반,건조,맑음,교차로 - 교차로횡단보도내,승용,남,64세,상해없음,보행자,남,21세,경상
2019052000100358,2019년 5월 20일 14시,월요일,인천광역시 부평구 부평동,사망사고,1,0,0,0,차대사람 - 기타,안전운전불이행,건조,맑음,미분류 - 미분류,건설기계,남,61세,상해없음,보행자,여,76세,사망
2019052000100399,2019년 5월 20일 15시,월요일,인천광역시 서구 검암동,중상사고,0,1,0,0,차대차 - 기타,안전운전불이행,건조,맑음,교차로 - 교차로안,개인형이동수단(PM),여,59세,중상,승용,남,35세,상해없음
2019052000100515,2019년 5월 20일 17시,월요일,인천광역시 미추홀구 숭의동,중상사고,0,1,0,0,차대사람 - 기타,안전운전불이행,건조,맑음,단일로 - 기타,승용,남,53세,상해없음,보행자,남,70세,중상
2019052000100516,2019년 5월 20일 17시,월요일,인천광역시 남동구 구월동,경상사고,0,0,1,0,차대차 - 추돌,교차로운행방법위반,건조,맑음,교차로 - 교차로안,승용,여,56세,상해없음,승용,여,45세,경상
2019052000100565,2019년 5월 20일 18시,월요일,인천광역시 중구 중산동,중상사고,0,1,0,0,차대사람 - 횡단중,보행자보호의무위반,건조,맑음,교차로 - 교차로횡단보도내,승용,여,64세,상해없음,보행자,남,23세,중상
2019052000100566,2019년 5월 20일 18시,월요일,인천광역시 남동구 만수동,경상사고,0,0,1,0,차대차 - 측면충돌,신호위반,건조,맑음,교차로 - 교차로안,화물,남,51세,상해없음,이륜,남,23세,경상
2019052000100598,2019년 5월 20일 19시,월요일,인천광역시 남동구 간석동,중상사고,0,1,0,0,차대차 - 측면충돌,직진우회전진행방해,건조,맑음,교차로 - 교차로안,승용,여,56세,상해없음,원동기,남,39세,중상
2019052000100631,2019년 5월 20일 20시,월요일,인천광역시 미추홀구 주안동,중상사고,0,1,0,0,차대사람 - 기타,안전운전불이행,건조,맑음,교차로 - 교차로안,승용,남,51세,상해없음,보행자,남,55세,중상
2019052000100632,2019년 5월 20일 20시,월요일,인천광역시 남동구 간석동,부상신고사고,0,0,0,1,차대사람 - 기타,안전운전불이행,건조,맑음,단일로 - 기타,기타불명,기타불명,미분류,기타불명,보행자,남,65세,부상신고
2019052000100633,2019년 5월 20일 20시,월요일,인천광역시 연수구 연수동,경상사고,0,0,1,0,차대사람 - 보도통행중,보행자보호의무위반,건조,맑음,교차로 - 교차로안,승용,남,55세,상해없음,보행자,남,38세,경상
2019052100100053,2019년 5월 21일 00시,화요일,인천광역시 서구 가좌동,경상사고,0,0,1,0,차대사람 - 기타,안전운전불이행,건조,맑음,단일로 - 기타,승용,남,67세,상해없음,보행자,여,62세,경상
2019052100100132,2019년 5월 21일 07시,화요일,인천광역시 미추홀구 주안동,경상사고,0,0,1,0,차대차 - 추돌,안전운전불이행,건조,맑음,단일로 - 기타,승용,남,49세,상해없음,승용,남,56세,경상
2019052100100176,2019년 5월 21일 08시,화요일,인천광역시 연수구 청학동,중상사고,0,1,0,0,차대차 - 추돌,안전운전불이행,건조,맑음,단일로 - 기타,승용,남,66세,상해없음,자전거,남,72세,중상
2019052100100177,2019년 5월 21일 08시,화요일,인천광역시 남동구 고잔동,경상사고,0,0,2,0,차대차 - 측면충돌,안전거리미확보,건조,맑음,단일로 - 기타,특수,남,57세,경상,승용,남,37세,경상
2019052100100267,2019년 5월 21일 10시,화요일,인천광역시 중구 중산동,부상신고사고,0,0,0,1,차대사람 - 횡단중,신호위반,건조,맑음,단일로 - 기타,건설기계,남,55세,상해없음,보행자,여,50세,부상신고
2019052100100299,2019년 5월 21일 11시,화요일,인천광역시 강화군 길상면,경상사고,0,0,1,0,차대사람 - 기타,안전운전불이행,건조,맑음,단일로 - 기타,승용,여,51세,상해없음,보행자,여,89세,경상
2019052100100359,2019년 5월 21일 13시,화요일,인천광역시 서구 가정동,경상사고,0,0,1,0,차대차 - 기타,안전운전불이행,건조,맑음,교차로 - 교차로안,승용,남,49세,상해없음,승용,여,62세,경상
2019052100100427,2019년 5월 21일 15시,화요일,인천광역시 부평구 산곡동,경상사고,0,0,1,0,차대차 - 측면충돌,차로위반,건조,맑음,단일로 - 기타,승용,남,34세,상해없음,승용,여,58세,경상
2019052100100428,2019년 5월 21일 15시,화요일,인천광역시 부평구 부평동,경상사고,0,0,1,0,차대사람 - 기타,안전운전불이행,건조,맑음,단일로 - 기타,승합,남,55세,상해없음,보행자,여,56세,경상
2019052100100461,2019년 5월 21일 16시,화요일,인천광역시 남동구 간석동,경상사고,0,0,1,0,차대사람 - 보도통행중,신호위반,건조,맑음,단일로 - 기타,승용,남,51세,상해없음,보행자,남,7세,경상
2019052100100576,2019년 5월 21일 18시,화요일,인천광역시 미추홀구 도화동,부상신고사고,0,0,0,1,차대차 - 추돌,안전운전불이행,건조,맑음,단일로 - 기타,기타불명,기타불명,미분류,기타불명,승용,여,54세,부상신고
2019052100100577,2019년 5월 21일 18시,화요일,인천광역시 남동구 구월동,경상사고,0,0,2,0,차대차 - 측면충돌,안전운전불이행,건조,맑음,교차로 - 교차로안,승용,남,27세,경상,승용,남,52세,경상
2019052100100578,2019년 5월 21일 18시,화요일,인천광역시 계양구 동양동,경상사고,0,0,1,0,차대차 - 측면충돌,안전운전불이행,건조,맑음,단일로 - 기타,승용,남,37세,상해없음,이륜,여,22세,경상
2019052100100655,2019년 5월 21일 20시,화요일,인천광역시 서구 청라동,경상사고,0,0,2,0,차대차 - 기타,신호위반,건조,맑음,교차로 - 교차로안,승용,여,48세,경상,승용,여,46세,경상
2019052100100656,2019년 5월 21일 20시,화요일,인천광역시 부평구 부평동,중상사고,0,1,0,0,차대사람 - 기타,안전운전불이행,건조,맑음,교차로 - 교차로안,승합,남,46세,상해없음,보행자,남,69세,중상
2019052100100686,2019년 5월 21일 21시,화요일,인천광역시 미추홀구 도화동,중상사고,0,2,0,0,차대사람 - 횡단중,신호위반,건조,맑음,교차로 - 교차로부근,화물,남,69세,상해없음,보행자,여,59세,중상
2019052100100721,2019년 5월 21일 22시,화요일,인천광역시 남동구 논현동,중상사고,0,1,1,0,차대차 - 측면충돌,신호위반,건조,맑음,교차로 - 교차로안,이륜,남,38세,중상,승용,남,26세,경상
2019052100100722,2019년 5월 21일 22시,화요일,인천광역시 남동구 도림동,경상사고,0,0,2,0,차대차 - 추돌,안전운전불이행,건조,맑음,단일로 - 기타,승용,남,52세,상해없음,승용,여,45세,경상
2019052100100747,2019년 5월 21일 23시,화요일,인천광역시 중구 북성동1가,경상사고,0,0,3,0,차대차 - 측면충돌,안전운전불이행,건조,맑음,단일로 - 기타,승용,남,19세,상해없음,승용,남,19세,경상
2019052200100051,2019년 5월 22일 02시,수요일,인천광역시 미추홀구 관교동,중상사고,0,1,1,0,차대차 - 측면충돌,신호위반,건조,맑음,교차로 - 교차로안,승용,남,67세,상해없음,승용,남,37세,경상
2019052200100072,2019년 5월 22일 05시,수요일,인천광역시 연수구 선학동,중상사고,0,1,0,0,차대사람 - 차도통행중,안전운전불이행,건조,맑음,단일로 - 기타,승용,남,59세,상해없음,보행자,남,58세,중상
2019052200100122,2019년 5월 22일 07시,수요일,인천광역시 미추홀구 주안동,경상사고,0,0,1,0,차대차 - 측면충돌,안전운전불이행,건조,맑음,단일로 - 기타,승합,남,28세,상해없음,승용,여,46세,상해없음
2019052200100123,2019년 5월 22일 07시,수요일,인천광역시 남동구 간석동,경상사고,0,0,2,0,차대차 - 정면충돌,교차로운행방법위반,건조,맑음,교차로 - 교차로안,승용,여,40세,상해없음,승용,남,44세,경상
2019052200100124,2019년 5월 22일 07시,수요일,인천광역시 남동구 고잔동,경상사고,0,0,1,0,차대차 - 기타,중앙선침범,건조,맑음,단일로 - 기타,이륜,남,37세,상해없음,승용,남,31세,경상
2019052200100185,2019년 5월 22일 08시,수요일,인천광역시 중구 운서동,중상사고,0,1,0,0,차대차 - 측면충돌,안전거리미확보,건조,맑음,교차로 - 교차로안,승용,남,75세,상해없음,승용,여,31세,중상
2019052200100228,2019년 5월 22일 09시,수요일,인천광역시 미추홀구 주안동,경상사고,0,0,1,0,차대차 - 측면충돌,안전운전불이행,건조,맑음,교차로 - 교차로부근,승용,여,37세,상해없음,이륜,남,37세,경상
2019052200100229,2019년 5월 22일 09시,수요일,인천광역시 남동구 간석동,경상사고,0,0,1,0,차량단독 - 공작물충돌,안전운전불이행,건조,맑음,기타 - 기타,이륜,남,23세,경상,,,,
2019052200100230,2019년 5월 22일 09시,수요일,인천광역시 연수구 옥련동,경상사고,0,0,1,0,차대사람 - 기타,안전운전불이행,건조,맑음,단일로 - 기타,승용,남,61세,상해없음,보행자,남,50세,경상
2019052200100284,2019년 5월 22일 11시,수요일,인천광역시 부평구 구산동,중상사고,0,1,0,0,차대차 - 정면충돌,안전거리미확보,건조,맑음,단일로 - 기타,승용,남,52세,상해없음,원동기,남,72세,중상
2019052200100425,2019년 5월 22일 15시,수요일,인천광역시 부평구 십정동,경상사고,0,0,1,0,차대사람 - 길가장자리구역통행중,안전운전불이행,건조,맑음,단일로 - 기타,기타불명,기타불명,미분류,기타불명,보행자,여,72세,경상
2019052200100426,2019년 5월 22일 15시,수요일,인천광역시 서구 청라동,경상사고,0,0,3,0,차대차 - 기타,교차로운행방법위반,건조,맑음,기타 - 기타,승용,남,40세,경상,승용,여,35세,경상
2019052200100480,2019년 5월 22일 16시,수요일,인천광역시 남동구 구월동,경상사고,0,0,2,0,차대차 - 측면충돌,교차로운행방법위반,건조,맑음,교차로 - 교차로안,승용,남,46세,상해없음,승용,남,28세,경상
2019052200100481,2019년 5월 22일 16시,수요일,인천광역시 서구 신현동,경상사고,0,0,1,0,차대차 - 기타,안전운전불이행,건조,맑음,단일로 - 기타,승용,남,18세,상해없음,승용,여,33세,경상
2019052200100482,2019년 5월 22일 16시,수요일,인천광역시 계양구 방축동,경상사고,0,0,1,0,차대사람 - 보도통행중,보행자보호의무위반,건조,맑음,기타 - 기타,승용,남,70세,상해없음,보행자,여,74세,경상
2019052200100483,2019년 5월 22일 16시,수요일,인천광역시 남동구 논현동,경상사고,0,0,1,0,차대차 - 후진중충돌,안전운전불이행,건조,맑음,단일로 - 기타,승용,남,30세,상해없음,원동기,남,19세,경상
2019052200100529,2019년 5월 22일 17시,수요일,인천광역시 부평구 십정동,경상사고,0,0,1,0,차대차 - 추돌,안전운전불이행,건조,맑음,단일로 - 기타,승용,남,39세,상해없음,승용,남,64세,경상
2019052200100568,2019년 5월 22일 18시,수요일,인천광역시 연수구 청학동,중상사고,0,1,2,0,차대차 - 추돌,안전거리미확보,건조,맑음,단일로 - 기타,승용,남,66세,상해없음,승용,여,43세,경상
2019052200100647,2019년 5월 22일 20시,수요일,인천광역시 중구 중산동,중상사고,0,1,0,0,차대차 - 측면충돌,안전운전불이행,건조,맑음,교차로 - 교차로안,승용,여,39세,상해없음,이륜,남,16세,중상
2019052200100648,2019년 5월 22일 20시,수요일,인천광역시 미추홀구 주안동,경상사고,0,0,1,0,차대사람 - 기타,안전운전불이행,건조,맑음,단일로 - 기타,승용,남,23세,상해없음,보행자,남,55세,경상
2019052300100080,2019년 5월 23일 04시,목요일,인천광역시 계양구 작전동,중상사고,0,1,0,0,차대차 - 측면충돌,신호위반,건조,맑음,교차로 - 교차로안,승용,남,54세,상해없음,화물,남,68세,중상
2019052300100086,2019년 5월 23일 05시,목요일,인천광역시 남동구 간석동,경상사고,0,0,1,0,차대차 - 측면충돌,안전운전불이행,건조,맑음,단일로 - 기타,승용,남,33세,상해없음,승용,남,49세,상해없음
2019052300100118,2019년 5월 23일 07시,목요일,인천광역시 미추홀구 관교동,중상사고,0,2,1,0,차대차 - 정면충돌,안전운전불이행,건조,맑음,단일로 - 기타,승용,남,70세,상해없음,승합,남,57세,상해없음
2019052300100119,2019년 5월 23일 07시,목요일,인천광역시 남동구 구월동,중상사고,0,1,1,0,차대차 - 정면충돌,안전거리미확보,건조,맑음,단일로 - 기타,승용,남,62세,상해없음,승용,여,49세,중상
2019052300100120,2019년 5월 23일 07시,목요일,인천광역시 부평구 부평동,경상사고,0,0,1,0,차대차 - 측면충돌,안전운전불이행,건조,맑음,교차로 - 교차로부근,승용,남,50세,상해없음,자전거,여,68세,경상
2019052300100180,2019년 5월 23일 08시,목요일,인천광역시 동구 송현동,경상사고,0,0,1,1,차대차 - 정면충돌,신호위반,건조,맑음,교차로 - 교차로부근,승용,여,71세,부상신고,승합,남,52세,경상
2019052300100181,2019년 5월 23일 08시,목요일,인천광역시 중구 내동,경상사고,0,0,3,0,차대차 - 측면충돌,신호위반,건조,맑음,교차로 - 교차로안,승용,남,63세,상해없음,승용,여,41세,경상
2019052300100182,2019년 5월 23일 08시,목요일,인천광역시 중구 운서동,경상사고,0,0,1,0,차대차 - 측면충돌,안전운전불이행,건조,맑음,교차로 - 교차로횡단보도내,승용,남,49세,상해없음,자전거,남,68세,경상
2019052300100183,2019년 5월 23일 08시,목요일,인천광역시 부평구 구산동,경상사고,0,0,1,0,차대차 - 측면충돌,안전운전불이행,건조,맑음,단일로 - 기타,건설기계,남,43세,상해없음,승용,여,51세,경상
2019052300100211,2019년 5월 23일 09시,목요일,인천광역시 서구 가정동,경상사고,0,0,1,0,차대사람 - 기타,안전운전불이행,건조,맑음,단일로 - 기타,승용,남,40세,상해없음,보행자,여,59세,경상
2019052300100286,2019년 5월 23일 11시,목요일,인천광역시 동구 송림동,경상사고,0,0,2,0,차대차 - 추돌,안전운전불이행,건조,맑음,단일로 - 터널,승합,남,56세,상해없음,승용,여,39세,경상
2019052300100287,2019년 5월 23일 11시,목요일,인천광역시 서구 원창동,경상사고,0,0,1,0,차대차 - 추돌,안전거리미확보,건조,맑음,기타 - 기타,화물,남,41세,상해없음,승용,남,44세,경상
2019052300100288,2019년 5월 23일 11시,목요일,인천광역시 계양구 작전동,경상사고,0,0,1,0,차대차 - 기타,안전운전불이행,건조,맑음,단일로 - 기타,승합,남,39세,상해없음,승용,남,21세,경상
2019052300100289,2019년 5월 23일 11시,목요일,인천광역시 연수구 연수동,경상사고,0,0,2,0,차대차 - 측면충돌,안전거리미확보,건조,맑음,단일로 - 기타,승용,남,67세,상해없음,승합,남,63세,상해없음
2019052300100324,2019년 5월 23일 12시,목요일,인천광역시 서구 청라동,중상사고,0,1,0,0,차대차 - 기타,신호위반,건조,맑음,단일로 - 기타,승용,여,72세,상해없음,이륜,남,33세,중상