사고번호,사고일시,요일,시군구,사고내용,사망자수,중상자수,경상자수,부상신고자수,사고유형,법규위반,노면상태,기상상태,도로형태,가해운전자 차종,가해운전자 성별,가해운전자 연령,가해운전자 상해정도,피해운전자 차종,피해운전자 성별,피해운전자 연령,피해운전자 상해정도
2019052800100296,2019년 5월 28일 12시,화요일,인천광역시 남동구 장수동,중상사고,0,3,1,0,차대차 - 측면충돌,신호위반,건조,맑음,교차로 - 교차로안,승용,남,61세,상해없음,승용,남,66세,중상
2019052800100297,2019년 5월 28일 12시,화요일,인천광역시 계양구 작전동,경상사고,0,0,1,0,차대차 - 기타,안전운전불이행,건조,맑음,단일로 - 기타,승합,남,48세,상해없음,승용,남,37세,경상
2019052800100379,2019년 5월 28일 14시,화요일,인천광역시 부평구 산곡동,경상사고,0,0,1,0,차대차 - 기타,안전운전불이행,건조,맑음,단일로 - 기타,승용,남,54세,상해없음,승용,여,42세,경상
2019052800100380,2019년 5월 28일 14시,화요일,인천광역시 서구 석남동,중상사고,0,1,0,0,차대사람 - 횡단중,보행자보호의무위반,건조,맑음,교차로 - 교차로횡단보도내,화물,남,49세,상해없음,보행자,여,51세,중상
2019052800100426,2019년 5월 28일 15시,화요일,인천광역시 부평구 십정동,경상사고,0,0,3,0,차대차 - 측면충돌,안전운전불이행,건조,맑음,단일로 - 기타,승용,남,43세,상해없음,승용,남,60세,경상
2019052800100427,2019년 5월 28일 15시,화요일,인천광역시 남동구 구월동,경상사고,0,0,1,0,차대차 - 측면충돌,안전운전불이행,건조,맑음,기타 - 기타,승용,여,47세,상해없음,승용,여,59세,경상
2019052800100428,2019년 5월 28일 15시,화요일,인천광역시 남동구 간석동,경상사고,0,0,1,0,차대사람 - 기타,안전운전불이행,건조,맑음,단일로 - 기타,승용,남,71세,상해없음,보행자,여,34세,경상
2019052800100486,2019년 5월 28일 16시,화요일,인천광역시 미추홀구 숭의동,경상사고,0,0,1,0,차대차 - 후진중충돌,안전운전불이행,건조,맑음,교차로 - 교차로안,승용,여,51세,상해없음,승용,여,32세,경상
2019052800100544,2019년 5월 28일 17시,화요일,인천광역시 중구 신흥동3가,중상사고,0,1,0,0,차대사람 - 길가장자리구역통행중,보행자보호의무위반,건조,맑음,교차로 - 교차로횡단보도내,화물,남,48세,상해없음,보행자,여,80세,중상
2019052800100545,2019년 5월 28일 17시,화요일,인천광역시 중구 신흥동3가,경상사고,0,0,2,0,차대차 - 측면충돌,안전거리미확보,건조,맑음,교차로 - 교차로부근,화물,남,34세,상해없음,승용,남,33세,경상
2019052800100546,2019년 5월 28일 17시,화요일,인천광역시 서구 불로동,경상사고,0,0,1,0,차대사람 - 차도통행중,신호위반,건조,맑음,교차로 - 교차로안,승용,여,34세,상해없음,보행자,남,15세,경상
2019052800100547,2019년 5월 28일 17시,화요일,인천광역시 부평구 삼산동,경상사고,0,0,1,0,차대사람 - 기타,안전운전불이행,건조,맑음,단일로 - 기타,승용,남,39세,상해없음,보행자,남,12세,경상
2019052800100604,2019년 5월 28일 18시,화요일,인천광역시 미추홀구 주안동,중상사고,0,1,0,0,차대차 - 추돌,안전거리미확보,건조,맑음,교차로 - 교차로부근,승용,남,28세,상해없음,승용,여,29세,중상
2019052800100647,2019년 5월 28일 19시,화요일,인천광역시 부평구 부개동,경상사고,0,0,1,0,차대차 - 기타,교차로운행방법위반,건조,맑음,교차로 - 교차로안,승합,남,43세,상해없음,자전거,여,10세,경상
2019052800100685,2019년 5월 28일 20시,화요일,인천광역시 부평구 청천동,경상사고,0,0,1,0,차대사람 - 기타,안전운전불이행,건조,맑음,교차로 - 교차로횡단보도내,승합,남,43세,상해없음,보행자,남,54세,경상
2019052800100714,2019년 5월 28일 21시,화요일,인천광역시 미추홀구 학익동,경상사고,0,0,1,0,차대차 - 측면충돌,안전거리미확보,건조,맑음,단일로 - 기타,승용,남,62세,상해없음,승용,남,42세,경상
2019052800100715,2019년 5월 28일 21시,화요일,인천광역시 미추홀구 주안동,중상사고,0,1,0,0,차대사람 - 횡단중,보행자보호의무위반,건조,맑음,교차로 - 교차로횡단보도내,승용,여,24세,상해없음,보행자,여,21세,중상
2019052800100750,2019년 5월 28일 22시,화요일,인천광역시 부평구 십정동,경상사고,0,0,2,0,차대차 - 기타,안전운전불이행,건조,맑음,단일로 - 기타,승용,남,28세,상해없음,승용,남,34세,경상
2019052800100751,2019년 5월 28일 22시,화요일,인천광역시 남동구 간석동,경상사고,0,0,4,0,차대차 - 추돌,안전운전불이행,건조,맑음,교차로 - 교차로부근,승용,남,35세,상해없음,승합,남,53세,경상
2019052800100752,2019년 5월 28일 22시,화요일,인천광역시 서구 청라동,중상사고,0,1,0,0,차대차 - 측면충돌,신호위반,건조,맑음,교차로 - 교차로안,승용,남,51세,상해없음,이륜,남,60세,중상
2019052900100036,2019년 5월 29일 00시,수요일,인천광역시 서구 청라동,중상사고,0,3,1,0,차대차 - 정면충돌,신호위반,건조,맑음,교차로 - 교차로안,승용,남,32세,중상,승용,남,51세,중상
2019052900100047,2019년 5월 29일 01시,수요일,인천광역시 연수구 청학동,경상사고,0,0,1,0,차대차 - 기타,교차로운행방법위반,건조,맑음,교차로 - 교차로안,승용,남,33세,상해없음,승용,남,21세,경상
2019052900100059,2019년 5월 29일 04시,수요일,인천광역시 미추홀구 주안동,경상사고,0,0,1,0,차대차 - 측면충돌,차로위반,건조,맑음,단일로 - 기타,승용,남,36세,상해없음,승용,남,35세,경상
2019052900100080,2019년 5월 29일 06시,수요일,인천광역시 중구 운서동,경상사고,0,0,1,0,차대차 - 추돌,중앙선침범,건조,맑음,교차로 - 교차로안,화물,남,59세,상해없음,승합,남,66세,경상
2019052900100081,2019년 5월 29일 06시,수요일,인천광역시 강화군 강화읍,경상사고,0,0,1,0,차대차 - 측면충돌,중앙선침범,건조,맑음,단일로 - 기타,승용,여,38세,상해없음,승용,남,49세,경상
2019052900100164,2019년 5월 29일 08시,수요일,인천광역시 부평구 산곡동,경상사고,0,0,1,0,차대차 - 측면충돌,안전운전불이행,건조,맑음,교차로 - 교차로부근,승용,남,77세,상해없음,승용,여,43세,경상
2019052900100165,2019년 5월 29일 08시,수요일,인천광역시 남동구 간석동,경상사고,0,0,1,0,차대차 - 기타,교차로운행방법위반,건조,맑음,교차로 - 교차로부근,기타불명,기타불명,미분류,기타불명,기타불명,기타불명,미분류,기타불명
2019052900100166,2019년 5월 29일 08시,수요일,인천광역시 계양구 효성동,중상사고,0,1,0,0,차대차 - 측면충돌,신호위반,건조,맑음,교차로 - 교차로안,승용,여,49세,상해없음,승용,남,26세,중상
2019052900100236,2019년 5월 29일 10시,수요일,인천광역시 계양구 작전동,경상사고,0,0,1,0,차대차 - 기타,안전거리미확보,건조,맑음,교차로 - 교차로부근,승용,남,64세,상해없음,승합,남,64세,상해없음
2019052900100266,2019년 5월 29일 11시,수요일,인천광역시 미추홀구 용현동,경상사고,0,0,1,0,차대사람 - 기타,안전운전불이행,건조,맑음,교차로 - 교차로안,특수,남,32세,상해없음,보행자,남,54세,경상
2019052900100267,2019년 5월 29일 11시,수요일,인천광역시 부평구 부평동,중상사고,0,1,2,0,차대차 - 추돌,안전운전불이행,건조,맑음,단일로 - 기타,이륜,남,31세,중상,화물,남,22세,경상
2019052900100268,2019년 5월 29일 11시,수요일,인천광역시 계양구 계산동,경상사고,0,0,1,0,차대차 - 정면충돌,안전운전불이행,건조,맑음,단일로 - 기타,승용,남,34세,상해없음,이륜,남,35세,경상
2019052900100330,2019년 5월 29일 13시,수요일,인천광역시 연수구 송도동,경상사고,0,0,1,0,차대차 - 추돌,과속,건조,맑음,단일로 - 기타,승용,여,31세,상해없음,자전거,남,72세,경상
2019052900100367,2019년 5월 29일 14시,수요일,인천광역시 서구 심곡동,경상사고,0,0,1,0,차대차 - 추돌,안전운전불이행,건조,맑음,교차로 - 교차로안,승용,여,37세,상해없음,승용,여,38세,경상
2019052900100413,2019년 5월 29일 15시,수요일,인천광역시 동구 송림동,사망사고,1,0,0,0,차대차 - 측면충돌,안전운전불이행,건조,맑음,교차로 - 교차로안,화물,남,27세,상해없음,자전거,남,65세,사망
2019052900100414,2019년 5월 29일 15시,수요일,인천광역시 부평구 산곡동,경상사고,0,0,1,0,차대차 - 측면충돌,안전운전불이행,건조,맑음,단일로 - 기타,승용,여,36세,상해없음,이륜,남,70세,경상
2019052900100415,2019년 5월 29일 15시,수요일,인천광역시 남동구 구월동,경상사고,0,0,1,0,차대차 - 측면충돌,신호위반,건조,맑음,교차로 - 교차로부근,화물,남,57세,상해없음,이륜,남,27세,경상
2019052900100416,2019년 5월 29일 15시,수요일,인천광역시 계양구 임학동,경상사고,0,0,2,0,차대차 - 후진중충돌,안전운전불이행,건조,맑음,교차로 - 교차로부근,승용,남,37세,상해없음,승용,남,41세,경상
2019052900100467,2019년 5월 29일 16시,수요일,인천광역시 남동구 구월동,경상사고,0,0,1,0,차대사람 - 기타,안전운전불이행,건조,맑음,기타 - 기타,자전거,남,81세,상해없음,보행자,남,40세,경상
2019052900100584,2019년 5월 29일 18시,수요일,인천광역시 미추홀구 학익동,경상사고,0,0,3,0,차대차 - 측면충돌,차로위반,건조,맑음,단일로 - 기타,승용,남,59세,경상,승용,남,40세,경상
2019052900100585,2019년 5월 29일 18시,수요일,인천광역시 부평구 부평동,경상사고,0,0,1,0,차대차 - 측면충돌,안전운전불이행,건조,맑음,교차로 - 교차로부근,이륜,남,29세,상해없음,승용,남,29세,경상
2019052900100586,2019년 5월 29일 18시,수요일,인천광역시 남동구 논현동,경상사고,0,0,1,0,차대사람 - 횡단중,신호위반,건조,맑음,교차로 - 교차로횡단보도내,승용,여,38세,상해없음,보행자,여,9세,경상
2019052900100624,2019년 5월 29일 19시,수요일,인천광역시 부평구 부평동,경상사고,0,0,1,0,차대차 - 추돌,안전운전불이행,건조,맑음,교차로 - 교차로부근,승용,남,29세,상해없음,승용,남,40세,경상
2019052900100655,2019년 5월 29일 20시,수요일,인천광역시 미추홀구 도화동,경상사고,0,0,1,0,차대차 - 측면충돌,안전운전불이행,건조,맑음,단일로 - 기타,승용,여,50세,상해없음,승용,남,29세,경상
2019052900100656,2019년 5월 29일 20시,수요일,인천광역시 남동구 논현동,경상사고,0,0,1,0,차대차 - 측면충돌,안전운전불이행,건조,맑음,교차로 - 교차로횡단보도내,승용,여,36세,상해없음,자전거,남,44세,경상
2019052900100690,2019년 5월 29일 21시,수요일,인천광역시 서구 가정동,경상사고,0,0,1,0,차대차 - 추돌,안전운전불이행,건조,맑음,교차로 - 교차로부근,승용,남,48세,상해없음,승용,여,54세,경상
2019052900100707,2019년 5월 29일 22시,수요일,인천광역시 서구 신현동,경상사고,0,0,1,0,차대차 - 측면충돌,안전운전불이행,건조,맑음,단일로 - 기타,승용,여,52세,상해없음,승용,남,44세,경상
2019053000100033,2019년 5월 30일 00시,목요일,인천광역시 중구 신흥동3가,중상사고,0,2,0,0,차대차 - 측면충돌,신호위반,건조,맑음,교차로 - 교차로안,승용,남,27세,중상,승용,남,64세,중상
2019053000100059,2019년 5월 30일 02시,목요일,인천광역시 미추홀구 주안동,중상사고,0,1,0,2,차대차 - 정면충돌,중앙선침범,건조,맑음,단일로 - 고가도로위,승용,남,26세,상해없음,승용,남,65세,중상
2019053000100060,2019년 5월 30일 02시,목요일,인천광역시 계양구 동양동,경상사고,0,0,1,0,차대차 - 기타,차로위반,건조,맑음,단일로 - 기타,승용,남,57세,상해없음,승용,남,21세,경상
2019053000100061,2019년 5월 30일 02시,목요일,인천광역시 연수구 연수동,경상사고,0,0,1,0,차대사람 - 기타,안전운전불이행,건조,맑음,단일로 - 기타,승용,여,33세,상해없음,보행자,남,26세,경상
2019053000100170,2019년 5월 30일 08시,목요일,인천광역시 부평구 십정동,경상사고,0,0,1,0,차대차 - 추돌,안전운전불이행,건조,맑음,기타 - 기타,승용,여,40세,상해없음,화물,남,34세,경상
2019053000100171,2019년 5월 30일 08시,목요일,인천광역시 남동구 서창동,경상사고,0,0,1,0,차대차 - 기타,안전운전불이행,건조,맑음,단일로 - 기타,승용,여,30세,상해없음,승용,남,35세,경상
2019053000100243,2019년 5월 30일 10시,목요일,인천광역시 서구 백석동,부상신고사고,0,0,0,1,차대차 - 추돌,안전운전불이행,건조,맑음,교차로 - 교차로부근,승용,남,23세,상해없음,승용,여,35세,부상신고
2019053000100244,2019년 5월 30일 10시,목요일,인천광역시 계양구 오류동,경상사고,0,0,1,0,차대차 - 추돌,안전운전불이행,건조,맑음,단일로 - 기타,승용,남,79세,상해없음,승용,남,55세,경상
2019053000100272,2019년 5월 30일 11시,목요일,인천광역시 남동구 만수동,경상사고,0,0,1,0,차대사람 - 차도통행중,안전운전불이행,건조,맑음,교차로 - 교차로안,승용,여,26세,상해없음,보행자,여,75세,경상
2019053000100330,2019년 5월 30일 13시,목요일,인천광역시 연수구 선학동,경상사고,0,0,1,0,차대차 - 측면충돌,안전운전불이행,건조,맑음,단일로 - 기타,승용,여,41세,상해없음,승용,여,54세,경상
2019053000100331,2019년 5월 30일 13시,목요일,인천광역시 연수구 연수동,경상사고,0,0,2,0,차대차 - 추돌,안전운전불이행,건조,맑음,교차로 - 교차로안,승용,여,26세,상해없음,승용,남,57세,경상
2019053000100355,2019년 5월 30일 14시,목요일,인천광역시 중구 중산동,경상사고,0,0,1,0,차대차 - 측면충돌,교차로운행방법위반,건조,맑음,교차로 - 교차로안,승용,남,33세,상해없음,자전거,여,29세,경상
2019053000100356,2019년 5월 30일 14시,목요일,인천광역시 미추홀구 숭의동,중상사고,0,1,0,0,차대사람 - 횡단중,보행자보호의무위반,건조,맑음,교차로 - 교차로부근,승합,남,53세,상해없음,보행자,남,47세,중상
2019053000100378,2019년 5월 30일 15시,목요일,인천광역시 남동구 간석동,경상사고,0,0,1,0,차대차 - 측면충돌,안전운전불이행,건조,맑음,단일로 - 기타,승용,남,58세,상해없음,승용,남,66세,경상
2019053000100462,2019년 5월 30일 17시,목요일,인천광역시 연수구 청학동,경상사고,0,0,1,0,차대차 - 측면충돌,차로위반,건조,맑음,교차로 - 교차로부근,승용,여,25세,상해없음,승용,여,54세,경상
2019053000100537,2019년 5월 30일 19시,목요일,인천광역시 동구 송현동,경상사고,0,0,1,0,차대사람 - 횡단중,보행자보호의무위반,건조,맑음,교차로 - 교차로안,이륜,남,18세,상해없음,보행자,남,72세,경상
2019053000100564,2019년 5월 30일 20시,목요일,인천광역시 미추홀구 주안동,경상사고,0,0,1,0,차대사람 - 차도통행중,안전운전불이행,건조,맑음,단일로 - 기타,기타불명,기타불명,미분류,기타불명,보행자,남,24세,경상
2019053000100565,2019년 5월 30일 20시,목요일,인천광역시 미추홀구 주안동,경상사고,0,0,1,0,차대차 - 측면충돌,교차로운행방법위반,건조,맑음,교차로 - 교차로안,승용,여,44세,기타불명,승용,남,45세,경상
2019053000100566,2019년 5월 30일 20시,목요일,인천광역시 부평구 산곡동,경상사고,0,0,1,0,차대차 - 측면충돌,신호위반,건조,맑음,교차로 - 교차로안,승용,남,63세,상해없음,승용,여,53세,경상
2019053000100625,2019년 5월 30일 22시,목요일,인천광역시 서구 불로동,중상사고,0,1,1,0,차대차 - 기타,안전운전불이행,건조,맑음,단일로 - 기타,승용,남,39세,상해없음,승용,여,51세,경상
2019053000100650,2019년 5월 30일 23시,목요일,인천광역시 부평구 산곡동,경상사고,0,0,1,0,차대차 - 추돌,안전운전불이행,건조,맑음,단일로 - 기타,승용,여,24세,상해없음,승용,남,58세,경상
2019053000100651,2019년 5월 30일 23시,목요일,인천광역시 남동구 간석동,중상사고,0,1,0,0,차량단독 - 기타,안전운전불이행,젖음/습기,맑음,교차로 - 교차로부근,개인형이동수단(PM),남,24세,중상,,,,
2019053000100652,2019년 5월 30일 23시,목요일,인천광역시 서구 가좌동,경상사고,0,0,4,0,차대차 - 측면충돌,신호위반,건조,맑음,교차로 - 교차로부근,승용,남,64세,상해없음,승용,남,44세,경상
2019053000100653,2019년 5월 30일 23시,목요일,인천광역시 연수구 옥련동,경상사고,0,0,2,0,차대차 - 기타,중앙선침범,건조,맑음,교차로 - 교차로부근,승용,남,32세,상해없음,승용,남,38세,경상
2019053100100047,2019년 5월 31일 00시,금요일,인천광역시 서구 공촌동,경상사고,0,0,1,0,차대차 - 추돌,안전운전불이행,건조,맑음,단일로 - 기타,승용,남,24세,상해없음,승합,남,52세,경상
2019053100100061,2019년 5월 31일 01시,금요일,인천광역시 연수구 청학동,사망사고,1,0,0,0,차대차 - 기타,안전운전불이행,건조,맑음,단일로 - 기타,이륜,남,39세,사망,화물,남,49세,상해없음
2019053100100131,2019년 5월 31일 07시,금요일,인천광역시 계양구 작전동,경상사고,0,0,1,0,차대사람 - 보도통행중,안전운전불이행,건조,맑음,교차로 - 교차로안,승용,남,52세,상해없음,보행자,여,18세,경상
2019053100100132,2019년 5월 31일 07시,금요일,인천광역시 서구 검암동,중상사고,0,1,0,0,차대차 - 추돌,안전운전불이행,건조,맑음,단일로 - 기타,승용,남,23세,상해없음,승용,남,32세,중상
2019053100100169,2019년 5월 31일 08시,금요일,인천광역시 서구 연희동,중상사고,0,1,0,0,차대사람 - 기타,안전운전불이행,건조,맑음,기타 - 기타,승합,남,47세,상해없음,보행자,여,59세,중상
2019053100100170,2019년 5월 31일 08시,금요일,인천광역시 서구 불로동,경상사고,0,0,1,0,차대차 - 기타,안전운전불이행,건조,맑음,단일로 - 기타,건설기계,남,50세,상해없음,승용,여,49세,경상
2019053100100171,2019년 5월 31일 08시,금요일,인천광역시 서구 왕길동,중상사고,0,1,1,0,차대차 - 추돌,안전운전불이행,건조,맑음,교차로 - 교차로부근,화물,남,62세,상해없음,승용,남,29세,중상
2019053100100172,2019년 5월 31일 08시,금요일,인천광역시 연수구 동춘동,경상사고,0,0,1,0,차대차 - 기타,안전운전불이행,건조,맑음,기타 - 기타,승용,여,45세,상해없음,자전거,남,12세,경상
2019053100100173,2019년 5월 31일 08시,금요일,인천광역시 남동구 장수동,경상사고,0,0,2,0,차대차 - 측면충돌,안전운전불이행,건조,맑음,교차로 - 교차로부근,승용,여,55세,상해없음,승용,여,47세,경상
2019053100100203,2019년 5월 31일 09시,금요일,인천광역시 계양구 효성동,경상사고,0,0,1,0,차대차 - 측면충돌,안전거리미확보,건조,맑음,단일로 - 기타,승용,남,58세,상해없음,승용,여,30세,경상
2019053100100229,2019년 5월 31일 10시,금요일,인천광역시 부평구 부평동,경상사고,0,0,1,0,차대차 - 기타,안전거리미확보,건조,맑음,단일로 - 기타,승용,남,31세,상해없음,이륜,남,53세,경상
2019053100100265,2019년 5월 31일 11시,금요일,인천광역시 미추홀구 학익동,경상사고,0,0,1,0,차대사람 - 기타,안전운전불이행,건조,맑음,기타 - 기타,승용,여,34세,상해없음,보행자,여,45세,경상
2019053100100266,2019년 5월 31일 11시,금요일,인천광역시 부평구 산곡동,경상사고,0,0,2,0,차대차 - 측면충돌,안전운전불이행,건조,맑음,단일로 - 기타,승용,남,51세,상해없음,승용,남,38세,상해없음
2019053100100348,2019년 5월 31일 13시,금요일,인천광역시 계양구 병방동,경상사고,0,0,2,0,차대차 - 측면충돌,안전운전불이행,건조,맑음,교차로 - 교차로안,건설기계,남,64세,경상,승용,남,54세,경상
2019053100100349,2019년 5월 31일 13시,금요일,인천광역시 남동구 만수동,경상사고,0,0,1,0,차량단독 - 기타,안전운전불이행,건조,맑음,단일로 - 기타,승합,여,64세,상해없음,,,,
2019053100100389,2019년 5월 31일 14시,금요일,인천광역시 중구 해안동4가,경상사고,0,0,1,0,차대차 - 측면충돌,안전거리미확보,건조,맑음,단일로 - 기타,승용,남,40세,상해없음,승용,남,59세,경상
2019053100100434,2019년 5월 31일 15시,금요일,인천광역시 중구 북성동1가,경상사고,0,0,1,0,차대차 - 측면충돌,교차로운행방법위반,건조,맑음,교차로 - 교차로안,승용,여,47세,상해없음,승합,남,56세,상해없음
2019053100100435,2019년 5월 31일 15시,금요일,인천광역시 미추홀구 학익동,경상사고,0,0,1,0,차대사람 - 횡단중,신호위반,건조,맑음,교차로 - 교차로안,승용,남,43세,상해없음,보행자,여,9세,경상
2019053100100436,2019년 5월 31일 15시,금요일,인천광역시 미추홀구 주안동,경상사고,0,0,1,0,차대차 - 추돌,안전운전불이행,건조,맑음,교차로 - 교차로부근,화물,남,67세,상해없음,화물,남,42세,경상
2019053100100491,2019년 5월 31일 16시,금요일,인천광역시 서구 당하동,경상사고,0,0,1,0,차대차 - 기타,안전운전불이행,건조,맑음,교차로 - 교차로부근,승용,여,41세,기타불명,승합,남,49세,상해없음
2019053100100538,2019년 5월 31일 17시,금요일,인천광역시 미추홀구 숭의동,부상신고사고,0,0,0,1,차량단독 - 기타,안전운전불이행,건조,흐림,단일로 - 기타,승용,남,57세,상해없음,,,,
2019053100100539,2019년 5월 31일 17시,금요일,인천광역시 남동구 서창동,중상사고,0,1,0,0,차대차 - 추돌,안전운전불이행,건조,맑음,교차로 - 교차로부근,승용,여,52세,기타불명,승용,남,41세,중상
2019053100100600,2019년 5월 31일 18시,금요일,인천광역시 중구 운남동,경상사고,0,0,1,0,차대사람 - 횡단중,보행자보호의무위반,건조,맑음,교차로 - 교차로안,이륜,남,17세,상해없음,보행자,여,37세,경상
2019053100100601,2019년 5월 31일 18시,금요일,인천광역시 중구 신흥동2가,중상사고,0,1,0,0,차대차 - 측면충돌,안전운전불이행,건조,맑음,단일로 - 기타,화물,남,74세,상해없음,이륜,여,55세,중상
2019053100100602,2019년 5월 31일 18시,금요일,인천광역시 서구 가좌동,경상사고,0,0,1,0,차대사람 - 기타,안전운전불이행,건조,맑음,기타 - 기타,기타불명,기타불명,미분류,기타불명,보행자,여,44세,경상
2019053100100653,2019년 5월 31일 19시,금요일,인천광역시 미추홀구 용현동,중상사고,0,2,0,0,차대차 - 측면충돌,안전운전불이행,건조,맑음,단일로 - 기타,승용,남,64세,상해없음,승용,남,46세,중상
2019053100100654,2019년 5월 31일 19시,금요일,인천광역시 남동구 구월동,경상사고,0,0,2,0,차대차 - 측면충돌,안전운전불이행,건조,맑음,단일로 - 기타,승용,남,51세,상해없음,승용,남,33세,경상
2019053100100655,2019년 5월 31일 19시,금요일,인천광역시 부평구 부개동,중상사고,0,1,0,0,차대사람 - 횡단중,보행자보호의무위반,건조,맑음,교차로 - 교차로횡단보도내,승용,남,26세,상해없음,보행자,여,6세,중상
2019053100100683,2019년 5월 31일 20시,금요일,인천광역시 남동구 논현동,중상사고,0,1,0,0,차대사람 - 횡단중,안전운전불이행,건조,맑음,교차로 - 교차로부근,승용,여,31세,상해없음,보행자,여,50세,중상
2019053100100725,2019년 5월 31일 21시,금요일,인천광역시 서구 석남동,중상사고,0,1,2,0,차대차 - 추돌,안전운전불이행,건조,맑음,단일로 - 기타,화물,남,37세,상해없음,이륜,남,38세,중상
2019053100100726,2019년 5월 31일 21시,금요일,인천광역시 연수구 송도동,경상사고,0,0,1,0,차대차 - 측면충돌,안전운전불이행,건조,맑음,단일로 - 기타,승용,여,47세,상해없음,승용,여,54세,경상
2019053100100727,2019년 5월 31일 21시,금요일,인천광역시 부평구 부평동,경상사고,0,0,2,0,차대차 - 추돌,안전거리미확보,건조,맑음,교차로 - 교차로부근,승용,남,56세,상해없음,승용,남,66세,경상
2019053100100728,2019년 5월 31일 21시,금요일,인천광역시 부평구 부개동,경상사고,0,0,1,0,차대사람 - 차도통행중,기타,건조,맑음,단일로 - 기타,화물,남,57세,상해없음,보행자,남,40세,경상
2019053100100762,2019년 5월 31일 22시,금요일,인천광역시 남동구 구월동,경상사고,0,0,1,0,차대사람 - 횡단중,신호위반,건조,맑음,교차로 - 교차로횡단보도내,승용,남,67세,상해없음,보행자,남,5세,경상
2019053100100763,2019년 5월 31일 22시,금요일,인천광역시 연수구 동춘동,중상사고,0,1,0,0,차대차 - 측면충돌,신호위반,건조,맑음,교차로 - 교차로안,이륜,남,37세,상해없음,이륜,남,46세,중상
2019060100100050,2019년 6월 1일 01시,토요일,인천광역시 동구 송현동,경상사고,0,0,1,0,차대사람 - 횡단중,안전운전불이행,건조,맑음,교차로 - 교차로부근,승용,남,62세,상해없음,보행자,남,57세,경상
2019060100100145,2019년 6월 1일 08시,토요일,인천광역시 부평구 일신동,경상사고,0,0,1,0,차대차 - 측면충돌,중앙선침범,건조,맑음,단일로 - 기타,자전거,남,76세,경상,화물,남,56세,상해없음
2019060100100176,2019년 6월 1일 09시,토요일,인천광역시 중구 운서동,경상사고,0,0,2,0,차대차 - 측면충돌,안전운전불이행,건조,맑음,교차로 - 교차로안,화물,남,26세,상해없음,승용,남,64세,경상
2019060100100177,2019년 6월 1일 09시,토요일,인천광역시 서구 연희동,경상사고,0,0,4,0,차대차 - 추돌,안전운전불이행,건조,맑음,교차로 - 교차로부근,건설기계,남,66세,상해없음,승용,남,31세,경상
2019060100100200,2019년 6월 1일 10시,토요일,인천광역시 계양구 계산동,경상사고,0,0,1,0,차대차 - 측면충돌,안전운전불이행,건조,맑음,교차로 - 교차로부근,승용,여,36세,상해없음,승용,여,51세,경상
2019060100100201,2019년 6월 1일 10시,토요일,인천광역시 부평구 갈산동,경상사고,0,0,1,0,차대차 - 측면충돌,안전거리미확보,건조,맑음,단일로 - 기타,승용,남,35세,상해없음,승용,남,61세,경상
2019060100100319,2019년 6월 1일 13시,토요일,인천광역시 강화군 강화읍,사망사고,1,3,0,0,차대차 - 추돌,안전운전불이행,건조,맑음,단일로 - 기타,화물,남,49세,상해없음,승용,여,28세,중상
2019060100100395,2019년 6월 1일 15시,토요일,인천광역시 연수구 동춘동,중상사고,0,1,0,0,차대차 - 측면충돌,신호위반,건조,맑음,교차로 - 교차로안,승용,남,42세,상해없음,승용,남,50세,중상
2019060100100434,2019년 6월 1일 16시,토요일,인천광역시 중구 운서동,경상사고,0,0,2,0,차대차 - 추돌,안전운전불이행,건조,맑음,교차로 - 교차로부근,승용,남,31세,상해없음,승용,남,54세,경상
2019060100100435,2019년 6월 1일 16시,토요일,인천광역시 미추홀구 숭의동,경상사고,0,0,1,0,차대차 - 추돌,안전운전불이행,건조,맑음,단일로 - 기타,승용,여,21세,경상,승용,남,23세,상해없음
2019060100100497,2019년 6월 1일 18시,토요일,인천광역시 서구 심곡동,경상사고,0,0,1,0,차대차 - 측면충돌,안전운전불이행,건조,맑음,단일로 - 기타,승용,남,27세,상해없음,승용,남,37세,경상
2019060100100519,2019년 6월 1일 19시,토요일,인천광역시 남동구 구월동,경상사고,0,0,1,0,차대차 - 측면충돌,안전운전불이행,건조,맑음,교차로 - 교차로부근,승용,남,38세,경상,승용,남,67세,상해없음
2019060100100546,2019년 6월 1일 20시,토요일,인천광역시 부평구 십정동,경상사고,0,0,1,0,차량단독 - 기타,안전운전불이행,건조,맑음,단일로 - 기타,승합,남,50세,상해없음,,,,
2019060100100599,2019년 6월 1일 22시,토요일,인천광역시 부평구 십정동,중상사고,0,1,0,0,차대차 - 정면충돌,안전운전불이행,건조,맑음,교차로 - 교차로안,승용,여,57세,상해없음,이륜,남,48세,중상
2019060200100054,2019년 6월 2일 02시,일요일,인천광역시 부평구 십정동,경상사고,0,0,3,0,차대차 - 기타,안전운전불이행,건조,맑음,단일로 - 기타,승용,여,46세,상해없음,승용,남,31세,경상
2019060200100060,2019년 6월 2일 03시,일요일,인천광역시 서구 심곡동,경상사고,0,0,2,0,차대차 - 기타,교차로운행방법위반,건조,맑음,교차로 - 교차로부근,승용,남,26세,상해없음,승용,남,55세,경상
2019060200100078,2019년 6월 2일 05시,일요일,인천광역시 부평구 부개동,경상사고,0,0,3,0,차대차 - 정면충돌,중앙선침범,건조,맑음,교차로 - 교차로안,승용,남,28세,상해없음,승합,남,40세,경상