사고번호,사고일시,요일,시군구,사고내용,사망자수,중상자수,경상자수,부상신고자수,사고유형,법규위반,노면상태,기상상태,도로형태,가해운전자 차종,가해운전자 성별,가해운전자 연령,가해운전자 상해정도,피해운전자 차종,피해운전자 성별,피해운전자 연령,피해운전자 상해정도
2019060200100087,2019년 6월 2일 06시,일요일,인천광역시 부평구 부평동,중상사고,0,1,0,0,차대차 - 기타,안전운전불이행,건조,맑음,교차로 - 교차로부근,승용,남,24세,상해없음,화물,남,44세,중상
2019060200100096,2019년 6월 2일 07시,일요일,인천광역시 남동구 간석동,경상사고,0,0,1,0,차대차 - 정면충돌,교차로운행방법위반,건조,맑음,교차로 - 교차로안,승용,남,45세,상해없음,승용,남,56세,경상
2019060200100152,2019년 6월 2일 10시,일요일,인천광역시 남동구 구월동,경상사고,0,0,1,0,차대차 - 추돌,안전운전불이행,건조,맑음,단일로 - 기타,승용,남,21세,상해없음,승용,남,29세,경상
2019060200100170,2019년 6월 2일 11시,일요일,인천광역시 남동구 간석동,경상사고,0,0,1,0,차대차 - 추돌,안전운전불이행,건조,맑음,단일로 - 기타,화물,남,58세,상해없음,승용,여,61세,경상
2019060200100187,2019년 6월 2일 12시,일요일,인천광역시 남동구 만수동,경상사고,0,0,1,0,차대차 - 측면충돌,안전운전불이행,건조,맑음,교차로 - 교차로안,승용,남,63세,상해없음,이륜,남,45세,경상
2019060200100214,2019년 6월 2일 13시,일요일,인천광역시 동구 송림동,경상사고,0,0,5,0,차대차 - 측면충돌,차로위반,건조,맑음,교차로 - 교차로안,승용,남,60세,상해없음,승용,남,35세,경상
2019060200100253,2019년 6월 2일 14시,일요일,인천광역시 계양구 평동,중상사고,0,1,0,1,차대차 - 기타,안전운전불이행,건조,맑음,단일로 - 기타,자전거,남,72세,부상신고,자전거,남,71세,중상
2019060200100283,2019년 6월 2일 15시,일요일,인천광역시 부평구 구산동,경상사고,0,0,1,0,차대차 - 측면충돌,교차로운행방법위반,건조,맑음,교차로 - 교차로부근,승용,여,68세,상해없음,승용,남,26세,경상
2019060200100316,2019년 6월 2일 16시,일요일,인천광역시 미추홀구 숭의동,경상사고,0,0,1,0,차대차 - 측면충돌,안전운전불이행,건조,맑음,교차로 - 교차로안,화물,남,33세,상해없음,승용,남,70세,경상
2019060200100317,2019년 6월 2일 16시,일요일,인천광역시 서구 석남동,경상사고,0,0,1,0,차대차 - 측면충돌,안전운전불이행,건조,맑음,교차로 - 교차로안,승용,남,45세,상해없음,승용,남,57세,경상
2019060200100318,2019년 6월 2일 16시,일요일,인천광역시 계양구 동양동,경상사고,0,0,1,0,차대차 - 기타,직진우회전진행방해,건조,맑음,교차로 - 교차로안,자전거,남,59세,경상,승용,남,31세,상해없음
2019060200100319,2019년 6월 2일 16시,일요일,인천광역시 계양구 효성동,경상사고,0,0,1,1,차대차 - 측면충돌,안전거리미확보,건조,맑음,단일로 - 교량,기타불명,기타불명,미분류,기타불명,승용,여,60세,부상신고
2019060200100320,2019년 6월 2일 16시,일요일,인천광역시 부평구 청천동,중상사고,0,1,0,0,차대차 - 추돌,안전운전불이행,건조,맑음,단일로 - 기타,승용,여,52세,상해없음,승용,남,32세,중상
2019060200100355,2019년 6월 2일 17시,일요일,인천광역시 강화군 선원면,중상사고,0,1,0,0,차대사람 - 횡단중,보행자보호의무위반,건조,맑음,기타 - 기타,승용,남,53세,상해없음,보행자,남,6세,중상
2019060200100382,2019년 6월 2일 18시,일요일,인천광역시 부평구 십정동,경상사고,0,0,1,0,차대사람 - 길가장자리구역통행중,안전운전불이행,건조,맑음,교차로 - 교차로부근,승용,여,67세,상해없음,보행자,여,70세,경상
2019060200100467,2019년 6월 2일 21시,일요일,인천광역시 부평구 부평동,중상사고,0,1,0,0,차대사람 - 기타,보행자보호의무위반,건조,맑음,교차로 - 교차로안,승용,여,42세,상해없음,보행자,여,64세,중상
2019060200100490,2019년 6월 2일 22시,일요일,인천광역시 중구 운서동,중상사고,0,1,0,0,차량단독 - 공작물충돌,안전운전불이행,건조,맑음,교차로 - 교차로부근,승용,남,21세,상해없음,,,,
2019060200100491,2019년 6월 2일 22시,일요일,인천광역시 남동구 장수동,경상사고,0,0,1,0,차대차 - 측면충돌,안전운전불이행,건조,맑음,단일로 - 기타,승용,남,40세,상해없음,승용,남,34세,경상
2019060300100052,2019년 6월 3일 01시,월요일,인천광역시 미추홀구 주안동,경상사고,0,0,1,0,차대차 - 추돌,안전운전불이행,건조,맑음,단일로 - 기타,승용,남,54세,상해없음,승용,남,22세,경상
2019060300100053,2019년 6월 3일 01시,월요일,인천광역시 남동구 논현동,경상사고,0,0,1,0,차량단독 - 기타,안전운전불이행,건조,맑음,단일로 - 기타,이륜,남,18세,경상,,,,
2019060300100079,2019년 6월 3일 05시,월요일,인천광역시 서구 청라동,경상사고,0,0,1,0,차대차 - 정면충돌,신호위반,건조,맑음,교차로 - 교차로안,승용,남,24세,경상,건설기계,남,36세,상해없음
2019060300100158,2019년 6월 3일 08시,월요일,인천광역시 동구 송림동,경상사고,0,0,2,0,차대사람 - 횡단중,신호위반,건조,맑음,단일로 - 기타,승용,여,38세,상해없음,보행자,남,7세,경상
2019060300100159,2019년 6월 3일 08시,월요일,인천광역시 강화군 선원면,경상사고,0,0,1,0,차대차 - 기타,기타,건조,맑음,교차로 - 교차로부근,승용,남,46세,상해없음,승용,여,53세,경상
2019060300100160,2019년 6월 3일 08시,월요일,인천광역시 남동구 수산동,경상사고,0,0,1,0,차대차 - 측면충돌,교차로운행방법위반,건조,맑음,교차로 - 교차로안,승용,남,47세,상해없음,승용,남,62세,경상
2019060300100200,2019년 6월 3일 09시,월요일,인천광역시 서구 마전동,경상사고,0,0,1,0,차대사람 - 횡단중,안전운전불이행,건조,맑음,단일로 - 기타,승용,남,45세,상해없음,보행자,남,32세,경상
2019060300100201,2019년 6월 3일 09시,월요일,인천광역시 연수구 송도동,경상사고,0,0,1,0,차대차 - 측면충돌,신호위반,건조,맑음,단일로 - 기타,승용,여,60세,상해없음,자전거,남,19세,경상
2019060300100202,2019년 6월 3일 09시,월요일,인천광역시 남동구 장수동,경상사고,0,0,1,0,차대차 - 추돌,안전거리미확보,건조,맑음,단일로 - 기타,승용,남,20세,기타불명,승용,남,29세,경상
2019060300100265,2019년 6월 3일 11시,월요일,인천광역시 부평구 청천동,경상사고,0,0,1,0,차대차 - 측면충돌,안전운전불이행,건조,맑음,교차로 - 교차로부근,승용,남,28세,상해없음,승용,남,34세,경상
2019060300100327,2019년 6월 3일 13시,월요일,인천광역시 서구 마전동,경상사고,0,0,2,0,차대차 - 측면충돌,차로위반,건조,맑음,단일로 - 기타,승용,여,36세,경상,승용,남,40세,경상
2019060300100365,2019년 6월 3일 14시,월요일,인천광역시 중구 중산동,부상신고사고,0,0,0,1,차대차 - 측면충돌,안전거리미확보,건조,맑음,교차로 - 교차로안,승용,남,51세,상해없음,승용,남,58세,부상신고
2019060300100366,2019년 6월 3일 14시,월요일,인천광역시 서구 가좌동,경상사고,0,0,1,0,차대차 - 추돌,안전운전불이행,건조,맑음,단일로 - 지하차도(도로)내,화물,남,65세,상해없음,승용,남,37세,경상
2019060300100405,2019년 6월 3일 15시,월요일,인천광역시 남동구 구월동,경상사고,0,0,1,0,차대사람 - 기타,안전운전불이행,건조,맑음,단일로 - 기타,승합,남,54세,상해없음,보행자,남,57세,경상
2019060300100476,2019년 6월 3일 17시,월요일,인천광역시 서구 석남동,중상사고,0,1,0,0,차대사람 - 횡단중,안전운전불이행,건조,맑음,단일로 - 기타,승용,남,64세,상해없음,보행자,여,6세,중상
2019060300100512,2019년 6월 3일 18시,월요일,인천광역시 부평구 구산동,경상사고,0,0,1,0,차대차 - 기타,안전거리미확보,건조,맑음,단일로 - 기타,승용,남,63세,기타불명,승용,남,35세,경상
2019060300100513,2019년 6월 3일 18시,월요일,인천광역시 남동구 논현동,중상사고,0,1,0,0,차대사람 - 횡단중,신호위반,건조,맑음,교차로 - 교차로안,화물,남,69세,상해없음,보행자,남,59세,중상
2019060300100539,2019년 6월 3일 19시,월요일,인천광역시 중구 운서동,경상사고,0,0,1,0,차대차 - 측면충돌,안전거리미확보,건조,맑음,교차로 - 교차로안,승용,남,48세,상해없음,승용,여,28세,경상
2019060300100564,2019년 6월 3일 20시,월요일,인천광역시 중구 북성동1가,경상사고,0,0,1,0,차대차 - 추돌,안전운전불이행,건조,맑음,단일로 - 기타,승용,남,62세,상해없음,승용,여,47세,경상
2019060300100565,2019년 6월 3일 20시,월요일,인천광역시 부평구 청천동,경상사고,0,0,1,0,차대차 - 측면충돌,안전운전불이행,건조,맑음,교차로 - 교차로부근,승용,남,47세,상해없음,승용,남,42세,경상
2019060300100586,2019년 6월 3일 21시,월요일,인천광역시 미추홀구 학익동,중상사고,0,1,1,0,차대차 - 측면충돌,차로위반,건조,맑음,기타 - 기타,화물,남,38세,상해없음,승용,여,55세,중상
2019060300100587,2019년 6월 3일 21시,월요일,인천광역시 미추홀구 숭의동,경상사고,0,0,2,0,차대차 - 측면충돌,차로위반,건조,맑음,단일로 - 기타,승용,남,67세,상해없음,승용,남,50세,경상
2019060300100609,2019년 6월 3일 22시,월요일,인천광역시 남동구 구월동,중상사고,0,1,1,0,차대차 - 측면충돌,신호위반,건조,맑음,교차로 - 교차로안,승용,남,56세,상해없음,승용,남,63세,중상
2019060300100629,2019년 6월 3일 23시,월요일,인천광역시 부평구 부평동,중상사고,0,1,0,0,차대차 - 측면충돌,안전운전불이행,건조,맑음,교차로 - 교차로부근,승용,남,18세,상해없음,승용,남,74세,중상
2019060400100030,2019년 6월 4일 00시,화요일,인천광역시 동구 금곡동,경상사고,0,0,4,0,차대차 - 측면충돌,안전운전불이행,건조,맑음,교차로 - 교차로부근,승용,남,23세,상해없음,승용,남,21세,경상
2019060400100031,2019년 6월 4일 00시,화요일,인천광역시 서구 청라동,경상사고,0,0,1,0,차대차 - 추돌,안전운전불이행,건조,맑음,교차로 - 교차로부근,승용,남,20세,상해없음,승용,여,42세,경상
2019060400100075,2019년 6월 4일 06시,화요일,인천광역시 미추홀구 용현동,경상사고,0,0,2,0,차대차 - 추돌,안전운전불이행,건조,맑음,단일로 - 기타,승용,남,19세,상해없음,화물,남,51세,경상
2019060400100076,2019년 6월 4일 06시,화요일,인천광역시 서구 원창동,경상사고,0,0,1,0,차량단독 - 전도전복 - 전도,안전운전불이행,건조,맑음,교차로 - 교차로안,이륜,남,29세,경상,,,,
2019060400100077,2019년 6월 4일 06시,화요일,인천광역시 계양구 둑실동,경상사고,0,0,2,0,차대차 - 후진중충돌,안전거리미확보,건조,맑음,단일로 - 기타,승합,남,64세,상해없음,승용,남,34세,경상
2019060400100078,2019년 6월 4일 06시,화요일,인천광역시 연수구 연수동,중상사고,0,1,0,0,차대사람 - 횡단중,보행자보호의무위반,건조,맑음,단일로 - 기타,자전거,남,55세,상해없음,보행자,여,77세,중상
2019060400100149,2019년 6월 4일 08시,화요일,인천광역시 미추홀구 도화동,중상사고,0,1,0,0,차대차 - 측면충돌,신호위반,건조,맑음,교차로 - 교차로부근,승용,남,73세,상해없음,승용,남,47세,중상
2019060400100150,2019년 6월 4일 08시,화요일,인천광역시 남동구 만수동,경상사고,0,0,1,0,차대사람 - 기타,안전운전불이행,건조,맑음,교차로 - 교차로부근,승용,여,30세,상해없음,보행자,여,53세,경상
2019060400100191,2019년 6월 4일 09시,화요일,인천광역시 남동구 간석동,중상사고,0,1,0,0,차대차 - 측면충돌,안전운전불이행,건조,맑음,교차로 - 교차로안,승용,남,51세,상해없음,자전거,여,24세,중상
2019060400100192,2019년 6월 4일 09시,화요일,인천광역시 계양구 임학동,중상사고,0,1,0,0,차대사람 - 길가장자리구역통행중,안전운전불이행,건조,맑음,단일로 - 기타,승용,남,66세,상해없음,보행자,여,79세,중상
2019060400100231,2019년 6월 4일 10시,화요일,인천광역시 서구 당하동,경상사고,0,0,1,0,차대사람 - 보도통행중,보행자보호의무위반,건조,맑음,교차로 - 교차로횡단보도내,승용,여,51세,상해없음,보행자,여,32세,경상
2019060400100232,2019년 6월 4일 10시,화요일,인천광역시 남동구 논현동,중상사고,0,1,0,0,차대차 - 기타,안전운전불이행,건조,맑음,단일로 - 기타,승용,남,19세,상해없음,화물,남,38세,중상
2019060400100292,2019년 6월 4일 12시,화요일,인천광역시 남동구 구월동,중상사고,0,1,0,0,차대차 - 측면충돌,교차로운행방법위반,건조,맑음,교차로 - 교차로안,화물,남,44세,상해없음,자전거,남,64세,중상
2019060400100293,2019년 6월 4일 12시,화요일,인천광역시 계양구 작전동,부상신고사고,0,0,0,1,차대차 - 측면충돌,안전운전불이행,건조,맑음,단일로 - 기타,이륜,남,25세,부상신고,승용,여,54세,상해없음
2019060400100362,2019년 6월 4일 14시,화요일,인천광역시 부평구 일신동,경상사고,0,0,1,0,차대차 - 추돌,안전운전불이행,건조,맑음,단일로 - 기타,승용,여,55세,상해없음,승용,남,61세,경상
2019060400100391,2019년 6월 4일 15시,화요일,인천광역시 계양구 계산동,경상사고,0,0,1,0,차대차 - 추돌,안전운전불이행,건조,맑음,교차로 - 교차로부근,화물,남,47세,상해없음,승용,남,53세,경상
2019060400100438,2019년 6월 4일 16시,화요일,인천광역시 계양구 임학동,경상사고,0,0,1,0,차대사람 - 횡단중,보행자보호의무위반,건조,맑음,교차로 - 교차로부근,승용,남,44세,상해없음,보행자,남,6세,경상
2019060400100495,2019년 6월 4일 17시,화요일,인천광역시 미추홀구 주안동,부상신고사고,0,0,0,1,차대사람 - 보도통행중,안전운전불이행,건조,맑음,단일로 - 기타,승합,남,63세,기타불명,보행자,여,55세,부상신고
2019060400100551,2019년 6월 4일 18시,화요일,인천광역시 연수구 송도동,경상사고,0,0,2,0,차대차 - 기타,안전운전불이행,건조,맑음,교차로 - 교차로안,승용,여,42세,상해없음,승용,남,26세,경상
2019060400100586,2019년 6월 4일 19시,화요일,인천광역시 서구 가정동,중상사고,0,1,0,0,차대차 - 기타,안전운전불이행,건조,맑음,교차로 - 교차로안,승용,남,23세,기타불명,이륜,남,21세,중상
2019060400100587,2019년 6월 4일 19시,화요일,인천광역시 서구 검암동,중상사고,0,1,0,0,차대사람 - 기타,안전운전불이행,건조,맑음,단일로 - 기타,승용,남,66세,상해없음,보행자,여,66세,중상
2019060400100624,2019년 6월 4일 20시,화요일,인천광역시 부평구 청천동,경상사고,0,0,1,0,차량단독 - 기타,안전운전불이행,건조,맑음,교차로 - 교차로부근,승합,남,55세,상해없음,,,,
2019060400100647,2019년 6월 4일 21시,화요일,인천광역시 서구 가좌동,중상사고,0,1,0,0,차대사람 - 보도통행중,보행자보호의무위반,건조,맑음,교차로 - 교차로부근,승용,여,40세,상해없음,보행자,여,55세,중상
2019060400100648,2019년 6월 4일 21시,화요일,인천광역시 서구 석남동,경상사고,0,0,1,0,차대차 - 측면충돌,중앙선침범,건조,맑음,교차로 - 교차로안,승용,남,44세,상해없음,승용,남,29세,경상
2019060500100071,2019년 6월 5일 05시,수요일,인천광역시 중구 운북동,경상사고,0,0,6,0,차대차 - 측면충돌,안전운전불이행,건조,맑음,교차로 - 교차로안,화물,남,58세,상해없음,승합,남,39세,경상
2019060500100088,2019년 6월 5일 06시,수요일,인천광역시 서구 가정동,경상사고,0,0,2,0,차대차 - 측면충돌,차로위반,건조,맑음,기타 - 기타,건설기계,남,42세,상해없음,승용,남,61세,경상
2019060500100106,2019년 6월 5일 07시,수요일,인천광역시 서구 석남동,중상사고,0,1,0,0,차대사람 - 기타,안전운전불이행,건조,맑음,교차로 - 교차로부근,승용,남,43세,상해없음,보행자,여,17세,중상
2019060500100156,2019년 6월 5일 08시,수요일,인천광역시 부평구 부평동,경상사고,0,0,1,0,차대차 - 기타,안전운전불이행,건조,맑음,단일로 - 기타,승용,남,38세,상해없음,승용,여,53세,경상
2019060500100157,2019년 6월 5일 08시,수요일,인천광역시 남동구 논현동,경상사고,0,0,1,0,차대사람 - 횡단중,안전운전불이행,건조,맑음,교차로 - 교차로안,승용,남,56세,상해없음,보행자,남,17세,경상
2019060500100203,2019년 6월 5일 09시,수요일,인천광역시 미추홀구 용현동,경상사고,0,0,4,0,차대차 - 추돌,안전운전불이행,건조,맑음,단일로 - 기타,승용,여,24세,기타불명,승용,남,67세,경상
2019060500100204,2019년 6월 5일 09시,수요일,인천광역시 미추홀구 주안동,경상사고,0,0,1,0,차대차 - 측면충돌,안전운전불이행,건조,맑음,교차로 - 교차로안,승용,여,35세,상해없음,승용,남,25세,경상
2019060500100205,2019년 6월 5일 09시,수요일,인천광역시 남동구 고잔동,중상사고,0,1,0,0,차대차 - 추돌,안전운전불이행,건조,맑음,교차로 - 교차로안,화물,남,29세,상해없음,화물,남,64세,상해없음
2019060500100259,2019년 6월 5일 11시,수요일,인천광역시 계양구 박촌동,경상사고,0,0,1,0,차대차 - 측면충돌,안전거리미확보,건조,맑음,단일로 - 기타,특수,남,69세,상해없음,승용,남,38세,경상
2019060500100327,2019년 6월 5일 13시,수요일,인천광역시 연수구 동춘동,경상사고,0,0,1,0,차대사람 - 기타,안전운전불이행,건조,맑음,단일로 - 기타,승합,남,59세,상해없음,보행자,여,43세,경상
2019060500100373,2019년 6월 5일 14시,수요일,인천광역시 미추홀구 학익동,경상사고,0,0,1,0,차대차 - 후진중충돌,안전운전불이행,건조,맑음,주차장 - 주차장,화물,남,25세,상해없음,승용,여,42세,경상
2019060500100374,2019년 6월 5일 14시,수요일,인천광역시 부평구 부평동,경상사고,0,0,1,0,차대사람 - 차도통행중,안전운전불이행,건조,맑음,교차로 - 교차로안,승용,남,36세,상해없음,보행자,여,12세,경상
2019060500100418,2019년 6월 5일 15시,수요일,인천광역시 서구 오류동,경상사고,0,0,1,0,차대차 - 측면충돌,안전운전불이행,건조,맑음,교차로 - 교차로안,화물,남,62세,상해없음,승용,남,23세,경상
2019060500100463,2019년 6월 5일 16시,수요일,인천광역시 남동구 간석동,경상사고,0,0,1,0,차대차 - 측면충돌,안전거리미확보,건조,맑음,단일로 - 기타,승용,남,54세,상해없음,이륜,남,24세,경상
2019060500100464,2019년 6월 5일 16시,수요일,인천광역시 부평구 부평동,경상사고,0,0,1,0,차대차 - 추돌,안전운전불이행,건조,맑음,단일로 - 기타,승용,남,20세,상해없음,승용,남,55세,경상
2019060500100527,2019년 6월 5일 17시,수요일,인천광역시 남동구 고잔동,경상사고,0,0,1,0,차대차 - 측면충돌,안전운전불이행,건조,맑음,단일로 - 기타,승합,남,58세,상해없음,승용,남,66세,경상
2019060500100661,2019년 6월 5일 20시,수요일,인천광역시 서구 왕길동,중상사고,0,2,0,0,차대차 - 추돌,과속,건조,맑음,교차로 - 교차로부근,승용,여,74세,상해없음,승용,남,56세,중상
2019060500100662,2019년 6월 5일 20시,수요일,인천광역시 연수구 동춘동,경상사고,0,0,2,0,차대차 - 추돌,안전운전불이행,건조,흐림,단일로 - 기타,승용,남,37세,상해없음,승용,남,58세,경상
2019060600100052,2019년 6월 6일 01시,목요일,인천광역시 강화군 화도면,경상사고,0,0,2,0,차대차 - 기타,안전운전불이행,기타,맑음,단일로 - 기타,화물,남,55세,상해없음,승용,남,25세,경상
2019060600100073,2019년 6월 6일 02시,목요일,인천광역시 서구 공촌동,경상사고,0,0,1,0,차대차 - 기타,안전운전불이행,건조,맑음,교차로 - 교차로부근,승용,남,59세,상해없음,승용,남,65세,경상
2019060600100074,2019년 6월 6일 02시,목요일,인천광역시 서구 청라동,중상사고,0,1,0,0,차대차 - 기타,안전운전불이행,건조,맑음,교차로 - 교차로부근,승용,남,33세,상해없음,승용,남,25세,중상
2019060600100087,2019년 6월 6일 03시,목요일,인천광역시 계양구 작전동,경상사고,0,0,2,0,차대차 - 추돌,안전거리미확보,건조,맑음,교차로 - 교차로안,승용,남,59세,상해없음,승용,남,52세,상해없음
2019060600100094,2019년 6월 6일 04시,목요일,인천광역시 중구 중산동,경상사고,0,0,3,3,차대차 - 측면충돌,안전운전불이행,건조,맑음,단일로 - 기타,승용,여,38세,기타불명,승용,여,44세,부상신고
2019060600100146,2019년 6월 6일 08시,목요일,인천광역시 부평구 부개동,중상사고,0,1,0,0,차대사람 - 차도통행중,안전운전불이행,건조,맑음,단일로 - 기타,승합,남,40세,상해없음,보행자,여,60세,중상
2019060600100159,2019년 6월 6일 09시,목요일,인천광역시 연수구 옥련동,경상사고,0,0,1,0,차대차 - 추돌,안전운전불이행,건조,맑음,단일로 - 기타,승용,여,49세,상해없음,승용,남,53세,경상
2019060600100179,2019년 6월 6일 10시,목요일,인천광역시 중구 북성동1가,경상사고,0,0,1,0,차량단독 - 공작물충돌,안전운전불이행,건조,맑음,단일로 - 기타,승용,남,72세,상해없음,,,,
2019060600100180,2019년 6월 6일 10시,목요일,인천광역시 남동구 구월동,경상사고,0,0,1,0,차대차 - 측면충돌,안전운전불이행,건조,흐림,단일로 - 기타,승용,남,31세,상해없음,화물,남,40세,경상
2019060600100205,2019년 6월 6일 11시,목요일,인천광역시 부평구 부평동,중상사고,0,1,1,0,차대차 - 측면충돌,안전운전불이행,건조,맑음,교차로 - 교차로부근,승합,남,51세,상해없음,승용,남,38세,경상
2019060600100235,2019년 6월 6일 12시,목요일,인천광역시 중구 운남동,경상사고,0,0,4,0,차대차 - 측면충돌,신호위반,건조,맑음,교차로 - 교차로안,승용,여,75세,경상,승용,여,60세,경상
2019060600100236,2019년 6월 6일 12시,목요일,인천광역시 부평구 부평동,경상사고,0,0,1,0,차대사람 - 기타,안전운전불이행,건조,맑음,단일로 - 기타,승합,남,60세,상해없음,보행자,여,62세,경상
2019060600100237,2019년 6월 6일 12시,목요일,인천광역시 부평구 산곡동,경상사고,0,0,1,0,차대사람 - 횡단중,보행자보호의무위반,건조,맑음,교차로 - 교차로횡단보도내,승용,남,79세,상해없음,보행자,남,15세,경상
2019060600100238,2019년 6월 6일 12시,목요일,인천광역시 부평구 부평동,중상사고,0,1,0,0,차대차 - 기타,기타,건조,맑음,단일로 - 기타,승용,남,42세,상해없음,자전거,남,76세,중상
2019060600100341,2019년 6월 6일 15시,목요일,인천광역시 연수구 옥련동,중상사고,0,1,0,0,차대차 - 측면충돌,안전운전불이행,젖음/습기,흐림,단일로 - 기타,건설기계,남,45세,상해없음,자전거,남,82세,중상
2019060600100407,2019년 6월 6일 17시,목요일,인천광역시 미추홀구 용현동,경상사고,0,0,2,0,차대차 - 측면충돌,직진우회전진행방해,젖음/습기,흐림,교차로 - 교차로안,이륜,남,45세,경상,승용,남,49세,경상
2019060600100437,2019년 6월 6일 18시,목요일,인천광역시 중구 신흥동3가,경상사고,0,0,1,0,차대차 - 측면충돌,교차로운행방법위반,건조,맑음,교차로 - 교차로안,원동기,남,23세,경상,승합,남,55세,상해없음
2019060600100481,2019년 6월 6일 19시,목요일,인천광역시 계양구 작전동,부상신고사고,0,0,0,1,차대사람 - 횡단중,안전운전불이행,젖음/습기,비,단일로 - 기타,이륜,남,61세,상해없음,보행자,여,23세,부상신고
2019060600100518,2019년 6월 6일 20시,목요일,인천광역시 남동구 논현동,경상사고,0,0,1,0,차대차 - 측면충돌,안전운전불이행,젖음/습기,비,단일로 - 기타,승합,남,54세,경상,승용,남,60세,상해없음
2019060600100574,2019년 6월 6일 21시,목요일,인천광역시 계양구 동양동,경상사고,0,0,1,0,차대차 - 측면충돌,안전운전불이행,젖음/습기,비,단일로 - 기타,승용,남,72세,상해없음,승용,여,35세,경상
2019060600100611,2019년 6월 6일 22시,목요일,인천광역시 부평구 갈산동,경상사고,0,0,1,0,차대차 - 측면충돌,안전거리미확보,젖음/습기,비,단일로 - 기타,승용,남,50세,상해없음,승용,남,49세,경상
2019060600100645,2019년 6월 6일 23시,목요일,인천광역시 미추홀구 숭의동,경상사고,0,0,2,0,차대차 - 측면충돌,안전운전불이행,젖음/습기,흐림,교차로 - 교차로안,승용,여,46세,경상,이륜,남,36세,경상
2019060600100646,2019년 6월 6일 23시,목요일,인천광역시 남동구 간석동,경상사고,0,0,2,0,차대차 - 추돌,안전운전불이행,젖음/습기,비,교차로 - 교차로부근,승용,남,37세,상해없음,승용,남,58세,경상
2019060600100647,2019년 6월 6일 23시,목요일,인천광역시 계양구 계산동,경상사고,0,0,1,0,차대차 - 측면충돌,신호위반,젖음/습기,비,교차로 - 교차로부근,승용,남,58세,상해없음,승용,남,28세,경상
2019060700100084,2019년 6월 7일 04시,금요일,인천광역시 미추홀구 주안동,부상신고사고,0,0,0,1,차대차 - 정면충돌,안전운전불이행,젖음/습기,비,단일로 - 기타,승용,남,25세,상해없음,승용,여,52세,상해없음
2019060700100165,2019년 6월 7일 08시,금요일,인천광역시 연수구 동춘동,경상사고,0,0,3,0,차대차 - 측면충돌,안전거리미확보,젖음/습기,흐림,단일로 - 기타,화물,남,75세,경상,화물,남,37세,경상
2019060700100196,2019년 6월 7일 09시,금요일,인천광역시 남동구 간석동,중상사고,0,1,0,0,차대사람 - 횡단중,신호위반,젖음/습기,비,교차로 - 교차로안,승용,남,55세,상해없음,보행자,남,10세,중상
2019060700100197,2019년 6월 7일 09시,금요일,인천광역시 남동구 간석동,경상사고,0,0,1,0,차대차 - 측면충돌,안전운전불이행,젖음/습기,비,단일로 - 기타,승용,남,51세,상해없음,원동기,남,38세,경상
2019060700100198,2019년 6월 7일 09시,금요일,인천광역시 서구 석남동,경상사고,0,0,1,0,차대차 - 측면충돌,신호위반,젖음/습기,비,교차로 - 교차로안,승용,남,64세,상해없음,승용,남,56세,경상
2019060700100199,2019년 6월 7일 09시,금요일,인천광역시 계양구 계산동,경상사고,0,0,1,0,차대차 - 측면충돌,교차로운행방법위반,젖음/습기,비,교차로 - 교차로안,화물,남,66세,상해없음,승용,여,59세,경상
2019060700100200,2019년 6월 7일 09시,금요일,인천광역시 계양구 귤현동,경상사고,0,0,2,0,차대차 - 측면충돌,안전거리미확보,젖음/습기,흐림,단일로 - 기타,특수,남,36세,상해없음,승용,여,40세,경상
2019060700100228,2019년 6월 7일 10시,금요일,인천광역시 미추홀구 도화동,중상사고,0,1,0,0,차대사람 - 보도통행중,신호위반,젖음/습기,비,교차로 - 교차로횡단보도내,승용,남,59세,상해없음,보행자,여,29세,중상
2019060700100229,2019년 6월 7일 10시,금요일,인천광역시 남동구 만수동,경상사고,0,0,1,0,차대차 - 측면충돌,안전운전불이행,건조,맑음,단일로 - 기타,승용,남,76세,상해없음,승용,남,25세,경상
2019060700100230,2019년 6월 7일 10시,금요일,인천광역시 남동구 간석동,경상사고,0,0,1,0,차대차 - 추돌,안전운전불이행,적설,비,교차로 - 교차로부근,승용,남,51세,상해없음,승용,남,57세,경상
2019060700100231,2019년 6월 7일 10시,금요일,인천광역시 강화군 내가면,중상사고,0,1,0,0,차대사람 - 횡단중,기타,건조,흐림,교차로 - 교차로부근,화물,남,71세,상해없음,보행자,남,67세,중상
2019060700100390,2019년 6월 7일 15시,금요일,인천광역시 부평구 청천동,경상사고,0,0,1,0,차량단독 - 기타,안전운전불이행,건조,맑음,단일로 - 기타,승합,남,53세,상해없음,,,,
2019060700100391,2019년 6월 7일 15시,금요일,인천광역시 남동구 만수동,경상사고,0,0,3,0,차대차 - 측면충돌,안전거리미확보,건조,맑음,단일로 - 기타,승용,남,70세,상해없음,승용,남,34세,경상
2019060700100440,2019년 6월 7일 16시,금요일,인천광역시 미추홀구 도화동,경상사고,0,0,2,0,차대차 - 기타,안전운전불이행,건조,맑음,교차로 - 교차로부근,화물,남,45세,상해없음,승용,여,32세,상해없음
2019060700100476,2019년 6월 7일 17시,금요일,인천광역시 남동구 구월동,중상사고,0,1,0,0,차대사람 - 횡단중,교차로운행방법위반,건조,맑음,기타 - 기타,화물,남,71세,상해없음,보행자,여,57세,중상