사고번호,사고일시,요일,시군구,사고내용,사망자수,중상자수,경상자수,부상신고자수,사고유형,법규위반,노면상태,기상상태,도로형태,가해운전자 차종,가해운전자 성별,가해운전자 연령,가해운전자 상해정도,피해운전자 차종,피해운전자 성별,피해운전자 연령,피해운전자 상해정도
2019060700100516,2019년 6월 7일 18시,금요일,인천광역시 동구 금곡동,중상사고,0,1,0,0,차대사람 - 기타,안전운전불이행,건조,맑음,단일로 - 기타,승합,남,49세,상해없음,보행자,남,56세,중상
2019060700100517,2019년 6월 7일 18시,금요일,인천광역시 연수구 동춘동,중상사고,0,1,0,0,차대차 - 측면충돌,신호위반,건조,맑음,교차로 - 교차로안,이륜,남,40세,중상,승용,남,60세,상해없음
2019060700100518,2019년 6월 7일 18시,금요일,인천광역시 남동구 논현동,경상사고,0,0,1,0,차대차 - 측면충돌,안전운전불이행,건조,맑음,단일로 - 기타,승용,남,56세,상해없음,승용,여,37세,경상
2019060700100589,2019년 6월 7일 20시,금요일,인천광역시 계양구 장기동,부상신고사고,0,0,0,1,차대차 - 정면충돌,안전운전불이행,건조,맑음,단일로 - 기타,자전거,남,38세,부상신고,승용,여,29세,상해없음
2019060700100619,2019년 6월 7일 21시,금요일,인천광역시 서구 불로동,중상사고,0,1,0,0,차대차 - 추돌,안전운전불이행,건조,맑음,단일로 - 기타,승용,남,44세,상해없음,이륜,남,37세,중상
2019060700100620,2019년 6월 7일 21시,금요일,인천광역시 서구 원당동,중상사고,0,1,0,0,차대사람 - 횡단중,신호위반,건조,맑음,교차로 - 교차로횡단보도내,승용,남,33세,상해없음,보행자,남,70세,중상
2019060700100654,2019년 6월 7일 22시,금요일,인천광역시 계양구 작전동,경상사고,0,0,4,0,차대차 - 후진중충돌,안전운전불이행,건조,맑음,단일로 - 기타,승용,남,53세,상해없음,승용,남,18세,경상
2019060800100073,2019년 6월 8일 03시,토요일,인천광역시 남동구 간석동,중상사고,0,1,0,0,차대사람 - 횡단중,과속,건조,맑음,교차로 - 교차로횡단보도내,화물,남,70세,상해없음,보행자,여,18세,중상
2019060800100080,2019년 6월 8일 04시,토요일,인천광역시 서구 가정동,사망사고,1,0,0,0,차대사람 - 횡단중,과속,건조,흐림,교차로 - 교차로횡단보도내,승용,남,40세,상해없음,보행자,남,20세,사망
2019060800100081,2019년 6월 8일 04시,토요일,인천광역시 서구 백석동,경상사고,0,0,1,0,차대차 - 측면충돌,안전운전불이행,건조,맑음,단일로 - 기타,승용,남,51세,상해없음,승용,남,30세,경상
2019060800100095,2019년 6월 8일 05시,토요일,인천광역시 서구 석남동,중상사고,0,1,0,0,차대사람 - 기타,안전운전불이행,건조,맑음,교차로 - 교차로부근,승용,남,14세,상해없음,보행자,남,40세,중상
2019060800100123,2019년 6월 8일 07시,토요일,인천광역시 중구 항동7가,경상사고,0,0,3,0,차대차 - 측면충돌,차로위반,건조,맑음,단일로 - 기타,승용,남,62세,경상,승용,남,48세,경상
2019060800100149,2019년 6월 8일 08시,토요일,인천광역시 남동구 만수동,경상사고,0,0,1,0,차대차 - 측면충돌,안전운전불이행,건조,맑음,단일로 - 기타,화물,남,40세,상해없음,승용,여,62세,경상
2019060800100150,2019년 6월 8일 08시,토요일,인천광역시 계양구 작전동,경상사고,0,0,1,0,차대차 - 측면충돌,신호위반,건조,맑음,교차로 - 교차로안,승용,여,49세,상해없음,승용,남,35세,경상
2019060800100168,2019년 6월 8일 09시,토요일,인천광역시 남동구 간석동,중상사고,0,1,0,0,차대사람 - 기타,안전운전불이행,건조,흐림,교차로 - 교차로안,승용,남,45세,상해없음,보행자,남,77세,중상
2019060800100206,2019년 6월 8일 10시,토요일,인천광역시 부평구 삼산동,경상사고,0,0,1,0,차대차 - 기타,교차로운행방법위반,건조,맑음,교차로 - 교차로안,승용,남,34세,상해없음,이륜,남,39세,경상
2019060800100236,2019년 6월 8일 11시,토요일,인천광역시 미추홀구 학익동,경상사고,0,0,1,0,차대차 - 기타,안전운전불이행,건조,맑음,교차로 - 교차로부근,화물,남,18세,상해없음,승합,남,37세,기타불명
2019060800100237,2019년 6월 8일 11시,토요일,인천광역시 계양구 작전동,경상사고,0,0,1,0,차대사람 - 기타,안전운전불이행,건조,맑음,주차장 - 주차장,승용,남,61세,상해없음,보행자,남,26세,경상
2019060800100278,2019년 6월 8일 12시,토요일,인천광역시 남동구 만수동,경상사고,0,0,1,0,차대사람 - 횡단중,안전운전불이행,건조,맑음,단일로 - 기타,승합,남,54세,상해없음,보행자,남,16세,경상
2019060800100279,2019년 6월 8일 12시,토요일,인천광역시 서구 마전동,경상사고,0,0,2,0,차대차 - 측면충돌,안전거리미확보,건조,맑음,교차로 - 교차로부근,승용,여,48세,상해없음,이륜,남,36세,경상
2019060800100280,2019년 6월 8일 12시,토요일,인천광역시 부평구 부평동,중상사고,0,1,0,0,차대사람 - 횡단중,안전운전불이행,건조,맑음,단일로 - 기타,승합,남,40세,상해없음,보행자,남,4세,중상
2019060800100281,2019년 6월 8일 12시,토요일,인천광역시 남동구 논현동,경상사고,0,0,1,0,차대차 - 측면충돌,안전운전불이행,건조,맑음,교차로 - 교차로안,화물,남,56세,상해없음,화물,남,66세,경상
2019060800100381,2019년 6월 8일 14시,토요일,인천광역시 연수구 동춘동,경상사고,0,0,1,0,차대차 - 후진중충돌,안전운전불이행,건조,맑음,단일로 - 기타,화물,남,61세,상해없음,승용,남,58세,경상
2019060800100471,2019년 6월 8일 17시,토요일,인천광역시 서구 연희동,경상사고,0,0,1,0,차대사람 - 기타,안전운전불이행,건조,맑음,단일로 - 기타,승합,여,49세,상해없음,보행자,남,5세,경상
2019060800100472,2019년 6월 8일 17시,토요일,인천광역시 계양구 귤현동,경상사고,0,0,1,0,차대사람 - 기타,안전운전불이행,건조,맑음,단일로 - 기타,자전거,남,50세,상해없음,보행자,여,39세,경상
2019060800100473,2019년 6월 8일 17시,토요일,인천광역시 남동구 고잔동,경상사고,0,0,1,0,차대차 - 추돌,안전운전불이행,건조,맑음,단일로 - 기타,승용,남,41세,상해없음,승용,남,32세,경상
2019060800100508,2019년 6월 8일 18시,토요일,인천광역시 부평구 부평동,경상사고,0,0,2,0,차대차 - 측면충돌,안전운전불이행,건조,맑음,교차로 - 교차로안,승용,남,26세,경상,승용,남,53세,경상
2019060800100535,2019년 6월 8일 19시,토요일,인천광역시 연수구 선학동,경상사고,0,0,1,0,차대차 - 추돌,안전운전불이행,건조,맑음,교차로 - 교차로안,승용,남,59세,상해없음,승용,남,52세,경상
2019060800100604,2019년 6월 8일 21시,토요일,인천광역시 중구 을왕동,경상사고,0,0,1,0,차대사람 - 횡단중,안전운전불이행,건조,맑음,단일로 - 기타,승용,남,19세,상해없음,보행자,여,55세,경상
2019060800100605,2019년 6월 8일 21시,토요일,인천광역시 서구 시천동,경상사고,0,0,2,0,차대사람 - 기타,안전운전불이행,건조,맑음,단일로 - 기타,자전거,남,51세,경상,보행자,남,41세,경상
2019060800100635,2019년 6월 8일 22시,토요일,인천광역시 계양구 작전동,경상사고,0,0,2,0,차대차 - 추돌,안전운전불이행,건조,맑음,단일로 - 기타,승용,남,39세,상해없음,승용,남,40세,경상
2019060800100656,2019년 6월 8일 23시,토요일,인천광역시 중구 운서동,중상사고,0,1,0,0,차대차 - 측면충돌,신호위반,건조,맑음,교차로 - 교차로안,화물,남,18세,상해없음,이륜,남,17세,중상
2019060900100047,2019년 6월 9일 01시,일요일,인천광역시 미추홀구 용현동,중상사고,0,1,0,0,차대차 - 정면충돌,신호위반,건조,기타,교차로 - 교차로안,승용,남,33세,기타불명,승용,남,48세,중상
2019060900100048,2019년 6월 9일 01시,일요일,인천광역시 부평구 부평동,중상사고,0,1,3,0,차대차 - 추돌,교차로운행방법위반,건조,맑음,교차로 - 교차로안,승용,남,59세,경상,승용,남,27세,경상
2019060900100072,2019년 6월 9일 03시,일요일,인천광역시 서구 당하동,경상사고,0,0,1,0,차대차 - 측면충돌,기타,건조,맑음,단일로 - 기타,승용,남,52세,상해없음,승용,여,58세,경상
2019060900100187,2019년 6월 9일 11시,일요일,인천광역시 서구 금곡동,경상사고,0,0,2,0,차대차 - 기타,안전운전불이행,건조,맑음,교차로 - 교차로안,화물,남,38세,상해없음,승용,남,26세,경상
2019060900100296,2019년 6월 9일 15시,일요일,인천광역시 남동구 고잔동,경상사고,0,0,3,0,차대차 - 측면충돌,교차로운행방법위반,건조,맑음,교차로 - 교차로안,승용,남,29세,경상,승용,남,49세,경상
2019060900100323,2019년 6월 9일 16시,일요일,인천광역시 미추홀구 주안동,경상사고,0,0,3,0,차대차 - 추돌,안전운전불이행,건조,맑음,단일로 - 기타,이륜,남,18세,기타불명,승용,남,38세,경상
2019060900100350,2019년 6월 9일 17시,일요일,인천광역시 서구 마전동,경상사고,0,0,2,0,차대차 - 측면충돌,교차로운행방법위반,건조,맑음,교차로 - 교차로안,승용,남,51세,경상,승용,남,45세,상해없음
2019060900100351,2019년 6월 9일 17시,일요일,인천광역시 남동구 고잔동,경상사고,0,0,1,0,차대차 - 측면충돌,안전운전불이행,건조,맑음,단일로 - 기타,승합,남,58세,상해없음,승용,여,46세,경상
2019060900100378,2019년 6월 9일 18시,일요일,인천광역시 미추홀구 용현동,경상사고,0,0,3,0,차대차 - 측면충돌,차로위반,건조,맑음,기타 - 기타,승용,남,39세,기타불명,승용,남,31세,경상
2019060900100395,2019년 6월 9일 19시,일요일,인천광역시 미추홀구 용현동,경상사고,0,0,1,0,차대차 - 측면충돌,안전운전불이행,건조,맑음,교차로 - 교차로안,승용,남,34세,상해없음,승용,남,26세,경상
2019060900100453,2019년 6월 9일 22시,일요일,인천광역시 부평구 청천동,경상사고,0,0,2,0,차대차 - 측면충돌,안전운전불이행,젖음/습기,비,단일로 - 기타,승용,여,58세,상해없음,승용,남,30세,상해없음
2019060900100454,2019년 6월 9일 22시,일요일,인천광역시 남동구 간석동,경상사고,0,0,2,0,차대사람 - 차도통행중,안전운전불이행,건조,흐림,단일로 - 기타,승용,남,32세,상해없음,보행자,남,38세,경상
2019061000100048,2019년 6월 10일 01시,월요일,인천광역시 서구 가좌동,경상사고,0,0,1,0,차대차 - 기타,안전운전불이행,건조,맑음,교차로 - 교차로안,승용,남,20세,상해없음,승용,남,34세,경상
2019061000100054,2019년 6월 10일 02시,월요일,인천광역시 남동구 장수동,사망사고,1,0,0,0,차대사람 - 기타,안전운전불이행,젖음/습기,비,단일로 - 터널,승합,남,39세,상해없음,보행자,남,63세,사망
2019061000100068,2019년 6월 10일 04시,월요일,인천광역시 미추홀구 숭의동,중상사고,0,1,0,0,차대사람 - 횡단중,보행자보호의무위반,젖음/습기,비,교차로 - 교차로횡단보도내,승용,남,69세,상해없음,보행자,여,70세,중상
2019061000100078,2019년 6월 10일 05시,월요일,인천광역시 서구 심곡동,경상사고,0,0,2,0,차대차 - 기타,신호위반,젖음/습기,비,교차로 - 교차로안,승용,남,35세,경상,승합,남,50세,경상
2019061000100089,2019년 6월 10일 06시,월요일,인천광역시 부평구 십정동,경상사고,0,0,1,0,차대차 - 측면충돌,안전운전불이행,젖음/습기,흐림,교차로 - 교차로부근,화물,남,71세,상해없음,승용,남,59세,경상
2019061000100121,2019년 6월 10일 07시,월요일,인천광역시 중구 운서동,경상사고,0,0,1,0,차대차 - 측면충돌,신호위반,젖음/습기,비,교차로 - 교차로안,승용,남,56세,상해없음,승합,남,50세,경상
2019061000100158,2019년 6월 10일 08시,월요일,인천광역시 미추홀구 학익동,경상사고,0,0,1,0,차대차 - 측면충돌,차로위반,젖음/습기,흐림,단일로 - 기타,승용,남,50세,상해없음,승용,여,31세,경상
2019061000100159,2019년 6월 10일 08시,월요일,인천광역시 서구 가좌동,경상사고,0,0,1,0,차대차 - 기타,안전운전불이행,건조,맑음,단일로 - 기타,승용,남,34세,상해없음,승합,남,50세,상해없음
2019061000100160,2019년 6월 10일 08시,월요일,인천광역시 서구 왕길동,경상사고,0,0,1,0,차대차 - 측면충돌,신호위반,건조,맑음,교차로 - 교차로안,승용,남,32세,상해없음,승용,여,57세,경상
2019061000100223,2019년 6월 10일 10시,월요일,인천광역시 남동구 서창동,경상사고,0,0,1,0,차대차 - 측면충돌,안전운전불이행,건조,맑음,단일로 - 기타,승용,남,63세,상해없음,승용,남,59세,경상
2019061000100256,2019년 6월 10일 11시,월요일,인천광역시 남동구 만수동,경상사고,0,0,1,0,차대차 - 기타,안전운전불이행,건조,맑음,교차로 - 교차로안,승용,여,46세,상해없음,승용,남,51세,경상
2019061000100289,2019년 6월 10일 12시,월요일,인천광역시 미추홀구 용현동,부상신고사고,0,0,0,1,차대차 - 기타,안전운전불이행,건조,맑음,기타 - 기타,기타불명,기타불명,미분류,기타불명,이륜,남,37세,부상신고
2019061000100326,2019년 6월 10일 13시,월요일,인천광역시 계양구 계산동,경상사고,0,0,4,1,차대사람 - 기타,기타,건조,맑음,단일로 - 기타,승합,남,56세,상해없음,보행자,여,53세,경상
2019061000100411,2019년 6월 10일 15시,월요일,인천광역시 연수구 송도동,경상사고,0,0,1,0,차대차 - 기타,교차로운행방법위반,건조,맑음,교차로 - 교차로안,승용,여,53세,상해없음,이륜,남,35세,경상
2019061000100484,2019년 6월 10일 17시,월요일,인천광역시 중구 운서동,경상사고,0,0,1,0,차대차 - 측면충돌,신호위반,건조,맑음,교차로 - 교차로안,승용,남,54세,상해없음,화물,남,52세,경상
2019061000100485,2019년 6월 10일 17시,월요일,인천광역시 부평구 청천동,경상사고,0,0,2,0,차대차 - 기타,교차로운행방법위반,건조,맑음,교차로 - 교차로안,승용,남,62세,상해없음,승합,남,51세,상해없음
2019061000100486,2019년 6월 10일 17시,월요일,인천광역시 계양구 계산동,경상사고,0,0,1,0,차대차 - 측면충돌,안전운전불이행,건조,맑음,단일로 - 기타,승용,남,61세,상해없음,화물,남,47세,경상
2019061000100540,2019년 6월 10일 18시,월요일,인천광역시 연수구 연수동,부상신고사고,0,0,0,1,차대사람 - 기타,안전운전불이행,건조,맑음,기타 - 기타,자전거,남,61세,상해없음,보행자,여,39세,부상신고
2019061000100541,2019년 6월 10일 18시,월요일,인천광역시 부평구 부평동,경상사고,0,0,2,0,차대차 - 측면충돌,직진우회전진행방해,건조,맑음,교차로 - 교차로안,승용,여,57세,상해없음,승용,남,35세,경상
2019061000100646,2019년 6월 10일 22시,월요일,인천광역시 미추홀구 주안동,중상사고,0,1,0,0,차대사람 - 횡단중,보행자보호의무위반,건조,맑음,교차로 - 교차로횡단보도내,승용,여,69세,상해없음,보행자,여,64세,중상
2019061100100058,2019년 6월 11일 02시,화요일,인천광역시 서구 가좌동,경상사고,0,0,3,0,차대차 - 추돌,안전운전불이행,건조,맑음,교차로 - 교차로부근,이륜,남,21세,경상,승용,남,61세,경상
2019061100100072,2019년 6월 11일 05시,화요일,인천광역시 서구 석남동,경상사고,0,0,2,0,차대차 - 정면충돌,신호위반,건조,맑음,교차로 - 교차로안,승용,남,61세,상해없음,승용,남,67세,경상
2019061100100073,2019년 6월 11일 05시,화요일,인천광역시 서구 경서동,경상사고,0,0,1,0,차대차 - 기타,안전운전불이행,건조,맑음,교차로 - 교차로안,승용,남,47세,상해없음,승용,여,50세,경상
2019061100100086,2019년 6월 11일 06시,화요일,인천광역시 계양구 작전동,중상사고,0,1,0,0,차대사람 - 횡단중,보행자보호의무위반,건조,맑음,교차로 - 교차로횡단보도내,승합,남,60세,상해없음,보행자,여,73세,중상
2019061100100087,2019년 6월 11일 06시,화요일,인천광역시 계양구 장기동,중상사고,0,1,1,0,차대차 - 측면충돌,안전운전불이행,건조,맑음,단일로 - 기타,자전거,남,42세,경상,자전거,남,38세,중상
2019061100100119,2019년 6월 11일 07시,화요일,인천광역시 서구 가좌동,중상사고,0,1,0,0,차대사람 - 보도통행중,신호위반,건조,맑음,단일로 - 기타,승합,남,57세,상해없음,보행자,여,51세,중상
2019061100100120,2019년 6월 11일 07시,화요일,인천광역시 서구 가정동,경상사고,0,0,1,0,차대차 - 기타,교차로운행방법위반,건조,맑음,기타 - 기타,승용,여,27세,기타불명,승용,여,26세,경상
2019061100100165,2019년 6월 11일 08시,화요일,인천광역시 계양구 계산동,경상사고,0,0,1,0,차량단독 - 기타,기타,건조,맑음,단일로 - 기타,승합,남,54세,상해없음,,,,
2019061100100227,2019년 6월 11일 10시,화요일,인천광역시 부평구 부평동,경상사고,0,0,2,0,차대차 - 측면충돌,안전운전불이행,건조,맑음,교차로 - 교차로안,승용,여,33세,상해없음,승용,남,51세,경상
2019061100100228,2019년 6월 11일 10시,화요일,인천광역시 서구 오류동,중상사고,0,1,0,0,차대차 - 기타,안전운전불이행,건조,맑음,단일로 - 기타,자전거,여,21세,상해없음,자전거,남,59세,중상
2019061100100229,2019년 6월 11일 10시,화요일,인천광역시 서구 가정동,경상사고,0,0,1,0,차대차 - 측면충돌,교차로운행방법위반,건조,맑음,교차로 - 교차로안,화물,남,38세,상해없음,승용,남,39세,경상
2019061100100230,2019년 6월 11일 10시,화요일,인천광역시 계양구 효성동,경상사고,0,0,1,0,차대사람 - 차도통행중,안전운전불이행,건조,맑음,단일로 - 기타,승용,남,68세,상해없음,보행자,여,80세,경상
2019061100100231,2019년 6월 11일 10시,화요일,인천광역시 계양구 장기동,경상사고,0,0,1,0,차대차 - 추돌,안전운전불이행,건조,맑음,교차로 - 교차로부근,승용,남,67세,상해없음,승용,여,47세,경상
2019061100100295,2019년 6월 11일 12시,화요일,인천광역시 서구 석남동,중상사고,0,1,1,0,차대차 - 기타,교차로운행방법위반,건조,맑음,교차로 - 교차로안,원동기,남,36세,경상,원동기,남,64세,중상
2019061100100330,2019년 6월 11일 13시,화요일,인천광역시 부평구 부평동,경상사고,0,0,2,0,차대차 - 측면충돌,신호위반,건조,맑음,교차로 - 교차로부근,승용,남,54세,경상,승용,남,34세,경상
2019061100100399,2019년 6월 11일 15시,화요일,인천광역시 서구 석남동,중상사고,0,1,0,0,차대차 - 기타,차로위반,건조,맑음,단일로 - 기타,승용,남,37세,상해없음,이륜,남,19세,중상
2019061100100466,2019년 6월 11일 17시,화요일,인천광역시 서구 청라동,경상사고,0,0,1,0,차대차 - 기타,안전운전불이행,건조,맑음,단일로 - 기타,승용,여,53세,상해없음,승용,남,23세,경상
2019061100100510,2019년 6월 11일 18시,화요일,인천광역시 부평구 부평동,중상사고,0,1,2,0,차대차 - 측면충돌,안전운전불이행,건조,맑음,단일로 - 기타,승용,남,62세,경상,승용,남,24세,중상
2019061100100511,2019년 6월 11일 18시,화요일,인천광역시 남동구 간석동,경상사고,0,0,1,0,차대차 - 측면충돌,안전거리미확보,건조,맑음,단일로 - 기타,화물,남,61세,상해없음,승용,남,23세,경상
2019061100100512,2019년 6월 11일 18시,화요일,인천광역시 서구 청라동,중상사고,0,1,0,0,차대차 - 기타,안전운전불이행,건조,맑음,교차로 - 교차로안,승용,남,37세,상해없음,이륜,남,35세,중상
2019061100100540,2019년 6월 11일 19시,화요일,인천광역시 부평구 부평동,중상사고,0,1,0,0,차대사람 - 횡단중,안전운전불이행,건조,맑음,단일로 - 기타,승용,여,49세,상해없음,보행자,남,63세,중상
2019061100100541,2019년 6월 11일 19시,화요일,인천광역시 남동구 만수동,경상사고,0,0,1,0,차대차 - 기타,신호위반,건조,맑음,교차로 - 교차로안,승용,남,72세,상해없음,이륜,남,26세,경상
2019061100100575,2019년 6월 11일 20시,화요일,인천광역시 부평구 부개동,경상사고,0,0,1,0,차대차 - 측면충돌,안전운전불이행,건조,맑음,교차로 - 교차로부근,승용,여,50세,상해없음,승용,남,56세,경상
2019061100100576,2019년 6월 11일 20시,화요일,인천광역시 계양구 노오지동,경상사고,0,0,1,0,차대차 - 기타,기타,건조,맑음,단일로 - 기타,기타불명,기타불명,미분류,기타불명,승용,여,24세,경상
2019061100100644,2019년 6월 11일 23시,화요일,인천광역시 중구 운서동,경상사고,0,0,2,0,차대차 - 정면충돌,안전운전불이행,젖음/습기,비,교차로 - 교차로안,승용,남,20세,상해없음,승용,여,28세,경상
2019061100100645,2019년 6월 11일 23시,화요일,인천광역시 남동구 구월동,중상사고,0,1,0,0,차대사람 - 보도통행중,안전운전불이행,건조,맑음,단일로 - 기타,승용,남,67세,상해없음,보행자,남,22세,중상
2019061200100033,2019년 6월 12일 00시,수요일,인천광역시 서구 검암동,중상사고,0,1,0,0,차대차 - 기타,신호위반,건조,맑음,교차로 - 교차로안,화물,남,41세,상해없음,자전거,여,59세,중상
2019061200100046,2019년 6월 12일 01시,수요일,인천광역시 미추홀구 주안동,경상사고,0,0,1,0,차대사람 - 기타,안전운전불이행,건조,맑음,단일로 - 기타,승용,남,54세,상해없음,보행자,여,31세,경상
2019061200100047,2019년 6월 12일 01시,수요일,인천광역시 서구 당하동,경상사고,0,0,1,0,차대차 - 측면충돌,교차로운행방법위반,건조,맑음,교차로 - 교차로안,승용,남,62세,상해없음,이륜,남,16세,경상
2019061200100052,2019년 6월 12일 02시,수요일,인천광역시 남동구 구월동,경상사고,0,0,1,0,차대차 - 기타,안전운전불이행,건조,맑음,교차로 - 교차로안,승용,남,47세,상해없음,화물,남,52세,경상
2019061200100053,2019년 6월 12일 02시,수요일,인천광역시 계양구 계산동,경상사고,0,0,2,0,차대차 - 추돌,안전운전불이행,건조,맑음,교차로 - 교차로부근,승용,남,35세,상해없음,승용,남,47세,경상
2019061200100055,2019년 6월 12일 03시,수요일,인천광역시 서구 연희동,중상사고,0,2,0,0,차대차 - 추돌,안전운전불이행,건조,맑음,교차로 - 교차로안,이륜,남,16세,중상,승용,남,59세,기타불명
2019061200100080,2019년 6월 12일 06시,수요일,인천광역시 부평구 일신동,경상사고,0,0,1,0,차대차 - 추돌,안전운전불이행,건조,맑음,교차로 - 교차로부근,화물,남,52세,상해없음,승합,남,38세,경상
2019061200100081,2019년 6월 12일 06시,수요일,인천광역시 남동구 고잔동,경상사고,0,0,2,0,차대차 - 기타,신호위반,건조,맑음,교차로 - 교차로안,승용,남,48세,상해없음,화물,남,36세,경상
2019061200100145,2019년 6월 12일 08시,수요일,인천광역시 서구 석남동,경상사고,0,0,1,0,차대차 - 추돌,안전운전불이행,건조,맑음,단일로 - 고가도로위,승합,남,58세,상해없음,승용,남,38세,경상
2019061200100212,2019년 6월 12일 10시,수요일,인천광역시 남동구 장수동,경상사고,0,0,1,0,차대차 - 기타,안전운전불이행,건조,맑음,단일로 - 기타,승용,남,66세,상해없음,건설기계,남,43세,경상
2019061200100213,2019년 6월 12일 10시,수요일,인천광역시 계양구 서운동,경상사고,0,0,1,0,차대차 - 측면충돌,안전거리미확보,건조,맑음,단일로 - 교량,화물,남,29세,상해없음,승용,남,34세,경상
2019061200100279,2019년 6월 12일 12시,수요일,인천광역시 서구 가정동,중상사고,0,1,0,0,차대사람 - 횡단중,신호위반,건조,맑음,기타 - 기타,화물,남,40세,상해없음,보행자,여,17세,중상
2019061200100330,2019년 6월 12일 14시,수요일,인천광역시 남동구 만수동,경상사고,0,0,3,0,차대차 - 측면충돌,안전운전불이행,건조,맑음,단일로 - 기타,화물,남,58세,상해없음,승용,여,52세,경상
2019061200100373,2019년 6월 12일 15시,수요일,인천광역시 부평구 십정동,경상사고,0,0,1,0,차대차 - 측면충돌,안전운전불이행,건조,맑음,교차로 - 교차로안,승용,남,57세,상해없음,승용,여,31세,경상
2019061200100374,2019년 6월 12일 15시,수요일,인천광역시 강화군 양사면,중상사고,0,1,0,0,차대차 - 기타,안전운전불이행,건조,맑음,기타 - 기타,화물,남,46세,상해없음,화물,남,72세,중상
2019061200100488,2019년 6월 12일 18시,수요일,인천광역시 동구 송현동,경상사고,0,0,1,0,차대사람 - 기타,안전운전불이행,건조,맑음,단일로 - 기타,승합,남,54세,상해없음,보행자,남,64세,경상
2019061200100489,2019년 6월 12일 18시,수요일,인천광역시 서구 석남동,중상사고,0,1,4,0,차대차 - 추돌,안전운전불이행,건조,맑음,교차로 - 교차로부근,승합,남,52세,기타불명,승용,남,36세,경상
2019061200100490,2019년 6월 12일 18시,수요일,인천광역시 남동구 논현동,중상사고,0,1,0,0,차대사람 - 기타,보행자보호의무위반,건조,맑음,기타 - 기타,자전거,남,11세,상해없음,보행자,여,84세,중상
2019061200100491,2019년 6월 12일 18시,수요일,인천광역시 남동구 장수동,중상사고,0,1,0,0,차대사람 - 횡단중,신호위반,건조,맑음,교차로 - 교차로횡단보도내,승용,남,55세,상해없음,보행자,여,51세,중상
2019061200100522,2019년 6월 12일 19시,수요일,인천광역시 서구 석남동,경상사고,0,0,2,0,차대차 - 추돌,안전운전불이행,건조,맑음,단일로 - 기타,승용,여,43세,상해없음,승용,여,49세,경상
2019061200100523,2019년 6월 12일 19시,수요일,인천광역시 연수구 선학동,경상사고,0,0,1,0,차대차 - 측면충돌,안전운전불이행,건조,맑음,단일로 - 기타,승용,여,36세,상해없음,자전거,남,11세,경상
2019061200100580,2019년 6월 12일 21시,수요일,인천광역시 남동구 간석동,경상사고,0,0,1,0,차대사람 - 보도통행중,보행자보호의무위반,건조,맑음,교차로 - 교차로부근,승용,여,62세,상해없음,보행자,남,51세,경상
2019061200100581,2019년 6월 12일 21시,수요일,인천광역시 계양구 계산동,경상사고,0,0,1,0,차대차 - 측면충돌,신호위반,건조,맑음,단일로 - 기타,승용,여,56세,상해없음,승용,남,45세,경상
2019061200100582,2019년 6월 12일 21시,수요일,인천광역시 계양구 계산동,중상사고,0,1,1,0,차대차 - 정면충돌,안전운전불이행,건조,맑음,교차로 - 교차로안,승용,남,33세,경상,이륜,남,38세,중상
2019061300100032,2019년 6월 13일 00시,목요일,인천광역시 연수구 연수동,경상사고,0,0,1,0,차대사람 - 횡단중,안전운전불이행,건조,맑음,교차로 - 교차로안,승용,남,28세,상해없음,보행자,남,43세,경상
2019061300100072,2019년 6월 13일 06시,목요일,인천광역시 남동구 구월동,경상사고,0,0,1,0,차대차 - 측면충돌,신호위반,건조,맑음,단일로 - 기타,화물,남,32세,상해없음,승용,남,43세,경상
2019061300100073,2019년 6월 13일 06시,목요일,인천광역시 남동구 만수동,부상신고사고,0,0,0,1,차대차 - 추돌,안전운전불이행,건조,맑음,단일로 - 기타,승용,남,16세,상해없음,화물,남,47세,상해없음
2019061300100074,2019년 6월 13일 06시,목요일,인천광역시 남동구 도림동,경상사고,0,0,1,0,차대차 - 정면충돌,중앙선침범,건조,맑음,교차로 - 교차로부근,승용,남,31세,상해없음,승합,남,56세,경상
2019061300100095,2019년 6월 13일 07시,목요일,인천광역시 미추홀구 주안동,경상사고,0,0,2,0,차대차 - 추돌,안전운전불이행,건조,맑음,단일로 - 기타,승용,남,43세,상해없음,승용,남,49세,경상
2019061300100153,2019년 6월 13일 08시,목요일,인천광역시 서구 가정동,경상사고,0,0,1,0,차대차 - 측면충돌,안전운전불이행,건조,맑음,교차로 - 교차로안,승용,남,28세,기타불명,승용,여,42세,경상
2019061300100186,2019년 6월 13일 09시,목요일,인천광역시 부평구 청천동,경상사고,0,0,1,0,차대차 - 측면충돌,신호위반,건조,맑음,교차로 - 교차로안,승용,여,49세,상해없음,승합,남,71세,경상
2019061300100187,2019년 6월 13일 09시,목요일,인천광역시 계양구 계산동,경상사고,0,0,1,0,차대사람 - 차도통행중,안전운전불이행,건조,맑음,단일로 - 기타,기타불명,기타불명,미분류,기타불명,보행자,여,60세,경상
2019061300100188,2019년 6월 13일 09시,목요일,인천광역시 연수구 동춘동,경상사고,0,0,1,0,차대차 - 기타,교차로운행방법위반,건조,맑음,교차로 - 교차로안,승용,여,49세,상해없음,승용,여,32세,경상
2019061300100284,2019년 6월 13일 12시,목요일,인천광역시 중구 운서동,경상사고,0,0,1,0,차대차 - 추돌,안전운전불이행,건조,맑음,교차로 - 교차로부근,승용,남,52세,상해없음,승용,남,60세,상해없음