사고번호,사고일시,요일,시군구,사고내용,사망자수,중상자수,경상자수,부상신고자수,사고유형,법규위반,노면상태,기상상태,도로형태,가해운전자 차종,가해운전자 성별,가해운전자 연령,가해운전자 상해정도,피해운전자 차종,피해운전자 성별,피해운전자 연령,피해운전자 상해정도
2019062400100049,2019년 6월 24일 04시,월요일,인천광역시 서구 가정동,경상사고,0,0,2,0,차대차 - 후진중충돌,안전운전불이행,건조,맑음,단일로 - 기타,승용,남,21세,상해없음,승용,남,55세,경상
2019062400100050,2019년 6월 24일 04시,월요일,인천광역시 연수구 동춘동,중상사고,0,1,2,1,차대차 - 측면충돌,신호위반,건조,맑음,교차로 - 교차로안,승합,남,48세,부상신고,승용,남,22세,중상
2019062400100063,2019년 6월 24일 05시,월요일,인천광역시 서구 가좌동,경상사고,0,0,2,0,차대차 - 측면충돌,안전운전불이행,건조,맑음,교차로 - 교차로안,화물,남,40세,경상,승용,남,50세,경상
2019062400100077,2019년 6월 24일 06시,월요일,인천광역시 계양구 작전동,경상사고,0,0,1,0,차대차 - 측면충돌,안전운전불이행,건조,맑음,단일로 - 기타,화물,남,58세,상해없음,승용,여,47세,경상
2019062400100105,2019년 6월 24일 07시,월요일,인천광역시 남동구 간석동,경상사고,0,0,1,0,차대사람 - 길가장자리구역통행중,안전운전불이행,건조,맑음,단일로 - 기타,건설기계,남,52세,상해없음,보행자,여,24세,경상
2019062400100154,2019년 6월 24일 08시,월요일,인천광역시 남동구 간석동,경상사고,0,0,4,0,차대차 - 추돌,안전운전불이행,건조,맑음,단일로 - 기타,승용,남,62세,상해없음,승용,여,49세,경상
2019062400100155,2019년 6월 24일 08시,월요일,인천광역시 서구 마전동,중상사고,0,1,0,0,차대차 - 측면충돌,신호위반,건조,맑음,교차로 - 교차로안,자전거,남,38세,중상,승용,남,27세,상해없음
2019062400100156,2019년 6월 24일 08시,월요일,인천광역시 서구 검암동,경상사고,0,0,1,0,차대사람 - 기타,안전운전불이행,건조,맑음,단일로 - 기타,승용,남,70세,상해없음,보행자,여,49세,경상
2019062400100157,2019년 6월 24일 08시,월요일,인천광역시 계양구 작전동,부상신고사고,0,0,0,1,차대차 - 추돌,안전운전불이행,건조,맑음,교차로 - 교차로부근,자전거,남,14세,부상신고,승용,남,62세,상해없음
2019062400100158,2019년 6월 24일 08시,월요일,인천광역시 강화군 송해면,중상사고,0,1,0,0,차대차 - 기타,안전운전불이행,건조,맑음,교차로 - 교차로안,화물,남,61세,상해없음,이륜,남,80세,중상
2019062400100159,2019년 6월 24일 08시,월요일,인천광역시 부평구 부평동,경상사고,0,0,1,0,차대사람 - 차도통행중,안전운전불이행,건조,맑음,단일로 - 기타,승용,남,25세,기타불명,보행자,여,11세,경상
2019062400100161,2019년 6월 24일 08시,월요일,인천광역시 남동구 남촌동,중상사고,0,2,0,0,차대차 - 측면충돌,차로위반,건조,맑음,단일로 - 기타,승용,남,56세,상해없음,승용,여,47세,중상
2019062400100201,2019년 6월 24일 09시,월요일,인천광역시 계양구 효성동,부상신고사고,0,0,0,1,차대차 - 추돌,안전운전불이행,건조,맑음,단일로 - 기타,기타불명,기타불명,미분류,기타불명,승용,남,57세,부상신고
2019062400100237,2019년 6월 24일 10시,월요일,인천광역시 남동구 논현동,경상사고,0,0,1,0,차대차 - 측면충돌,신호위반,건조,맑음,교차로 - 교차로부근,승용,남,27세,상해없음,승용,남,54세,상해없음
2019062400100276,2019년 6월 24일 11시,월요일,인천광역시 미추홀구 숭의동,경상사고,0,0,1,0,차대차 - 측면충돌,안전운전불이행,건조,맑음,교차로 - 교차로부근,승용,남,61세,상해없음,승용,여,30세,경상
2019062400100277,2019년 6월 24일 11시,월요일,인천광역시 미추홀구 주안동,경상사고,0,0,1,0,차대차 - 측면충돌,안전운전불이행,건조,맑음,교차로 - 교차로부근,승용,여,52세,상해없음,승용,여,30세,경상
2019062400100340,2019년 6월 24일 13시,월요일,인천광역시 계양구 계산동,경상사고,0,0,1,0,차대사람 - 보도통행중,안전운전불이행,건조,맑음,단일로 - 기타,기타불명,기타불명,미분류,기타불명,보행자,여,61세,경상
2019062400100377,2019년 6월 24일 14시,월요일,인천광역시 남동구 간석동,경상사고,0,0,1,0,차대차 - 후진중충돌,안전운전불이행,건조,맑음,단일로 - 기타,화물,남,53세,상해없음,승용,남,44세,경상
2019062400100378,2019년 6월 24일 14시,월요일,인천광역시 서구 오류동,경상사고,0,0,1,0,차대차 - 기타,신호위반,건조,맑음,교차로 - 교차로안,화물,남,58세,상해없음,건설기계,남,48세,경상
2019062400100423,2019년 6월 24일 15시,월요일,인천광역시 남동구 구월동,경상사고,0,0,1,0,차대차 - 측면충돌,안전운전불이행,건조,맑음,교차로 - 교차로안,승용,여,35세,상해없음,자전거,남,12세,경상
2019062400100424,2019년 6월 24일 15시,월요일,인천광역시 남동구 논현동,경상사고,0,0,1,0,차대차 - 추돌,안전운전불이행,건조,맑음,교차로 - 교차로안,승용,남,38세,상해없음,승용,남,56세,경상
2019062400100518,2019년 6월 24일 17시,월요일,인천광역시 서구 마전동,경상사고,0,0,2,0,차대차 - 기타,안전운전불이행,건조,맑음,교차로 - 교차로부근,승합,여,56세,상해없음,승용,여,48세,경상
2019062400100519,2019년 6월 24일 17시,월요일,인천광역시 계양구 박촌동,중상사고,0,1,0,0,차대사람 - 기타,안전운전불이행,건조,맑음,단일로 - 기타,승용,여,60세,상해없음,보행자,남,16세,중상
2019062400100520,2019년 6월 24일 17시,월요일,인천광역시 남동구 논현동,경상사고,0,0,1,0,차대차 - 측면충돌,교차로운행방법위반,건조,맑음,교차로 - 교차로부근,승용,여,38세,상해없음,승용,남,37세,경상
2019062400100583,2019년 6월 24일 18시,월요일,인천광역시 동구 송림동,경상사고,0,0,1,0,차대사람 - 횡단중,안전운전불이행,건조,맑음,기타 - 기타,화물,남,41세,상해없음,보행자,여,72세,경상
2019062400100584,2019년 6월 24일 18시,월요일,인천광역시 서구 연희동,경상사고,0,0,1,0,차대차 - 기타,안전운전불이행,건조,맑음,교차로 - 교차로부근,승용,남,73세,상해없음,승용,남,54세,경상
2019062400100618,2019년 6월 24일 19시,월요일,인천광역시 서구 원당동,경상사고,0,0,1,0,차대차 - 기타,안전운전불이행,건조,맑음,교차로 - 교차로안,승용,남,50세,상해없음,이륜,남,59세,경상
2019062400100678,2019년 6월 24일 21시,월요일,인천광역시 부평구 삼산동,중상사고,0,1,0,0,차대차 - 측면충돌,안전거리미확보,건조,맑음,단일로 - 기타,승용,남,22세,상해없음,승용,여,31세,중상
2019062500100053,2019년 6월 25일 03시,화요일,인천광역시 계양구 효성동,중상사고,0,1,1,0,차대차 - 측면충돌,신호위반,건조,맑음,교차로 - 교차로안,화물,남,48세,상해없음,승용,여,64세,중상
2019062500100057,2019년 6월 25일 04시,화요일,인천광역시 계양구 계산동,중상사고,0,1,0,0,차대사람 - 횡단중,안전운전불이행,건조,맑음,교차로 - 교차로부근,승용,남,62세,상해없음,보행자,남,31세,중상
2019062500100080,2019년 6월 25일 06시,화요일,인천광역시 미추홀구 주안동,경상사고,0,0,1,0,차대사람 - 횡단중,신호위반,건조,맑음,교차로 - 교차로횡단보도내,자전거,남,47세,상해없음,보행자,남,31세,경상
2019062500100081,2019년 6월 25일 06시,화요일,인천광역시 서구 가정동,경상사고,0,0,1,0,차대사람 - 기타,안전운전불이행,건조,맑음,교차로 - 교차로부근,승합,여,44세,상해없음,보행자,남,44세,경상
2019062500100158,2019년 6월 25일 08시,화요일,인천광역시 부평구 부개동,경상사고,0,0,1,0,차대차 - 추돌,안전거리미확보,건조,맑음,단일로 - 기타,승용,여,53세,상해없음,승용,여,46세,경상
2019062500100159,2019년 6월 25일 08시,화요일,인천광역시 남동구 논현동,중상사고,0,1,0,0,차대사람 - 횡단중,안전운전불이행,건조,맑음,단일로 - 기타,승용,여,25세,상해없음,보행자,여,85세,중상
2019062500100197,2019년 6월 25일 09시,화요일,인천광역시 강화군 길상면,사망사고,1,0,0,0,차대사람 - 횡단중,과속,건조,맑음,단일로 - 기타,승용,남,57세,상해없음,보행자,남,80세,사망
2019062500100228,2019년 6월 25일 10시,화요일,인천광역시 동구 화평동,경상사고,0,0,3,0,차대차 - 측면충돌,안전운전불이행,건조,맑음,단일로 - 기타,승용,남,43세,상해없음,승용,남,29세,상해없음
2019062500100229,2019년 6월 25일 10시,화요일,인천광역시 부평구 부평동,경상사고,0,0,1,0,차대사람 - 횡단중,보행자보호의무위반,건조,맑음,단일로 - 기타,이륜,남,42세,상해없음,보행자,여,50세,경상
2019062500100268,2019년 6월 25일 11시,화요일,인천광역시 남동구 장수동,경상사고,0,0,2,0,차대차 - 측면충돌,안전거리미확보,건조,맑음,단일로 - 기타,특수,남,54세,상해없음,승용,남,63세,경상
2019062500100288,2019년 6월 25일 12시,화요일,인천광역시 서구 석남동,경상사고,0,0,1,0,차대차 - 기타,안전운전불이행,건조,맑음,교차로 - 교차로안,화물,남,61세,상해없음,승합,남,35세,경상
2019062500100320,2019년 6월 25일 13시,화요일,인천광역시 남동구 간석동,경상사고,0,0,3,0,차대차 - 측면충돌,안전운전불이행,건조,맑음,교차로 - 교차로안,승용,남,76세,상해없음,승용,남,39세,경상
2019062500100321,2019년 6월 25일 13시,화요일,인천광역시 서구 가정동,경상사고,0,0,2,0,차대차 - 측면충돌,신호위반,건조,맑음,교차로 - 교차로부근,승용,남,69세,경상,화물,남,63세,기타불명
2019062500100322,2019년 6월 25일 13시,화요일,인천광역시 남동구 서창동,중상사고,0,1,0,0,차대차 - 정면충돌,안전운전불이행,건조,맑음,교차로 - 교차로안,승용,여,34세,상해없음,이륜,남,20세,중상
2019062500100371,2019년 6월 25일 14시,화요일,인천광역시 서구 가좌동,중상사고,0,1,0,0,차대차 - 측면충돌,신호위반,건조,맑음,단일로 - 고가도로위,승합,남,66세,상해없음,건설기계,남,36세,상해없음
2019062500100372,2019년 6월 25일 14시,화요일,인천광역시 남동구 수산동,경상사고,0,0,1,0,차대차 - 추돌,안전운전불이행,건조,맑음,단일로 - 기타,승용,남,54세,상해없음,화물,남,47세,경상
2019062500100410,2019년 6월 25일 15시,화요일,인천광역시 연수구 송도동,경상사고,0,0,1,0,차대차 - 추돌,안전운전불이행,건조,맑음,단일로 - 기타,승용,여,47세,상해없음,화물,남,44세,경상
2019062500100464,2019년 6월 25일 16시,화요일,인천광역시 서구 청라동,중상사고,0,1,0,0,차대차 - 측면충돌,신호위반,건조,맑음,교차로 - 교차로안,승용,남,72세,상해없음,이륜,남,64세,중상
2019062500100465,2019년 6월 25일 16시,화요일,인천광역시 계양구 효성동,경상사고,0,0,1,0,차대사람 - 횡단중,보행자보호의무위반,건조,맑음,단일로 - 기타,승용,남,36세,상해없음,보행자,남,15세,경상
2019062500100466,2019년 6월 25일 16시,화요일,인천광역시 연수구 선학동,경상사고,0,0,1,0,차대차 - 기타,차로위반,건조,맑음,단일로 - 기타,화물,남,62세,상해없음,승용,여,59세,경상
2019062500100523,2019년 6월 25일 17시,화요일,인천광역시 미추홀구 주안동,부상신고사고,0,0,0,1,차대차 - 기타,안전운전불이행,건조,맑음,단일로 - 고가도로위,승용,남,47세,상해없음,승용,남,62세,부상신고
2019062500100524,2019년 6월 25일 17시,화요일,인천광역시 연수구 연수동,경상사고,0,0,1,0,차대사람 - 길가장자리구역통행중,안전운전불이행,건조,맑음,교차로 - 교차로안,승용,남,25세,상해없음,보행자,여,15세,경상
2019062500100590,2019년 6월 25일 18시,화요일,인천광역시 동구 송림동,경상사고,0,0,1,1,차대차 - 측면충돌,신호위반,건조,맑음,교차로 - 교차로안,이륜,남,75세,부상신고,화물,남,56세,상해없음
2019062500100626,2019년 6월 25일 19시,화요일,인천광역시 계양구 다남동,중상사고,0,1,0,0,차대사람 - 횡단중,신호위반,건조,맑음,단일로 - 기타,승용,남,65세,상해없음,보행자,여,28세,중상
2019062500100659,2019년 6월 25일 20시,화요일,인천광역시 동구 송현동,경상사고,0,0,1,0,차대차 - 후진중충돌,안전운전불이행,건조,맑음,단일로 - 기타,특수,남,51세,상해없음,특수,남,55세,경상
2019062500100660,2019년 6월 25일 20시,화요일,인천광역시 서구 마전동,중상사고,0,1,0,0,차대차 - 기타,중앙선침범,건조,맑음,단일로 - 기타,승용,여,51세,상해없음,이륜,남,19세,중상
2019062500100661,2019년 6월 25일 20시,화요일,인천광역시 계양구 효성동,중상사고,0,1,0,0,차대차 - 측면충돌,중앙선침범,건조,맑음,단일로 - 기타,승용,여,51세,상해없음,이륜,남,22세,중상
2019062500100693,2019년 6월 25일 21시,화요일,인천광역시 연수구 송도동,경상사고,0,0,2,0,차대차 - 기타,신호위반,건조,맑음,교차로 - 교차로안,승용,여,59세,경상,승용,남,36세,경상
2019062600100042,2019년 6월 26일 01시,수요일,인천광역시 남동구 구월동,경상사고,0,0,2,0,차대차 - 측면충돌,안전운전불이행,건조,맑음,단일로 - 기타,승용,남,61세,상해없음,승합,남,43세,경상
2019062600100050,2019년 6월 26일 03시,수요일,인천광역시 미추홀구 용현동,경상사고,0,0,1,0,차량단독 - 기타,안전운전불이행,건조,맑음,단일로 - 기타,승용,남,71세,상해없음,,,,
2019062600100056,2019년 6월 26일 04시,수요일,인천광역시 남동구 구월동,부상신고사고,0,0,0,1,차대사람 - 기타,기타,건조,맑음,단일로 - 기타,기타불명,기타불명,미분류,기타불명,보행자,남,37세,부상신고
2019062600100063,2019년 6월 26일 05시,수요일,인천광역시 서구 원창동,경상사고,0,0,1,0,차대사람 - 기타,중앙선침범,건조,맑음,단일로 - 기타,기타불명,남,61세,기타불명,보행자,여,27세,경상
2019062600100175,2019년 6월 26일 09시,수요일,인천광역시 중구 운서동,경상사고,0,0,2,0,차대차 - 측면충돌,안전운전불이행,건조,맑음,교차로 - 교차로안,승용,남,59세,상해없음,승용,남,27세,상해없음
2019062600100176,2019년 6월 26일 09시,수요일,인천광역시 미추홀구 주안동,경상사고,0,0,1,0,차대차 - 측면충돌,안전운전불이행,건조,맑음,기타 - 기타,승용,여,36세,상해없음,승용,남,42세,경상
2019062600100249,2019년 6월 26일 11시,수요일,인천광역시 중구 중산동,중상사고,0,1,0,1,차대차 - 측면충돌,안전거리미확보,건조,맑음,기타 - 기타,자전거,여,64세,부상신고,자전거,여,38세,중상
2019062600100250,2019년 6월 26일 11시,수요일,인천광역시 서구 석남동,경상사고,0,0,1,0,차대차 - 측면충돌,안전운전불이행,건조,맑음,단일로 - 기타,승용,남,57세,상해없음,승용,남,33세,경상
2019062600100290,2019년 6월 26일 12시,수요일,인천광역시 미추홀구 주안동,경상사고,0,0,1,0,차대차 - 기타,안전운전불이행,건조,맑음,단일로 - 기타,승용,여,76세,상해없음,승용,남,46세,경상
2019062600100291,2019년 6월 26일 12시,수요일,인천광역시 미추홀구 주안동,경상사고,0,0,1,0,차대차 - 측면충돌,교차로운행방법위반,건조,맑음,교차로 - 교차로안,승용,남,34세,상해없음,이륜,남,15세,경상
2019062600100292,2019년 6월 26일 12시,수요일,인천광역시 남동구 간석동,경상사고,0,0,1,0,차대차 - 측면충돌,안전운전불이행,건조,맑음,교차로 - 교차로안,승용,여,44세,상해없음,이륜,남,48세,경상
2019062600100293,2019년 6월 26일 12시,수요일,인천광역시 서구 가좌동,경상사고,0,0,1,0,차대차 - 기타,안전운전불이행,건조,맑음,교차로 - 교차로안,승용,남,59세,상해없음,화물,남,65세,경상
2019062600100294,2019년 6월 26일 12시,수요일,인천광역시 부평구 갈산동,경상사고,0,0,1,0,차대차 - 기타,교차로운행방법위반,건조,맑음,교차로 - 교차로안,이륜,남,41세,상해없음,승용,남,71세,경상
2019062600100355,2019년 6월 26일 14시,수요일,인천광역시 남동구 구월동,경상사고,0,0,1,0,차대차 - 추돌,안전운전불이행,건조,맑음,교차로 - 교차로안,승용,남,60세,기타불명,승용,남,26세,경상
2019062600100356,2019년 6월 26일 14시,수요일,인천광역시 남동구 논현동,부상신고사고,0,0,0,1,차대사람 - 기타,신호위반,건조,맑음,기타 - 기타,승용,남,49세,상해없음,보행자,남,65세,부상신고
2019062600100396,2019년 6월 26일 15시,수요일,인천광역시 부평구 산곡동,경상사고,0,0,1,0,차대차 - 측면충돌,안전운전불이행,건조,맑음,단일로 - 기타,승용,여,58세,상해없음,승용,남,40세,경상
2019062600100397,2019년 6월 26일 15시,수요일,인천광역시 계양구 동양동,경상사고,0,0,1,0,차대차 - 추돌,안전운전불이행,건조,맑음,교차로 - 교차로부근,승합,남,45세,상해없음,승합,여,56세,경상
2019062600100451,2019년 6월 26일 16시,수요일,인천광역시 중구 북성동3가,경상사고,0,0,1,0,차대사람 - 기타,안전운전불이행,건조,맑음,단일로 - 기타,승용,여,47세,상해없음,보행자,남,2세,경상
2019062600100500,2019년 6월 26일 17시,수요일,인천광역시 동구 송림동,경상사고,0,0,1,0,차대차 - 추돌,안전운전불이행,건조,맑음,단일로 - 기타,승용,여,26세,상해없음,승용,남,37세,경상
2019062600100501,2019년 6월 26일 17시,수요일,인천광역시 남동구 논현동,경상사고,0,0,2,0,차대차 - 추돌,안전운전불이행,건조,맑음,단일로 - 기타,승용,여,39세,상해없음,승용,여,35세,경상
2019062600100631,2019년 6월 26일 20시,수요일,인천광역시 남동구 구월동,경상사고,0,0,1,0,차대차 - 기타,안전운전불이행,건조,흐림,교차로 - 교차로부근,승용,남,49세,기타불명,승용,남,59세,상해없음
2019062600100692,2019년 6월 26일 22시,수요일,인천광역시 부평구 산곡동,경상사고,0,0,1,0,차대차 - 추돌,안전운전불이행,건조,맑음,교차로 - 교차로부근,승용,남,23세,상해없음,승용,남,29세,경상
2019062600100693,2019년 6월 26일 22시,수요일,인천광역시 서구 청라동,경상사고,0,0,1,0,차량단독 - 기타,안전운전불이행,건조,맑음,단일로 - 기타,이륜,남,15세,경상,,,,
2019062600100714,2019년 6월 26일 23시,수요일,인천광역시 남동구 간석동,경상사고,0,0,2,0,차대차 - 기타,교차로운행방법위반,건조,맑음,단일로 - 기타,화물,남,41세,상해없음,승용,남,26세,경상
2019062600100715,2019년 6월 26일 23시,수요일,인천광역시 남동구 남촌동,중상사고,0,2,0,0,차대차 - 추돌,안전운전불이행,건조,맑음,단일로 - 기타,승용,남,36세,상해없음,승용,남,31세,중상
2019062700100035,2019년 6월 27일 00시,목요일,인천광역시 부평구 부평동,중상사고,0,1,0,0,차대차 - 기타,안전운전불이행,건조,맑음,교차로 - 교차로부근,승용,남,34세,상해없음,승용,남,40세,중상
2019062700100044,2019년 6월 27일 01시,목요일,인천광역시 서구 신현동,중상사고,0,2,2,0,차대차 - 기타,신호위반,젖음/습기,비,교차로 - 교차로안,승용,남,52세,경상,승용,남,61세,경상
2019062700100113,2019년 6월 27일 07시,목요일,인천광역시 남동구 간석동,경상사고,0,0,1,0,차대차 - 측면충돌,안전운전불이행,젖음/습기,비,기타 - 기타,승용,남,65세,상해없음,승용,남,26세,경상
2019062700100161,2019년 6월 27일 08시,목요일,인천광역시 남동구 간석동,경상사고,0,0,1,0,차대차 - 측면충돌,중앙선침범,젖음/습기,맑음,단일로 - 기타,승용,남,60세,상해없음,승용,남,43세,경상
2019062700100162,2019년 6월 27일 08시,목요일,인천광역시 남동구 간석동,중상사고,0,1,1,0,차대차 - 측면충돌,안전운전불이행,건조,맑음,단일로 - 기타,승용,여,36세,상해없음,승용,남,44세,중상
2019062700100163,2019년 6월 27일 08시,목요일,인천광역시 계양구 계산동,경상사고,0,0,1,0,차대차 - 측면충돌,안전운전불이행,건조,맑음,단일로 - 기타,승용,남,25세,상해없음,화물,남,56세,경상
2019062700100199,2019년 6월 27일 09시,목요일,인천광역시 계양구 병방동,경상사고,0,0,1,0,차대차 - 추돌,안전운전불이행,건조,맑음,교차로 - 교차로안,화물,남,29세,상해없음,승용,여,49세,경상
2019062700100228,2019년 6월 27일 10시,목요일,인천광역시 동구 송림동,경상사고,0,0,1,0,차대차 - 측면충돌,안전운전불이행,건조,맑음,단일로 - 기타,화물,남,59세,상해없음,승용,남,47세,경상
2019062700100229,2019년 6월 27일 10시,목요일,인천광역시 부평구 부개동,경상사고,0,0,1,0,차대차 - 측면충돌,안전운전불이행,건조,맑음,교차로 - 교차로부근,승용,남,66세,상해없음,이륜,남,32세,경상
2019062700100252,2019년 6월 27일 11시,목요일,인천광역시 강화군 강화읍,경상사고,0,0,1,0,차대차 - 측면충돌,신호위반,건조,맑음,교차로 - 교차로안,이륜,남,81세,상해없음,승용,여,54세,경상
2019062700100253,2019년 6월 27일 11시,목요일,인천광역시 남동구 장수동,경상사고,0,0,1,0,차대차 - 추돌,안전운전불이행,건조,맑음,단일로 - 기타,화물,남,50세,상해없음,승용,여,61세,경상
2019062700100254,2019년 6월 27일 11시,목요일,인천광역시 동구 송현동,중상사고,0,1,1,0,차대차 - 기타,안전운전불이행,건조,맑음,단일로 - 터널,건설기계,남,44세,중상,승용,남,42세,상해없음
2019062700100290,2019년 6월 27일 12시,목요일,인천광역시 미추홀구 도화동,경상사고,0,0,1,0,차대차 - 추돌,안전운전불이행,건조,맑음,단일로 - 기타,건설기계,남,60세,상해없음,화물,남,56세,경상
2019062700100291,2019년 6월 27일 12시,목요일,인천광역시 부평구 부평동,경상사고,0,0,1,0,차대차 - 측면충돌,교차로운행방법위반,건조,맑음,교차로 - 교차로안,승용,남,76세,기타불명,이륜,남,30세,경상
2019062700100292,2019년 6월 27일 12시,목요일,인천광역시 미추홀구 학익동,중상사고,0,1,0,0,차대차 - 측면충돌,안전거리미확보,건조,흐림,단일로 - 기타,화물,남,59세,기타불명,승용,남,42세,중상
2019062700100326,2019년 6월 27일 13시,목요일,인천광역시 연수구 송도동,부상신고사고,0,0,0,1,차대사람 - 기타,안전운전불이행,건조,맑음,단일로 - 기타,승용,여,39세,기타불명,보행자,남,8세,부상신고
2019062700100395,2019년 6월 27일 15시,목요일,인천광역시 남동구 만수동,경상사고,0,0,1,0,차대차 - 측면충돌,교차로운행방법위반,건조,맑음,교차로 - 교차로안,승용,여,48세,상해없음,승용,남,26세,경상
2019062700100396,2019년 6월 27일 15시,목요일,인천광역시 서구 가정동,경상사고,0,0,1,0,차대차 - 기타,안전운전불이행,건조,맑음,단일로 - 기타,승용,남,60세,상해없음,이륜,남,16세,경상
2019062700100397,2019년 6월 27일 15시,목요일,인천광역시 부평구 구산동,경상사고,0,0,1,0,차대차 - 측면충돌,안전거리미확보,건조,맑음,단일로 - 기타,승용,남,18세,경상,승용,남,45세,상해없음
2019062700100440,2019년 6월 27일 16시,목요일,인천광역시 미추홀구 주안동,경상사고,0,0,1,0,차대차 - 후진중충돌,안전운전불이행,건조,맑음,단일로 - 기타,승용,남,56세,상해없음,승용,남,21세,경상
2019062700100441,2019년 6월 27일 16시,목요일,인천광역시 미추홀구 숭의동,중상사고,0,1,0,0,차대차 - 추돌,안전운전불이행,건조,맑음,교차로 - 교차로안,승용,여,60세,상해없음,승용,여,55세,중상
2019062700100442,2019년 6월 27일 16시,목요일,인천광역시 미추홀구 주안동,경상사고,0,0,1,0,차대차 - 기타,안전운전불이행,건조,맑음,단일로 - 기타,승용,남,23세,상해없음,이륜,남,25세,경상
2019062700100484,2019년 6월 27일 17시,목요일,인천광역시 남동구 간석동,경상사고,0,0,1,0,차대차 - 측면충돌,안전거리미확보,건조,맑음,단일로 - 기타,승용,남,50세,상해없음,승용,남,37세,경상
2019062700100531,2019년 6월 27일 18시,목요일,인천광역시 남동구 간석동,경상사고,0,0,1,0,차대사람 - 횡단중,안전운전불이행,건조,맑음,단일로 - 기타,승용,여,52세,상해없음,보행자,여,46세,경상
2019062700100532,2019년 6월 27일 18시,목요일,인천광역시 서구 가정동,경상사고,0,0,1,0,차대사람 - 횡단중,안전운전불이행,건조,맑음,단일로 - 기타,승용,여,48세,상해없음,보행자,여,61세,경상
2019062700100533,2019년 6월 27일 18시,목요일,인천광역시 계양구 계산동,경상사고,0,0,1,0,차량단독 - 기타,기타,건조,맑음,기타 - 기타,승합,남,60세,상해없음,,,,
2019062700100557,2019년 6월 27일 19시,목요일,인천광역시 동구 송림동,경상사고,0,0,1,0,차대차 - 측면충돌,차로위반,건조,맑음,교차로 - 교차로부근,승합,남,42세,상해없음,승용,여,46세,경상
2019062700100558,2019년 6월 27일 19시,목요일,인천광역시 남동구 구월동,부상신고사고,0,0,0,1,차대차 - 측면충돌,안전운전불이행,건조,맑음,교차로 - 교차로안,자전거,남,9세,부상신고,승용,남,37세,상해없음
2019062700100559,2019년 6월 27일 19시,목요일,인천광역시 서구 청라동,경상사고,0,0,1,0,차대차 - 기타,안전운전불이행,건조,맑음,교차로 - 교차로부근,승용,남,23세,상해없음,승용,여,38세,기타불명
2019062700100582,2019년 6월 27일 20시,목요일,인천광역시 미추홀구 주안동,중상사고,0,1,1,0,차대차 - 측면충돌,신호위반,건조,맑음,기타 - 기타,승용,남,24세,상해없음,승용,여,54세,중상
2019062700100583,2019년 6월 27일 20시,목요일,인천광역시 남동구 구월동,중상사고,0,1,0,0,차대차 - 측면충돌,신호위반,건조,맑음,교차로 - 교차로안,승용,남,63세,상해없음,이륜,남,48세,중상
2019062700100614,2019년 6월 27일 21시,목요일,인천광역시 연수구 송도동,경상사고,0,0,1,0,차대차 - 기타,신호위반,건조,맑음,교차로 - 교차로횡단보도내,승용,여,60세,상해없음,이륜,남,36세,경상
2019062700100641,2019년 6월 27일 22시,목요일,인천광역시 부평구 갈산동,경상사고,0,0,1,0,차대차 - 기타,안전운전불이행,건조,맑음,단일로 - 기타,승용,남,37세,상해없음,이륜,남,22세,경상
2019062700100642,2019년 6월 27일 22시,목요일,인천광역시 남동구 논현동,경상사고,0,0,1,0,차대차 - 후진중충돌,안전운전불이행,건조,맑음,교차로 - 교차로부근,승용,여,37세,상해없음,승용,남,59세,경상
2019062700100664,2019년 6월 27일 23시,목요일,인천광역시 미추홀구 주안동,경상사고,0,0,1,0,차대사람 - 횡단중,안전운전불이행,건조,맑음,단일로 - 기타,승용,여,43세,기타불명,보행자,남,57세,경상
2019062700100665,2019년 6월 27일 23시,목요일,인천광역시 남동구 구월동,중상사고,0,2,0,0,차대사람 - 기타,안전운전불이행,건조,맑음,단일로 - 기타,개인형이동수단(PM),남,26세,중상,보행자,남,54세,중상
2019062800100033,2019년 6월 28일 00시,금요일,인천광역시 계양구 작전동,중상사고,0,2,1,0,차대차 - 측면충돌,안전거리미확보,건조,맑음,단일로 - 기타,승용,남,42세,상해없음,승용,남,62세,경상
2019062800100055,2019년 6월 28일 02시,금요일,인천광역시 계양구 임학동,경상사고,0,0,1,0,차대차 - 기타,중앙선침범,건조,흐림,단일로 - 기타,자전거,남,18세,상해없음,승용,남,59세,상해없음
2019062800100065,2019년 6월 28일 03시,금요일,인천광역시 부평구 부평동,경상사고,0,0,1,0,차대사람 - 횡단중,보행자보호의무위반,젖음/습기,비,교차로 - 교차로횡단보도내,승용,여,56세,상해없음,보행자,여,64세,경상
2019062800100174,2019년 6월 28일 09시,금요일,인천광역시 부평구 청천동,경상사고,0,0,1,0,차대차 - 기타,안전운전불이행,건조,맑음,단일로 - 기타,자전거,남,37세,경상,기타불명,기타불명,미분류,기타불명
2019062800100216,2019년 6월 28일 10시,금요일,인천광역시 연수구 연수동,중상사고,0,1,0,0,차대차 - 측면충돌,교차로운행방법위반,건조,맑음,교차로 - 교차로안,승용,여,49세,상해없음,승용,여,58세,중상
2019062800100217,2019년 6월 28일 10시,금요일,인천광역시 남동구 장수동,경상사고,0,0,1,0,차대차 - 추돌,안전운전불이행,건조,맑음,교차로 - 교차로안,승용,여,47세,상해없음,승용,남,53세,경상