사고번호,사고일시,요일,시군구,사고내용,사망자수,중상자수,경상자수,부상신고자수,사고유형,법규위반,노면상태,기상상태,도로형태,가해운전자 차종,가해운전자 성별,가해운전자 연령,가해운전자 상해정도,피해운전자 차종,피해운전자 성별,피해운전자 연령,피해운전자 상해정도
2019062800100258,2019년 6월 28일 11시,금요일,인천광역시 서구 오류동,경상사고,0,0,1,0,차대차 - 측면충돌,안전운전불이행,건조,맑음,단일로 - 기타,특수,남,58세,상해없음,화물,남,35세,경상
2019062800100299,2019년 6월 28일 12시,금요일,인천광역시 미추홀구 주안동,중상사고,0,1,0,0,차대차 - 측면충돌,안전운전불이행,건조,맑음,단일로 - 기타,이륜,남,64세,중상,승용,남,69세,상해없음
2019062800100300,2019년 6월 28일 12시,금요일,인천광역시 계양구 병방동,경상사고,0,0,3,0,차대차 - 추돌,안전운전불이행,젖음/습기,비,단일로 - 기타,승합,남,55세,상해없음,화물,남,59세,경상
2019062800100301,2019년 6월 28일 12시,금요일,인천광역시 남동구 만수동,경상사고,0,0,1,0,차대사람 - 보도통행중,신호위반,건조,맑음,기타 - 기타,승용,여,47세,상해없음,보행자,여,6세,경상
2019062800100331,2019년 6월 28일 13시,금요일,인천광역시 미추홀구 숭의동,중상사고,0,3,1,0,차대차 - 측면충돌,신호위반,건조,맑음,교차로 - 교차로안,승용,남,38세,상해없음,승용,남,55세,중상
2019062800100363,2019년 6월 28일 14시,금요일,인천광역시 미추홀구 도화동,경상사고,0,0,1,0,차대차 - 측면충돌,안전거리미확보,건조,맑음,교차로 - 교차로부근,화물,남,55세,상해없음,승용,남,63세,경상
2019062800100364,2019년 6월 28일 14시,금요일,인천광역시 계양구 장기동,경상사고,0,0,1,0,차대차 - 기타,안전운전불이행,건조,맑음,기타 - 기타,승합,남,39세,상해없음,승용,여,31세,경상
2019062800100412,2019년 6월 28일 15시,금요일,인천광역시 남동구 만수동,경상사고,0,0,1,0,차량단독 - 기타,안전운전불이행,건조,맑음,단일로 - 기타,승합,남,68세,상해없음,,,,
2019062800100459,2019년 6월 28일 16시,금요일,인천광역시 부평구 십정동,중상사고,0,1,0,0,차대사람 - 길가장자리구역통행중,안전운전불이행,건조,맑음,단일로 - 기타,승용,여,59세,상해없음,보행자,여,69세,중상
2019062800100497,2019년 6월 28일 17시,금요일,인천광역시 중구 중산동,경상사고,0,0,1,0,차대차 - 추돌,안전운전불이행,건조,맑음,단일로 - 기타,승용,여,44세,상해없음,승용,여,41세,상해없음
2019062800100542,2019년 6월 28일 18시,금요일,인천광역시 계양구 효성동,경상사고,0,0,1,0,차대사람 - 횡단중,신호위반,건조,맑음,교차로 - 교차로횡단보도내,승용,남,56세,상해없음,보행자,여,63세,경상
2019062800100543,2019년 6월 28일 18시,금요일,인천광역시 계양구 다남동,경상사고,0,0,2,0,차대차 - 측면충돌,안전운전불이행,건조,맑음,교차로 - 교차로안,승용,여,43세,상해없음,화물,남,51세,경상
2019062800100544,2019년 6월 28일 18시,금요일,인천광역시 남동구 고잔동,경상사고,0,0,1,0,차대차 - 기타,안전운전불이행,건조,맑음,단일로 - 기타,화물,남,52세,기타불명,승합,남,64세,상해없음
2019062800100662,2019년 6월 28일 21시,금요일,인천광역시 남동구 만수동,경상사고,0,0,1,0,차대차 - 후진중충돌,불법유턴,건조,맑음,단일로 - 기타,승용,남,55세,상해없음,이륜,남,19세,경상
2019062800100695,2019년 6월 28일 22시,금요일,인천광역시 남동구 구월동,경상사고,0,0,1,0,차대사람 - 보도통행중,안전운전불이행,건조,맑음,교차로 - 교차로부근,승용,남,40세,상해없음,보행자,남,43세,경상
2019062800100720,2019년 6월 28일 23시,금요일,인천광역시 서구 신현동,중상사고,0,1,0,0,차대차 - 측면충돌,교차로운행방법위반,젖음/습기,비,교차로 - 교차로안,승용,남,56세,상해없음,이륜,남,30세,중상
2019062900100044,2019년 6월 29일 00시,토요일,인천광역시 서구 검암동,중상사고,0,1,1,0,차대차 - 측면충돌,신호위반,젖음/습기,비,교차로 - 교차로부근,승용,남,50세,상해없음,승용,여,43세,경상
2019062900100064,2019년 6월 29일 01시,토요일,인천광역시 서구 연희동,경상사고,0,0,1,0,차대차 - 추돌,안전운전불이행,젖음/습기,비,단일로 - 기타,승용,남,54세,상해없음,승용,남,39세,경상
2019062900100065,2019년 6월 29일 01시,토요일,인천광역시 남동구 만수동,중상사고,0,2,1,0,차대차 - 정면충돌,중앙선침범,건조,맑음,단일로 - 기타,화물,남,54세,상해없음,승용,남,51세,경상
2019062900100118,2019년 6월 29일 05시,토요일,인천광역시 남동구 구월동,경상사고,0,0,2,0,차대차 - 기타,안전운전불이행,젖음/습기,흐림,단일로 - 기타,승용,남,25세,상해없음,화물,남,29세,경상
2019062900100149,2019년 6월 29일 07시,토요일,인천광역시 중구 신흥동3가,경상사고,0,0,2,0,차대차 - 측면충돌,신호위반,젖음/습기,흐림,교차로 - 교차로안,승용,남,31세,경상,승용,남,47세,경상
2019062900100235,2019년 6월 29일 11시,토요일,인천광역시 부평구 청천동,중상사고,0,1,0,0,차량단독 - 기타,안전운전불이행,건조,맑음,단일로 - 기타,승합,남,63세,상해없음,,,,
2019062900100236,2019년 6월 29일 11시,토요일,인천광역시 남동구 구월동,경상사고,0,0,1,0,차대사람 - 기타,안전운전불이행,건조,맑음,단일로 - 기타,승용,남,71세,상해없음,보행자,여,51세,경상
2019062900100272,2019년 6월 29일 12시,토요일,인천광역시 중구 신생동,경상사고,0,0,1,0,차대차 - 측면충돌,안전운전불이행,건조,맑음,단일로 - 기타,승용,여,51세,상해없음,승용,남,71세,경상
2019062900100273,2019년 6월 29일 12시,토요일,인천광역시 남동구 구월동,경상사고,0,0,2,0,차대차 - 후진중충돌,안전운전불이행,건조,맑음,교차로 - 교차로부근,승용,여,61세,상해없음,승용,남,53세,경상
2019062900100274,2019년 6월 29일 12시,토요일,인천광역시 연수구 동춘동,중상사고,0,2,0,1,차대차 - 측면충돌,안전운전불이행,건조,맑음,교차로 - 교차로안,승용,여,39세,부상신고,승용,남,32세,중상
2019062900100275,2019년 6월 29일 12시,토요일,인천광역시 부평구 삼산동,경상사고,0,0,1,0,차대차 - 측면충돌,교차로운행방법위반,건조,맑음,교차로 - 교차로안,승용,여,46세,상해없음,자전거,남,40세,경상
2019062900100360,2019년 6월 29일 14시,토요일,인천광역시 미추홀구 주안동,경상사고,0,0,1,0,차대차 - 기타,안전운전불이행,건조,맑음,단일로 - 기타,승용,남,36세,기타불명,이륜,남,36세,경상
2019062900100361,2019년 6월 29일 14시,토요일,인천광역시 부평구 삼산동,경상사고,0,0,1,0,차대사람 - 횡단중,안전운전불이행,건조,맑음,기타 - 기타,승용,남,49세,상해없음,보행자,여,88세,경상
2019062900100399,2019년 6월 29일 15시,토요일,인천광역시 미추홀구 관교동,경상사고,0,0,2,0,차대차 - 측면충돌,신호위반,건조,맑음,교차로 - 교차로안,승용,남,71세,상해없음,승용,남,50세,경상
2019062900100400,2019년 6월 29일 15시,토요일,인천광역시 남동구 만수동,경상사고,0,0,1,0,차대사람 - 보도통행중,기타,건조,맑음,단일로 - 기타,자전거,남,51세,상해없음,보행자,여,5세,경상
2019062900100487,2019년 6월 29일 17시,토요일,인천광역시 서구 왕길동,중상사고,0,1,0,0,차대차 - 기타,안전운전불이행,건조,맑음,기타 - 기타,승용,여,56세,상해없음,승용,남,27세,중상
2019062900100545,2019년 6월 29일 19시,토요일,인천광역시 계양구 효성동,경상사고,0,0,1,1,차대차 - 추돌,안전운전불이행,건조,맑음,교차로 - 교차로횡단보도내,승용,남,32세,부상신고,자전거,남,19세,경상
2019062900100572,2019년 6월 29일 20시,토요일,인천광역시 남동구 구월동,경상사고,0,0,1,0,차대차 - 측면충돌,안전거리미확보,건조,맑음,단일로 - 기타,승용,남,17세,상해없음,승용,여,70세,경상
2019062900100606,2019년 6월 29일 21시,토요일,인천광역시 서구 마전동,중상사고,0,1,0,0,차대차 - 기타,안전운전불이행,건조,맑음,교차로 - 교차로부근,이륜,남,44세,상해없음,이륜,남,42세,중상
2019062900100630,2019년 6월 29일 22시,토요일,인천광역시 부평구 부평동,경상사고,0,0,1,0,차대차 - 추돌,안전운전불이행,건조,맑음,교차로 - 교차로부근,승합,남,41세,상해없음,승용,남,61세,경상
2019062900100654,2019년 6월 29일 23시,토요일,인천광역시 중구 신흥동3가,중상사고,0,1,0,0,차대차 - 측면충돌,신호위반,건조,맑음,교차로 - 교차로안,승합,남,54세,상해없음,승용,남,26세,중상
2019063000100055,2019년 6월 30일 02시,일요일,인천광역시 남동구 구월동,경상사고,0,0,1,0,차대사람 - 보도통행중,보행자보호의무위반,건조,맑음,교차로 - 교차로횡단보도내,승용,남,25세,상해없음,보행자,여,22세,경상
2019063000100112,2019년 6월 30일 08시,일요일,인천광역시 강화군 강화읍,경상사고,0,0,1,0,차대차 - 측면충돌,신호위반,건조,맑음,교차로 - 교차로안,화물,남,64세,상해없음,이륜,남,71세,경상
2019063000100113,2019년 6월 30일 08시,일요일,인천광역시 계양구 평동,경상사고,0,0,2,0,차대차 - 추돌,안전거리미확보,건조,맑음,단일로 - 교량,승용,남,22세,상해없음,승용,여,31세,경상
2019063000100198,2019년 6월 30일 12시,일요일,인천광역시 미추홀구 용현동,경상사고,0,0,2,0,차대차 - 추돌,안전거리미확보,건조,맑음,단일로 - 기타,승용,남,45세,상해없음,승용,남,47세,경상
2019063000100199,2019년 6월 30일 12시,일요일,인천광역시 강화군 강화읍,경상사고,0,0,3,0,차대차 - 후진중충돌,안전운전불이행,건조,맑음,기타 - 기타,화물,남,67세,상해없음,승용,여,40세,경상
2019063000100276,2019년 6월 30일 15시,일요일,인천광역시 중구 항동7가,중상사고,0,1,0,0,차대사람 - 횡단중,보행자보호의무위반,건조,맑음,교차로 - 교차로부근,승용,여,59세,상해없음,보행자,남,17세,중상
2019063000100366,2019년 6월 30일 18시,일요일,인천광역시 미추홀구 주안동,경상사고,0,0,4,0,차대차 - 추돌,안전운전불이행,건조,맑음,교차로 - 교차로부근,승용,남,30세,상해없음,승용,남,43세,경상
2019063000100367,2019년 6월 30일 18시,일요일,인천광역시 연수구 송도동,경상사고,0,0,4,0,차대차 - 측면충돌,안전거리미확보,건조,맑음,단일로 - 기타,승용,남,46세,상해없음,승용,여,40세,경상
2019063000100379,2019년 6월 30일 19시,일요일,인천광역시 서구 청라동,경상사고,0,0,1,0,차대사람 - 기타,기타,건조,맑음,단일로 - 기타,승용,남,56세,상해없음,보행자,여,46세,경상
2019063000100403,2019년 6월 30일 20시,일요일,인천광역시 연수구 송도동,경상사고,0,0,2,0,차대차 - 추돌,안전거리미확보,건조,맑음,교차로 - 교차로안,승용,여,45세,상해없음,승용,남,68세,경상
2019063000100422,2019년 6월 30일 21시,일요일,인천광역시 연수구 선학동,경상사고,0,0,5,0,차대차 - 측면충돌,안전운전불이행,건조,맑음,교차로 - 교차로안,승용,남,19세,상해없음,승용,남,37세,경상
2019063000100439,2019년 6월 30일 22시,일요일,인천광역시 부평구 부개동,경상사고,0,0,3,0,차대차 - 측면충돌,안전운전불이행,건조,맑음,단일로 - 기타,승용,여,47세,상해없음,승용,남,33세,경상
2019070100100032,2019년 7월 1일 00시,월요일,인천광역시 미추홀구 주안동,경상사고,0,0,1,0,차대차 - 추돌,안전운전불이행,건조,맑음,단일로 - 기타,승용,남,34세,상해없음,승용,여,44세,경상
2019070100100070,2019년 7월 1일 05시,월요일,인천광역시 미추홀구 도화동,중상사고,0,1,2,0,차대차 - 기타,중앙선침범,건조,맑음,단일로 - 기타,이륜,남,20세,중상,승용,남,27세,경상
2019070100100116,2019년 7월 1일 07시,월요일,인천광역시 서구 오류동,경상사고,0,0,1,0,차대차 - 기타,안전운전불이행,건조,맑음,교차로 - 교차로안,승용,남,31세,상해없음,이륜,남,59세,경상
2019070100100161,2019년 7월 1일 08시,월요일,인천광역시 중구 신흥동2가,부상신고사고,0,0,0,1,차대차 - 추돌,안전운전불이행,건조,맑음,단일로 - 기타,화물,남,64세,상해없음,승용,남,48세,부상신고
2019070100100162,2019년 7월 1일 08시,월요일,인천광역시 중구 운남동,경상사고,0,0,1,0,차대차 - 측면충돌,안전운전불이행,건조,맑음,교차로 - 교차로안,승용,여,43세,상해없음,승용,남,37세,경상
2019070100100163,2019년 7월 1일 08시,월요일,인천광역시 계양구 용종동,경상사고,0,0,1,0,차대차 - 추돌,안전거리미확보,건조,맑음,교차로 - 교차로안,승용,남,60세,상해없음,승용,남,49세,경상
2019070100100199,2019년 7월 1일 09시,월요일,인천광역시 옹진군 영흥면,경상사고,0,0,2,0,차대차 - 측면충돌,중앙선침범,건조,맑음,단일로 - 기타,승용,남,56세,경상,특수,남,39세,경상
2019070100100244,2019년 7월 1일 10시,월요일,인천광역시 서구 가좌동,경상사고,0,0,1,0,차대차 - 기타,신호위반,건조,맑음,교차로 - 교차로안,승용,남,36세,상해없음,화물,남,44세,경상
2019070100100301,2019년 7월 1일 12시,월요일,인천광역시 미추홀구 주안동,경상사고,0,0,2,0,차대차 - 후진중충돌,안전운전불이행,건조,기타,주차장 - 주차장,승용,남,49세,상해없음,승용,남,20세,경상
2019070100100372,2019년 7월 1일 14시,월요일,인천광역시 미추홀구 주안동,중상사고,0,1,0,0,차대차 - 측면충돌,차로위반,건조,맑음,기타 - 기타,승용,남,25세,상해없음,승용,여,60세,중상
2019070100100373,2019년 7월 1일 14시,월요일,인천광역시 남동구 간석동,경상사고,0,0,1,0,차대차 - 추돌,안전운전불이행,건조,맑음,단일로 - 기타,승용,여,50세,상해없음,승용,남,25세,경상
2019070100100414,2019년 7월 1일 15시,월요일,인천광역시 부평구 갈산동,중상사고,0,1,0,0,차대사람 - 차도통행중,안전운전불이행,건조,맑음,단일로 - 기타,승용,남,28세,상해없음,보행자,여,43세,중상
2019070100100453,2019년 7월 1일 16시,월요일,인천광역시 계양구 병방동,경상사고,0,0,1,1,차대차 - 추돌,안전거리미확보,건조,맑음,단일로 - 교량,승용,남,55세,상해없음,승용,남,59세,경상
2019070100100541,2019년 7월 1일 18시,월요일,인천광역시 중구 운서동,경상사고,0,0,2,0,차대차 - 측면충돌,안전운전불이행,건조,맑음,단일로 - 기타,승용,남,37세,상해없음,승용,남,29세,경상
2019070100100542,2019년 7월 1일 18시,월요일,인천광역시 중구 답동,경상사고,0,0,1,0,차대차 - 측면충돌,안전운전불이행,건조,맑음,교차로 - 교차로부근,화물,남,51세,상해없음,승용,여,33세,경상
2019070100100543,2019년 7월 1일 18시,월요일,인천광역시 남동구 간석동,경상사고,0,0,2,0,차대차 - 추돌,안전운전불이행,건조,맑음,단일로 - 기타,승용,남,25세,상해없음,승용,남,24세,경상
2019070100100544,2019년 7월 1일 18시,월요일,인천광역시 연수구 송도동,경상사고,0,0,2,0,차대차 - 기타,안전운전불이행,건조,맑음,단일로 - 기타,승용,남,33세,경상,승용,남,27세,경상
2019070100100545,2019년 7월 1일 18시,월요일,인천광역시 부평구 삼산동,중상사고,0,1,0,0,차대사람 - 차도통행중,교차로운행방법위반,건조,맑음,교차로 - 교차로부근,승용,남,50세,상해없음,보행자,여,78세,중상
2019070100100593,2019년 7월 1일 19시,월요일,인천광역시 중구 운서동,경상사고,0,0,1,0,차대사람 - 횡단중,보행자보호의무위반,건조,맑음,단일로 - 기타,이륜,남,18세,상해없음,보행자,여,27세,경상
2019070100100594,2019년 7월 1일 19시,월요일,인천광역시 부평구 부평동,중상사고,0,1,0,0,차대사람 - 횡단중,보행자보호의무위반,건조,맑음,교차로 - 교차로횡단보도내,승용,여,47세,상해없음,보행자,남,70세,중상
2019070100100595,2019년 7월 1일 19시,월요일,인천광역시 남동구 구월동,경상사고,0,0,2,0,차대차 - 측면충돌,안전운전불이행,건조,흐림,단일로 - 기타,승용,남,40세,기타불명,화물,남,19세,경상
2019070100100596,2019년 7월 1일 19시,월요일,인천광역시 서구 가좌동,중상사고,0,1,0,0,차대차 - 측면충돌,신호위반,건조,맑음,단일로 - 기타,승용,여,29세,상해없음,이륜,남,46세,중상
2019070100100625,2019년 7월 1일 20시,월요일,인천광역시 서구 경서동,경상사고,0,0,1,0,차대차 - 후진중충돌,안전운전불이행,건조,맑음,주차장 - 주차장,승용,남,58세,상해없음,승용,남,29세,경상
2019070100100626,2019년 7월 1일 20시,월요일,인천광역시 부평구 부개동,부상신고사고,0,0,0,1,차대사람 - 횡단중,안전운전불이행,건조,기타,단일로 - 기타,승용,남,66세,상해없음,보행자,남,60세,부상신고
2019070100100679,2019년 7월 1일 23시,월요일,인천광역시 연수구 청학동,경상사고,0,0,1,0,차대차 - 측면충돌,교차로운행방법위반,건조,맑음,교차로 - 교차로안,승용,남,54세,상해없음,승용,남,54세,경상
2019070200100048,2019년 7월 2일 00시,화요일,인천광역시 부평구 청천동,경상사고,0,0,1,0,차대차 - 정면충돌,중앙선침범,건조,맑음,교차로 - 교차로부근,승용,남,26세,기타불명,승용,여,19세,경상
2019070200100049,2019년 7월 2일 00시,화요일,인천광역시 남동구 간석동,경상사고,0,0,2,0,차대차 - 추돌,안전운전불이행,건조,맑음,단일로 - 기타,승용,남,52세,상해없음,승용,여,49세,경상
2019070200100116,2019년 7월 2일 07시,화요일,인천광역시 계양구 귤현동,중상사고,0,1,0,0,차대차 - 측면충돌,안전거리미확보,건조,맑음,단일로 - 기타,자전거,남,60세,상해없음,자전거,여,54세,중상
2019070200100154,2019년 7월 2일 08시,화요일,인천광역시 미추홀구 도화동,부상신고사고,0,0,0,1,차대사람 - 길가장자리구역통행중,안전운전불이행,건조,맑음,단일로 - 기타,기타불명,기타불명,미분류,기타불명,보행자,남,16세,부상신고
2019070200100196,2019년 7월 2일 09시,화요일,인천광역시 연수구 연수동,경상사고,0,0,1,0,차대차 - 측면충돌,교차로운행방법위반,건조,맑음,교차로 - 교차로안,승용,여,63세,상해없음,자전거,여,29세,경상
2019070200100197,2019년 7월 2일 09시,화요일,인천광역시 중구 항동1가,중상사고,0,2,2,0,차대차 - 추돌,안전운전불이행,건조,맑음,단일로 - 터널,화물,남,58세,상해없음,승용,남,37세,중상
2019070200100223,2019년 7월 2일 10시,화요일,인천광역시 중구 경동,경상사고,0,0,4,0,차대차 - 측면충돌,안전운전불이행,건조,맑음,단일로 - 기타,승용,남,42세,상해없음,승용,남,63세,경상
2019070200100249,2019년 7월 2일 11시,화요일,인천광역시 부평구 부평동,경상사고,0,0,1,0,차대차 - 기타,안전운전불이행,건조,맑음,단일로 - 기타,승용,남,72세,상해없음,화물,남,35세,경상
2019070200100250,2019년 7월 2일 11시,화요일,인천광역시 계양구 병방동,경상사고,0,0,1,0,차대차 - 추돌,안전운전불이행,건조,맑음,기타 - 기타,승용,여,56세,상해없음,승용,남,33세,경상
2019070200100251,2019년 7월 2일 11시,화요일,인천광역시 부평구 부개동,경상사고,0,0,1,0,차대차 - 측면충돌,안전운전불이행,건조,맑음,교차로 - 교차로부근,화물,남,39세,상해없음,승용,남,57세,경상
2019070200100350,2019년 7월 2일 14시,화요일,인천광역시 남동구 간석동,경상사고,0,0,1,0,차대사람 - 횡단중,보행자보호의무위반,건조,맑음,단일로 - 기타,승용,남,71세,상해없음,보행자,여,41세,경상
2019070200100351,2019년 7월 2일 14시,화요일,인천광역시 연수구 송도동,경상사고,0,0,1,0,차대사람 - 횡단중,안전운전불이행,건조,맑음,교차로 - 교차로횡단보도내,승용,남,72세,상해없음,보행자,여,11세,경상
2019070200100382,2019년 7월 2일 15시,화요일,인천광역시 서구 가좌동,경상사고,0,0,2,0,차대차 - 측면충돌,안전운전불이행,건조,맑음,교차로 - 교차로안,승용,여,22세,경상,승용,남,62세,경상
2019070200100383,2019년 7월 2일 15시,화요일,인천광역시 서구 청라동,경상사고,0,0,1,0,차대차 - 기타,안전운전불이행,건조,맑음,교차로 - 교차로부근,승용,남,47세,상해없음,자전거,남,63세,경상
2019070200100420,2019년 7월 2일 16시,화요일,인천광역시 부평구 십정동,경상사고,0,0,1,0,차대차 - 기타,안전운전불이행,건조,맑음,단일로 - 기타,승용,여,57세,상해없음,승합,남,49세,상해없음
2019070200100421,2019년 7월 2일 16시,화요일,인천광역시 부평구 부개동,중상사고,0,1,0,0,차대사람 - 횡단중,보행자보호의무위반,건조,맑음,교차로 - 교차로횡단보도내,승용,여,34세,상해없음,보행자,여,13세,중상
2019070200100541,2019년 7월 2일 19시,화요일,인천광역시 서구 청라동,중상사고,0,1,0,0,차대차 - 기타,신호위반,건조,맑음,교차로 - 교차로부근,승용,남,26세,상해없음,승용,여,30세,중상
2019070200100542,2019년 7월 2일 19시,화요일,인천광역시 계양구 효성동,경상사고,0,0,2,0,차대차 - 측면충돌,교차로운행방법위반,건조,맑음,교차로 - 교차로안,이륜,남,21세,경상,화물,남,59세,상해없음
2019070200100570,2019년 7월 2일 20시,화요일,인천광역시 미추홀구 도화동,중상사고,0,1,0,0,차대차 - 측면충돌,안전운전불이행,건조,맑음,교차로 - 교차로안,승용,여,40세,상해없음,승용,여,40세,중상
2019070200100571,2019년 7월 2일 20시,화요일,인천광역시 부평구 부개동,부상신고사고,0,0,0,1,차대사람 - 길가장자리구역통행중,안전운전불이행,건조,맑음,교차로 - 교차로안,기타불명,기타불명,미분류,기타불명,보행자,남,17세,부상신고
2019070200100620,2019년 7월 2일 23시,화요일,인천광역시 연수구 연수동,경상사고,0,0,1,0,차대사람 - 길가장자리구역통행중,안전운전불이행,건조,맑음,단일로 - 기타,승용,남,25세,기타불명,보행자,남,45세,경상
2019070300100030,2019년 7월 3일 00시,수요일,인천광역시 남동구 간석동,경상사고,0,0,1,0,차대사람 - 차도통행중,안전운전불이행,건조,맑음,단일로 - 기타,승용,남,28세,상해없음,보행자,남,48세,경상
2019070300100134,2019년 7월 3일 08시,수요일,인천광역시 남동구 간석동,경상사고,0,0,1,0,차대차 - 측면충돌,교차로운행방법위반,건조,맑음,단일로 - 기타,승용,남,49세,상해없음,승용,여,32세,경상
2019070300100135,2019년 7월 3일 08시,수요일,인천광역시 부평구 삼산동,경상사고,0,0,1,0,차대차 - 측면충돌,안전운전불이행,건조,맑음,단일로 - 기타,승용,남,32세,상해없음,승용,여,49세,경상
2019070300100166,2019년 7월 3일 09시,수요일,인천광역시 부평구 십정동,경상사고,0,0,1,0,차대차 - 기타,안전운전불이행,건조,맑음,교차로 - 교차로부근,기타불명,기타불명,미분류,기타불명,이륜,남,26세,경상
2019070300100167,2019년 7월 3일 09시,수요일,인천광역시 남동구 장수동,경상사고,0,0,1,0,차대차 - 측면충돌,안전운전불이행,건조,맑음,단일로 - 기타,화물,남,63세,상해없음,승용,여,51세,경상
2019070300100205,2019년 7월 3일 10시,수요일,인천광역시 중구 답동,경상사고,0,0,1,0,차대사람 - 횡단중,보행자보호의무위반,건조,맑음,단일로 - 기타,승용,남,68세,상해없음,보행자,남,34세,경상
2019070300100206,2019년 7월 3일 10시,수요일,인천광역시 미추홀구 숭의동,경상사고,0,0,1,0,차대차 - 추돌,안전운전불이행,건조,맑음,단일로 - 기타,승용,남,27세,상해없음,승용,남,61세,경상
2019070300100207,2019년 7월 3일 10시,수요일,인천광역시 계양구 상야동,부상신고사고,0,0,0,1,차대차 - 기타,안전운전불이행,건조,맑음,단일로 - 기타,자전거,남,69세,상해없음,자전거,여,54세,부상신고
2019070300100230,2019년 7월 3일 11시,수요일,인천광역시 미추홀구 용현동,경상사고,0,0,1,0,차대차 - 기타,기타,건조,맑음,단일로 - 기타,기타불명,기타불명,미분류,기타불명,승용,남,21세,경상
2019070300100259,2019년 7월 3일 12시,수요일,인천광역시 계양구 계산동,경상사고,0,0,1,0,차대차 - 추돌,안전운전불이행,건조,맑음,단일로 - 기타,승용,여,44세,상해없음,화물,남,65세,경상
2019070300100287,2019년 7월 3일 13시,수요일,인천광역시 미추홀구 주안동,경상사고,0,0,1,0,차량단독 - 기타,기타,건조,맑음,단일로 - 기타,승합,남,56세,상해없음,,,,
2019070300100288,2019년 7월 3일 13시,수요일,인천광역시 서구 청라동,경상사고,0,0,1,0,차대사람 - 횡단중,보행자보호의무위반,건조,맑음,교차로 - 교차로안,승용,여,44세,상해없음,보행자,여,6세,경상
2019070300100289,2019년 7월 3일 13시,수요일,인천광역시 연수구 선학동,경상사고,0,0,2,0,차대차 - 측면충돌,안전운전불이행,건조,맑음,단일로 - 기타,승용,여,59세,경상,승용,여,57세,경상
2019070300100331,2019년 7월 3일 14시,수요일,인천광역시 부평구 부개동,경상사고,0,0,1,0,차대사람 - 횡단중,안전운전불이행,건조,맑음,교차로 - 교차로안,화물,남,29세,상해없음,보행자,남,77세,경상
2019070300100361,2019년 7월 3일 15시,수요일,인천광역시 서구 가좌동,경상사고,0,0,1,0,차대차 - 기타,안전운전불이행,건조,맑음,단일로 - 기타,이륜,남,20세,상해없음,승용,여,33세,경상
2019070300100362,2019년 7월 3일 15시,수요일,인천광역시 서구 연희동,경상사고,0,0,1,0,차대차 - 추돌,안전운전불이행,건조,맑음,단일로 - 기타,화물,남,70세,상해없음,승용,남,58세,상해없음
2019070300100458,2019년 7월 3일 17시,수요일,인천광역시 미추홀구 주안동,경상사고,0,0,1,0,차대차 - 측면충돌,안전운전불이행,건조,맑음,교차로 - 교차로부근,승용,남,50세,상해없음,승용,남,62세,경상
2019070300100459,2019년 7월 3일 17시,수요일,인천광역시 부평구 부평동,경상사고,0,0,1,0,차대차 - 기타,안전거리미확보,건조,맑음,기타 - 기타,승용,남,31세,상해없음,승용,남,27세,경상
2019070300100460,2019년 7월 3일 17시,수요일,인천광역시 남동구 구월동,경상사고,0,0,1,0,차대차 - 추돌,안전거리미확보,건조,맑음,교차로 - 교차로부근,승용,남,21세,상해없음,승용,여,39세,경상
2019070300100504,2019년 7월 3일 18시,수요일,인천광역시 부평구 삼산동,경상사고,0,0,2,0,차대차 - 측면충돌,안전운전불이행,건조,맑음,단일로 - 교량,승용,여,39세,상해없음,승용,남,23세,경상
2019070300100505,2019년 7월 3일 18시,수요일,인천광역시 남동구 논현동,중상사고,0,1,0,0,차대차 - 측면충돌,중앙선침범,건조,흐림,교차로 - 교차로부근,승용,여,41세,기타불명,이륜,남,32세,중상
2019070300100588,2019년 7월 3일 21시,수요일,인천광역시 남동구 구월동,중상사고,0,1,0,0,차대차 - 측면충돌,신호위반,건조,맑음,교차로 - 교차로안,화물,남,61세,상해없음,이륜,남,28세,중상
2019070300100620,2019년 7월 3일 23시,수요일,인천광역시 미추홀구 용현동,경상사고,0,0,1,0,차대사람 - 횡단중,보행자보호의무위반,건조,맑음,교차로 - 교차로횡단보도내,승합,남,56세,상해없음,보행자,남,17세,경상
2019070300100621,2019년 7월 3일 23시,수요일,인천광역시 남동구 구월동,경상사고,0,0,1,0,차대사람 - 기타,안전운전불이행,건조,맑음,단일로 - 기타,승용,남,66세,상해없음,보행자,남,36세,경상
2019070300100622,2019년 7월 3일 23시,수요일,인천광역시 연수구 선학동,경상사고,0,0,1,0,차대차 - 추돌,안전운전불이행,건조,맑음,단일로 - 기타,승용,여,63세,상해없음,승용,남,51세,경상
2019070300100623,2019년 7월 3일 23시,수요일,인천광역시 남동구 논현동,경상사고,0,0,1,0,차대차 - 측면충돌,안전운전불이행,건조,맑음,교차로 - 교차로안,승용,남,28세,경상,승용,남,48세,상해없음
2019070400100033,2019년 7월 4일 00시,목요일,인천광역시 남동구 간석동,경상사고,0,0,1,0,차대차 - 측면충돌,안전운전불이행,건조,맑음,교차로 - 교차로안,승용,남,30세,상해없음,승용,남,53세,경상
2019070400100046,2019년 7월 4일 02시,목요일,인천광역시 남동구 구월동,경상사고,0,0,1,0,차대차 - 추돌,안전운전불이행,건조,맑음,교차로 - 교차로부근,승용,남,21세,상해없음,승용,남,31세,경상