사고번호,사고일시,요일,시군구,사고내용,사망자수,중상자수,경상자수,부상신고자수,사고유형,법규위반,노면상태,기상상태,도로형태,가해운전자 차종,가해운전자 성별,가해운전자 연령,가해운전자 상해정도,피해운전자 차종,피해운전자 성별,피해운전자 연령,피해운전자 상해정도
2019070900100393,2019년 7월 9일 15시,화요일,인천광역시 남동구 만수동,경상사고,0,0,1,0,차대차 - 측면충돌,교차로운행방법위반,건조,맑음,교차로 - 교차로안,승용,남,31세,상해없음,승용,여,36세,경상
2019070900100464,2019년 7월 9일 17시,화요일,인천광역시 계양구 작전동,경상사고,0,0,1,0,차대차 - 기타,안전운전불이행,건조,맑음,단일로 - 기타,승용,남,56세,상해없음,화물,남,51세,기타불명
2019070900100512,2019년 7월 9일 18시,화요일,인천광역시 서구 마전동,경상사고,0,0,1,0,차대차 - 기타,중앙선침범,건조,맑음,교차로 - 교차로횡단보도내,자전거,남,10세,경상,승용,여,27세,상해없음
2019070900100513,2019년 7월 9일 18시,화요일,인천광역시 연수구 옥련동,경상사고,0,0,1,0,차대사람 - 길가장자리구역통행중,안전운전불이행,건조,맑음,단일로 - 기타,승용,남,18세,상해없음,보행자,남,62세,경상
2019070900100514,2019년 7월 9일 18시,화요일,인천광역시 남동구 논현동,부상신고사고,0,0,0,1,차대차 - 측면충돌,신호위반,건조,맑음,교차로 - 교차로부근,승용,여,34세,상해없음,자전거,남,10세,부상신고
2019070900100549,2019년 7월 9일 19시,화요일,인천광역시 미추홀구 주안동,경상사고,0,0,2,0,차대차 - 추돌,안전운전불이행,건조,맑음,교차로 - 교차로부근,승용,남,52세,상해없음,승용,남,42세,경상
2019070900100576,2019년 7월 9일 20시,화요일,인천광역시 미추홀구 학익동,경상사고,0,0,1,0,차대차 - 기타,안전운전불이행,건조,맑음,교차로 - 교차로안,승용,남,23세,상해없음,승합,남,55세,상해없음
2019070900100577,2019년 7월 9일 20시,화요일,인천광역시 계양구 효성동,중상사고,0,1,0,0,차대차 - 측면충돌,안전운전불이행,건조,맑음,교차로 - 교차로안,승용,남,38세,상해없음,이륜,남,37세,중상
2019070900100651,2019년 7월 9일 23시,화요일,인천광역시 계양구 귤현동,경상사고,0,0,1,0,차대차 - 추돌,안전운전불이행,건조,맑음,단일로 - 기타,승용,남,48세,상해없음,화물,남,70세,경상
2019071000100030,2019년 7월 10일 00시,수요일,인천광역시 남동구 고잔동,경상사고,0,0,1,0,차대차 - 측면충돌,안전운전불이행,건조,맑음,교차로 - 교차로부근,승용,여,75세,상해없음,자전거,남,27세,경상
2019071000100049,2019년 7월 10일 02시,수요일,인천광역시 미추홀구 주안동,중상사고,0,1,1,0,차대차 - 정면충돌,신호위반,건조,맑음,교차로 - 교차로안,승용,여,43세,상해없음,승용,남,49세,경상
2019071000100050,2019년 7월 10일 02시,수요일,인천광역시 서구 연희동,중상사고,0,2,0,0,차대차 - 추돌,안전운전불이행,건조,맑음,교차로 - 교차로부근,승용,남,58세,상해없음,승용,여,27세,중상
2019071000100056,2019년 7월 10일 04시,수요일,인천광역시 중구 운서동,경상사고,0,0,1,0,차대차 - 추돌,안전거리미확보,건조,맑음,교차로 - 교차로부근,승용,남,31세,상해없음,승용,남,56세,경상
2019071000100060,2019년 7월 10일 05시,수요일,인천광역시 강화군 길상면,중상사고,0,1,0,0,차대차 - 측면충돌,신호위반,건조,맑음,교차로 - 교차로안,화물,남,52세,상해없음,승합,남,42세,중상
2019071000100072,2019년 7월 10일 06시,수요일,인천광역시 서구 가좌동,경상사고,0,0,1,0,차대차 - 측면충돌,안전운전불이행,건조,맑음,교차로 - 교차로부근,승용,남,31세,기타불명,화물,남,65세,경상
2019071000100073,2019년 7월 10일 06시,수요일,인천광역시 남동구 고잔동,중상사고,0,1,0,2,차대차 - 측면충돌,신호위반,건조,맑음,교차로 - 교차로안,승용,남,48세,상해없음,승용,남,54세,중상
2019071000100090,2019년 7월 10일 07시,수요일,인천광역시 중구 항동7가,경상사고,0,0,1,0,차대차 - 추돌,안전운전불이행,건조,맑음,기타 - 기타,승용,남,55세,상해없음,승용,남,52세,경상
2019071000100091,2019년 7월 10일 07시,수요일,인천광역시 계양구 작전동,중상사고,0,1,0,0,차대차 - 추돌,안전운전불이행,건조,맑음,단일로 - 기타,이륜,남,50세,상해없음,승합,남,54세,상해없음
2019071000100161,2019년 7월 10일 09시,수요일,인천광역시 남동구 간석동,중상사고,0,1,0,0,차대사람 - 길가장자리구역통행중,안전운전불이행,건조,맑음,단일로 - 기타,승용,남,31세,상해없음,보행자,남,86세,중상
2019071000100198,2019년 7월 10일 10시,수요일,인천광역시 계양구 계산동,경상사고,0,0,1,0,차대차 - 기타,기타,건조,맑음,교차로 - 교차로안,화물,남,48세,상해없음,승용,여,43세,경상
2019071000100228,2019년 7월 10일 11시,수요일,인천광역시 미추홀구 주안동,경상사고,0,0,1,0,차대차 - 기타,안전운전불이행,건조,맑음,교차로 - 교차로부근,승용,여,51세,상해없음,자전거,남,58세,경상
2019071000100287,2019년 7월 10일 13시,수요일,인천광역시 남동구 만수동,경상사고,0,0,1,0,차대사람 - 횡단중,보행자보호의무위반,건조,맑음,교차로 - 교차로안,승용,남,68세,상해없음,보행자,여,10세,경상
2019071000100288,2019년 7월 10일 13시,수요일,인천광역시 서구 왕길동,경상사고,0,0,2,0,차대차 - 기타,안전운전불이행,건조,맑음,교차로 - 교차로안,승용,남,70세,상해없음,승용,남,55세,경상
2019071000100289,2019년 7월 10일 13시,수요일,인천광역시 연수구 송도동,경상사고,0,0,1,0,차대사람 - 기타,기타,건조,맑음,단일로 - 기타,승용,남,63세,상해없음,보행자,여,27세,경상
2019071000100290,2019년 7월 10일 13시,수요일,인천광역시 연수구 선학동,중상사고,0,1,0,0,차대차 - 기타,차로위반,건조,맑음,교차로 - 교차로부근,승용,여,39세,상해없음,승용,여,54세,중상
2019071000100350,2019년 7월 10일 15시,수요일,인천광역시 계양구 임학동,경상사고,0,0,3,0,차대차 - 측면충돌,신호위반,건조,맑음,단일로 - 기타,화물,여,26세,경상,승용,남,62세,경상
2019071000100383,2019년 7월 10일 16시,수요일,인천광역시 미추홀구 도화동,중상사고,0,1,2,0,차대차 - 측면충돌,중앙선침범,건조,맑음,단일로 - 고가도로위,승용,여,63세,상해없음,승용,여,61세,중상
2019071000100384,2019년 7월 10일 16시,수요일,인천광역시 미추홀구 숭의동,경상사고,0,0,1,0,차량단독 - 기타,안전운전불이행,건조,맑음,교차로 - 교차로부근,승합,남,50세,상해없음,,,,
2019071000100487,2019년 7월 10일 18시,수요일,인천광역시 부평구 청천동,사망사고,1,0,0,0,차대사람 - 차도통행중,안전운전불이행,젖음/습기,비,단일로 - 기타,승용,남,36세,상해없음,보행자,남,60세,사망
2019071000100488,2019년 7월 10일 18시,수요일,인천광역시 계양구 계산동,경상사고,0,0,1,0,차대차 - 기타,안전운전불이행,젖음/습기,비,교차로 - 교차로안,승용,남,68세,기타불명,원동기,남,41세,경상
2019071000100489,2019년 7월 10일 18시,수요일,인천광역시 남동구 서창동,경상사고,0,0,2,0,차대차 - 추돌,안전운전불이행,젖음/습기,흐림,단일로 - 기타,화물,남,41세,상해없음,승용,남,58세,경상
2019071000100530,2019년 7월 10일 19시,수요일,인천광역시 서구 가좌동,경상사고,0,0,1,0,차대사람 - 횡단중,신호위반,젖음/습기,비,기타 - 기타,승용,여,55세,상해없음,보행자,여,56세,경상
2019071000100531,2019년 7월 10일 19시,수요일,인천광역시 서구 석남동,경상사고,0,0,1,1,차대차 - 기타,신호위반,건조,맑음,교차로 - 교차로안,승용,여,53세,상해없음,승용,여,31세,경상
2019071000100574,2019년 7월 10일 20시,수요일,인천광역시 연수구 연수동,경상사고,0,0,1,0,차대차 - 추돌,안전운전불이행,젖음/습기,비,교차로 - 교차로부근,승용,남,56세,상해없음,승용,남,66세,경상
2019071000100575,2019년 7월 10일 20시,수요일,인천광역시 부평구 갈산동,경상사고,0,0,3,0,차대차 - 추돌,안전운전불이행,건조,맑음,단일로 - 기타,화물,남,23세,상해없음,승용,여,22세,경상
2019071000100686,2019년 7월 10일 22시,수요일,인천광역시 중구 운서동,경상사고,0,0,1,0,차대사람 - 차도통행중,안전운전불이행,젖음/습기,비,단일로 - 기타,승용,남,41세,상해없음,보행자,남,58세,경상
2019071000100687,2019년 7월 10일 22시,수요일,인천광역시 서구 마전동,중상사고,0,1,0,0,차대사람 - 기타,안전운전불이행,젖음/습기,비,교차로 - 교차로안,승용,여,52세,상해없음,보행자,여,46세,중상
2019071000100688,2019년 7월 10일 22시,수요일,인천광역시 서구 왕길동,경상사고,0,0,1,0,차대차 - 기타,신호위반,건조,맑음,단일로 - 터널,승용,남,63세,상해없음,승용,여,36세,경상
2019071000100689,2019년 7월 10일 22시,수요일,인천광역시 남동구 논현동,부상신고사고,0,0,0,1,차대차 - 측면충돌,안전운전불이행,젖음/습기,비,교차로 - 교차로횡단보도내,승용,남,32세,상해없음,이륜,남,20세,부상신고
2019071000100727,2019년 7월 10일 23시,수요일,인천광역시 계양구 작전동,경상사고,0,0,1,0,차대차 - 측면충돌,신호위반,젖음/습기,비,교차로 - 교차로안,승합,남,50세,상해없음,승용,여,42세,경상
2019071100100034,2019년 7월 11일 00시,목요일,인천광역시 부평구 부평동,경상사고,0,0,1,0,차대사람 - 보도통행중,신호위반,건조,맑음,단일로 - 기타,승용,남,55세,상해없음,보행자,남,51세,경상
2019071100100067,2019년 7월 11일 03시,목요일,인천광역시 연수구 선학동,경상사고,0,0,1,0,차대차 - 추돌,안전운전불이행,젖음/습기,비,교차로 - 교차로부근,승용,남,23세,상해없음,승용,여,62세,경상
2019071100100077,2019년 7월 11일 04시,목요일,인천광역시 계양구 귤현동,경상사고,0,0,1,0,차대차 - 추돌,안전운전불이행,건조,맑음,기타 - 기타,승합,남,38세,상해없음,승용,남,33세,경상
2019071100100123,2019년 7월 11일 07시,목요일,인천광역시 중구 운남동,경상사고,0,0,1,0,차대차 - 추돌,안전운전불이행,젖음/습기,비,교차로 - 교차로안,승용,남,54세,상해없음,승용,여,25세,경상
2019071100100124,2019년 7월 11일 07시,목요일,인천광역시 남동구 고잔동,경상사고,0,0,1,0,차대차 - 기타,안전운전불이행,건조,맑음,교차로 - 교차로부근,승용,남,28세,상해없음,자전거,남,65세,경상
2019071100100170,2019년 7월 11일 08시,목요일,인천광역시 부평구 청천동,경상사고,0,0,1,0,차대차 - 측면충돌,안전운전불이행,건조,맑음,단일로 - 기타,승용,남,53세,상해없음,승용,남,32세,경상
2019071100100171,2019년 7월 11일 08시,목요일,인천광역시 계양구 동양동,중상사고,0,1,0,0,차대차 - 측면충돌,안전운전불이행,건조,맑음,단일로 - 기타,승용,여,39세,상해없음,자전거,남,73세,중상
2019071100100202,2019년 7월 11일 09시,목요일,인천광역시 남동구 만수동,중상사고,0,1,2,0,차대차 - 측면충돌,교차로운행방법위반,건조,맑음,교차로 - 교차로안,승용,남,37세,상해없음,승용,남,60세,중상
2019071100100235,2019년 7월 11일 10시,목요일,인천광역시 옹진군 백령면,중상사고,0,2,0,0,차대차 - 정면충돌,중앙선침범,건조,맑음,교차로 - 교차로부근,화물,남,61세,중상,화물,남,52세,중상
2019071100100236,2019년 7월 11일 10시,목요일,인천광역시 부평구 십정동,경상사고,0,0,1,0,차대차 - 측면충돌,안전운전불이행,건조,맑음,교차로 - 교차로부근,승용,남,48세,상해없음,승용,여,29세,경상
2019071100100260,2019년 7월 11일 11시,목요일,인천광역시 중구 유동,중상사고,0,1,0,0,차대차 - 측면충돌,교차로운행방법위반,건조,맑음,교차로 - 교차로안,자전거,남,67세,상해없음,원동기,남,43세,중상
2019071100100261,2019년 7월 11일 11시,목요일,인천광역시 남동구 간석동,중상사고,0,1,0,0,차대사람 - 횡단중,안전운전불이행,건조,맑음,단일로 - 기타,승용,여,39세,상해없음,보행자,여,78세,중상
2019071100100310,2019년 7월 11일 13시,목요일,인천광역시 남동구 만수동,경상사고,0,0,1,0,차대사람 - 기타,안전운전불이행,건조,맑음,단일로 - 기타,승합,남,58세,상해없음,보행자,남,56세,경상
2019071100100380,2019년 7월 11일 15시,목요일,인천광역시 옹진군 영흥면,경상사고,0,0,1,0,차대차 - 측면충돌,안전운전불이행,건조,맑음,단일로 - 기타,승용,남,54세,상해없음,승용,여,60세,경상
2019071100100381,2019년 7월 11일 15시,목요일,인천광역시 서구 경서동,중상사고,0,1,0,0,차대차 - 기타,안전운전불이행,건조,맑음,교차로 - 교차로부근,이륜,남,46세,기타불명,승용,여,28세,중상
2019071100100416,2019년 7월 11일 16시,목요일,인천광역시 동구 송현동,경상사고,0,0,1,0,차대차 - 측면충돌,안전거리미확보,건조,맑음,교차로 - 교차로부근,화물,남,60세,상해없음,원동기,남,67세,경상
2019071100100417,2019년 7월 11일 16시,목요일,인천광역시 남동구 만수동,경상사고,0,0,1,0,차대사람 - 기타,안전운전불이행,건조,흐림,교차로 - 교차로안,승용,여,51세,기타불명,보행자,여,55세,경상
2019071100100464,2019년 7월 11일 17시,목요일,인천광역시 서구 가정동,경상사고,0,0,3,0,차대차 - 기타,신호위반,건조,맑음,교차로 - 교차로안,승용,남,29세,경상,승용,남,46세,경상
2019071100100538,2019년 7월 11일 19시,목요일,인천광역시 동구 송림동,경상사고,0,0,1,0,차대차 - 측면충돌,신호위반,건조,맑음,교차로 - 교차로안,승용,남,55세,상해없음,승용,남,42세,경상
2019071100100539,2019년 7월 11일 19시,목요일,인천광역시 남동구 구월동,중상사고,0,1,0,0,차대차 - 측면충돌,신호위반,건조,맑음,교차로 - 교차로안,승용,남,26세,상해없음,이륜,남,23세,중상
2019071100100567,2019년 7월 11일 20시,목요일,인천광역시 미추홀구 주안동,경상사고,0,0,1,0,차대차 - 기타,안전운전불이행,기타,기타,단일로 - 기타,승합,여,53세,상해없음,승용,여,63세,경상
2019071100100594,2019년 7월 11일 21시,목요일,인천광역시 중구 신흥동3가,경상사고,0,0,3,0,차대차 - 측면충돌,교차로운행방법위반,젖음/습기,비,교차로 - 교차로안,승용,남,35세,상해없음,승용,남,52세,경상
2019071100100595,2019년 7월 11일 21시,목요일,인천광역시 서구 석남동,경상사고,0,0,1,0,차대사람 - 기타,안전운전불이행,건조,맑음,교차로 - 교차로부근,승용,여,39세,상해없음,보행자,여,24세,경상
2019071100100613,2019년 7월 11일 22시,목요일,인천광역시 중구 중산동,부상신고사고,0,0,0,1,차대사람 - 횡단중,안전운전불이행,건조,맑음,교차로 - 교차로횡단보도내,승용,여,33세,상해없음,보행자,남,27세,부상신고
2019071100100634,2019년 7월 11일 23시,목요일,인천광역시 계양구 병방동,중상사고,0,1,0,0,차대차 - 측면충돌,신호위반,건조,맑음,교차로 - 교차로안,승용,여,33세,상해없음,자전거,남,31세,중상
2019071200100035,2019년 7월 12일 00시,금요일,인천광역시 연수구 송도동,중상사고,0,1,0,0,차대차 - 기타,신호위반,건조,맑음,교차로 - 교차로안,승용,남,20세,상해없음,승용,남,28세,중상
2019071200100068,2019년 7월 12일 04시,금요일,인천광역시 서구 연희동,경상사고,0,0,1,0,차대사람 - 기타,안전운전불이행,건조,맑음,기타 - 기타,승용,남,56세,상해없음,보행자,남,26세,경상
2019071200100116,2019년 7월 12일 07시,금요일,인천광역시 남동구 간석동,중상사고,0,1,0,0,차대사람 - 횡단중,보행자보호의무위반,건조,맑음,교차로 - 교차로부근,승용,남,42세,상해없음,보행자,남,64세,중상
2019071200100117,2019년 7월 12일 07시,금요일,인천광역시 서구 청라동,중상사고,0,1,0,0,차대사람 - 차도통행중,안전운전불이행,건조,맑음,교차로 - 교차로안,승용,여,56세,상해없음,보행자,여,75세,중상
2019071200100118,2019년 7월 12일 07시,금요일,인천광역시 연수구 옥련동,경상사고,0,0,1,0,차대차 - 측면충돌,불법유턴,건조,맑음,교차로 - 교차로안,건설기계,남,49세,상해없음,승용,남,57세,경상
2019071200100171,2019년 7월 12일 08시,금요일,인천광역시 동구 송현동,경상사고,0,0,1,0,차대사람 - 횡단중,보행자보호의무위반,건조,맑음,교차로 - 교차로횡단보도내,승용,남,64세,상해없음,보행자,남,33세,경상
2019071200100239,2019년 7월 12일 10시,금요일,인천광역시 부평구 청천동,경상사고,0,0,1,0,차대차 - 후진중충돌,안전운전불이행,건조,맑음,주차장 - 주차장,승용,남,26세,상해없음,화물,남,51세,경상
2019071200100272,2019년 7월 12일 11시,금요일,인천광역시 연수구 송도동,경상사고,0,0,1,0,차대사람 - 보도통행중,안전운전불이행,건조,맑음,기타 - 기타,자전거,여,43세,상해없음,보행자,여,40세,경상
2019071200100314,2019년 7월 12일 12시,금요일,인천광역시 부평구 청천동,경상사고,0,0,1,0,차대차 - 기타,차로위반,기타,맑음,단일로 - 기타,화물,남,34세,상해없음,승용,남,29세,상해없음
2019071200100351,2019년 7월 12일 13시,금요일,인천광역시 미추홀구 주안동,경상사고,0,0,1,0,차대차 - 측면충돌,안전운전불이행,건조,맑음,교차로 - 교차로안,승용,남,28세,상해없음,승용,여,44세,경상
2019071200100352,2019년 7월 12일 13시,금요일,인천광역시 미추홀구 주안동,중상사고,0,1,0,0,차대사람 - 기타,안전운전불이행,건조,맑음,기타 - 기타,승합,남,57세,상해없음,보행자,여,70세,중상
2019071200100382,2019년 7월 12일 14시,금요일,인천광역시 남동구 간석동,경상사고,0,0,1,0,차대차 - 측면충돌,교차로운행방법위반,건조,맑음,단일로 - 기타,승용,남,57세,상해없음,이륜,남,34세,경상
2019071200100383,2019년 7월 12일 14시,금요일,인천광역시 서구 경서동,경상사고,0,0,7,0,차대차 - 추돌,안전운전불이행,건조,맑음,단일로 - 기타,승용,여,57세,상해없음,화물,남,52세,경상
2019071200100416,2019년 7월 12일 15시,금요일,인천광역시 부평구 청천동,경상사고,0,0,1,0,차대차 - 추돌,안전운전불이행,건조,맑음,교차로 - 교차로부근,승용,남,21세,상해없음,화물,남,61세,경상
2019071200100453,2019년 7월 12일 16시,금요일,인천광역시 미추홀구 도화동,부상신고사고,0,0,0,1,차대사람 - 길가장자리구역통행중,안전운전불이행,건조,맑음,단일로 - 기타,승용,남,57세,기타불명,보행자,여,19세,부상신고
2019071200100454,2019년 7월 12일 16시,금요일,인천광역시 계양구 작전동,중상사고,0,1,0,0,차대차 - 측면충돌,직진우회전진행방해,건조,맑음,단일로 - 기타,이륜,남,27세,중상,승합,남,39세,상해없음
2019071200100455,2019년 7월 12일 16시,금요일,인천광역시 남동구 논현동,경상사고,0,0,2,0,차대차 - 정면충돌,안전운전불이행,건조,맑음,교차로 - 교차로부근,승용,남,62세,상해없음,승용,여,35세,경상
2019071200100516,2019년 7월 12일 17시,금요일,인천광역시 서구 원창동,경상사고,0,0,1,0,차대차 - 추돌,안전운전불이행,건조,맑음,단일로 - 터널,화물,남,63세,상해없음,승용,여,48세,경상
2019071200100517,2019년 7월 12일 17시,금요일,인천광역시 부평구 부개동,경상사고,0,0,2,0,차대차 - 정면충돌,안전운전불이행,건조,맑음,교차로 - 교차로안,이륜,남,27세,경상,승용,남,57세,경상
2019071200100575,2019년 7월 12일 18시,금요일,인천광역시 남동구 구월동,경상사고,0,0,1,0,차대차 - 측면충돌,안전거리미확보,건조,맑음,기타 - 기타,승용,여,27세,경상,화물,남,49세,상해없음
2019071200100576,2019년 7월 12일 18시,금요일,인천광역시 동구 송현동,경상사고,0,0,1,0,차대차 - 추돌,안전거리미확보,건조,맑음,단일로 - 터널,승용,남,66세,상해없음,승용,남,55세,경상
2019071200100622,2019년 7월 12일 19시,금요일,인천광역시 서구 검암동,중상사고,0,1,1,0,차대차 - 추돌,안전운전불이행,건조,맑음,교차로 - 교차로부근,이륜,남,19세,중상,이륜,남,48세,경상
2019071200100673,2019년 7월 12일 21시,금요일,인천광역시 남동구 간석동,경상사고,0,0,2,0,차대사람 - 보도통행중,보행자보호의무위반,건조,맑음,교차로 - 교차로횡단보도내,승합,여,60세,상해없음,보행자,여,17세,경상
2019071200100674,2019년 7월 12일 21시,금요일,인천광역시 연수구 동춘동,경상사고,0,0,1,0,차대차 - 기타,안전운전불이행,건조,맑음,교차로 - 교차로횡단보도내,승용,남,48세,상해없음,승용,여,56세,경상
2019071200100699,2019년 7월 12일 22시,금요일,인천광역시 미추홀구 관교동,부상신고사고,0,0,0,1,차대차 - 기타,안전운전불이행,건조,맑음,교차로 - 교차로안,기타불명,기타불명,미분류,기타불명,이륜,남,18세,부상신고
2019071200100700,2019년 7월 12일 22시,금요일,인천광역시 서구 오류동,경상사고,0,0,1,0,차대차 - 기타,안전운전불이행,젖음/습기,비,주차장 - 주차장,승용,남,63세,상해없음,승용,여,36세,기타불명
2019071200100701,2019년 7월 12일 22시,금요일,인천광역시 남동구 만수동,경상사고,0,0,1,0,차대차 - 측면충돌,안전운전불이행,건조,맑음,교차로 - 교차로안,승용,남,53세,상해없음,이륜,남,22세,경상
2019071200100702,2019년 7월 12일 22시,금요일,인천광역시 서구 경서동,경상사고,0,0,2,0,차대차 - 측면충돌,차로위반,건조,맑음,단일로 - 기타,승용,남,42세,상해없음,승용,남,49세,경상
2019071200100725,2019년 7월 12일 23시,금요일,인천광역시 미추홀구 문학동,부상신고사고,0,0,0,1,차대차 - 기타,안전운전불이행,건조,맑음,단일로 - 기타,기타불명,기타불명,미분류,기타불명,사륜오토바이(ATV),남,32세,부상신고
2019071300100038,2019년 7월 13일 00시,토요일,인천광역시 서구 가정동,경상사고,0,0,3,0,차대차 - 측면충돌,신호위반,건조,맑음,교차로 - 교차로안,승용,남,29세,상해없음,승용,남,51세,경상
2019071300100061,2019년 7월 13일 02시,토요일,인천광역시 부평구 부평동,경상사고,0,0,1,0,차대차 - 측면충돌,직진우회전진행방해,건조,맑음,교차로 - 교차로안,승용,남,49세,상해없음,승용,여,64세,경상
2019071300100088,2019년 7월 13일 05시,토요일,인천광역시 남동구 구월동,경상사고,0,0,1,0,차대차 - 정면충돌,신호위반,건조,맑음,교차로 - 교차로안,화물,남,59세,상해없음,승용,남,58세,경상
2019071300100098,2019년 7월 13일 06시,토요일,인천광역시 부평구 갈산동,경상사고,0,0,1,0,차대차 - 기타,안전운전불이행,건조,맑음,단일로 - 기타,승용,남,46세,상해없음,화물,남,49세,경상
2019071300100149,2019년 7월 13일 09시,토요일,인천광역시 미추홀구 주안동,경상사고,0,0,2,0,차대차 - 측면충돌,안전운전불이행,건조,맑음,교차로 - 교차로부근,화물,남,50세,상해없음,승용,남,37세,상해없음
2019071300100209,2019년 7월 13일 11시,토요일,인천광역시 미추홀구 학익동,경상사고,0,0,2,0,차대차 - 정면충돌,안전운전불이행,건조,맑음,교차로 - 교차로안,승용,여,42세,상해없음,승용,남,47세,경상
2019071300100210,2019년 7월 13일 11시,토요일,인천광역시 서구 원창동,경상사고,0,0,5,0,차대차 - 추돌,안전운전불이행,건조,맑음,단일로 - 기타,승용,남,32세,상해없음,승합,남,39세,경상
2019071300100329,2019년 7월 13일 14시,토요일,인천광역시 중구 신흥동1가,경상사고,0,0,1,0,차대차 - 추돌,안전운전불이행,건조,맑음,교차로 - 교차로안,이륜,남,45세,경상,화물,남,63세,상해없음
2019071300100330,2019년 7월 13일 14시,토요일,인천광역시 남동구 구월동,중상사고,0,1,0,0,차대차 - 측면충돌,안전거리미확보,건조,맑음,기타 - 기타,승용,남,60세,상해없음,승용,남,69세,중상
2019071300100331,2019년 7월 13일 14시,토요일,인천광역시 연수구 동춘동,경상사고,0,0,1,0,차대사람 - 기타,안전운전불이행,건조,맑음,단일로 - 기타,승용,남,25세,상해없음,보행자,남,19세,경상
2019071300100370,2019년 7월 13일 15시,토요일,인천광역시 부평구 부평동,경상사고,0,0,1,0,차대차 - 기타,안전운전불이행,건조,맑음,교차로 - 교차로부근,승용,남,39세,상해없음,승용,남,28세,경상
2019071300100371,2019년 7월 13일 15시,토요일,인천광역시 계양구 귤현동,사망사고,1,1,0,0,차대차 - 측면충돌,신호위반,건조,맑음,교차로 - 교차로안,승용,남,70세,중상,건설기계,남,37세,상해없음
2019071300100438,2019년 7월 13일 17시,토요일,인천광역시 부평구 부평동,경상사고,0,0,1,0,차대차 - 측면충돌,안전운전불이행,건조,맑음,단일로 - 기타,화물,남,54세,상해없음,이륜,남,16세,경상
2019071300100439,2019년 7월 13일 17시,토요일,인천광역시 부평구 십정동,경상사고,0,0,3,0,차대차 - 측면충돌,안전운전불이행,건조,맑음,단일로 - 기타,승용,남,48세,경상,승용,남,32세,경상
2019071300100440,2019년 7월 13일 17시,토요일,인천광역시 부평구 부평동,경상사고,0,0,3,0,차대차 - 기타,안전운전불이행,건조,맑음,단일로 - 기타,승용,여,22세,상해없음,승용,남,59세,상해없음
2019071300100441,2019년 7월 13일 17시,토요일,인천광역시 남동구 서창동,중상사고,0,1,0,0,차대차 - 기타,안전운전불이행,건조,맑음,단일로 - 기타,승용,여,40세,상해없음,자전거,남,60세,중상
2019071300100488,2019년 7월 13일 18시,토요일,인천광역시 남동구 구월동,경상사고,0,0,3,0,차대차 - 측면충돌,안전거리미확보,건조,맑음,단일로 - 기타,승용,여,35세,상해없음,승용,남,37세,경상
2019071300100513,2019년 7월 13일 19시,토요일,인천광역시 부평구 청천동,경상사고,0,0,1,0,차대사람 - 길가장자리구역통행중,안전운전불이행,건조,맑음,단일로 - 기타,승용,남,52세,상해없음,보행자,남,57세,경상
2019071300100535,2019년 7월 13일 20시,토요일,인천광역시 서구 석남동,부상신고사고,0,0,0,1,차량단독 - 기타,기타,건조,맑음,기타 - 기타,자전거,여,44세,부상신고,,,,
2019071300100536,2019년 7월 13일 20시,토요일,인천광역시 연수구 옥련동,경상사고,0,0,1,0,차대사람 - 기타,기타,건조,맑음,교차로 - 교차로부근,승용,남,43세,기타불명,보행자,남,18세,경상
2019071300100558,2019년 7월 13일 21시,토요일,인천광역시 연수구 동춘동,경상사고,0,0,2,0,차대차 - 추돌,안전운전불이행,건조,맑음,교차로 - 교차로부근,승용,남,24세,상해없음,승용,남,39세,경상
2019071300100597,2019년 7월 13일 23시,토요일,인천광역시 미추홀구 용현동,경상사고,0,0,1,0,차대차 - 측면충돌,안전운전불이행,건조,맑음,교차로 - 교차로안,승용,남,58세,상해없음,승용,여,21세,경상
2019071400100085,2019년 7월 14일 05시,일요일,인천광역시 부평구 삼산동,사망사고,1,0,0,0,차대차 - 기타,안전운전불이행,건조,맑음,교차로 - 교차로부근,자전거,남,63세,사망,승용,남,57세,상해없음
2019071400100103,2019년 7월 14일 07시,일요일,인천광역시 남동구 간석동,중상사고,0,1,0,0,차대사람 - 기타,안전운전불이행,건조,맑음,단일로 - 기타,승합,남,68세,상해없음,보행자,여,77세,중상
2019071400100116,2019년 7월 14일 08시,일요일,인천광역시 연수구 선학동,경상사고,0,0,4,0,차대차 - 측면충돌,안전운전불이행,건조,맑음,단일로 - 기타,승용,남,59세,상해없음,승용,남,57세,경상
2019071400100154,2019년 7월 14일 10시,일요일,인천광역시 부평구 구산동,경상사고,0,0,1,0,차대차 - 측면충돌,교차로운행방법위반,건조,맑음,교차로 - 교차로안,승용,남,59세,상해없음,승용,여,54세,경상
2019071400100185,2019년 7월 14일 11시,일요일,인천광역시 연수구 연수동,경상사고,0,0,1,2,차대차 - 측면충돌,불법유턴,건조,맑음,단일로 - 기타,승용,여,58세,상해없음,승용,남,44세,상해없음
2019071400100212,2019년 7월 14일 12시,일요일,인천광역시 남동구 만수동,경상사고,0,0,1,0,차대차 - 측면충돌,신호위반,건조,맑음,단일로 - 기타,승용,여,65세,상해없음,이륜,남,46세,경상