사고번호,사고일시,요일,시군구,사고내용,사망자수,중상자수,경상자수,부상신고자수,사고유형,법규위반,노면상태,기상상태,도로형태,가해운전자 차종,가해운전자 성별,가해운전자 연령,가해운전자 상해정도,피해운전자 차종,피해운전자 성별,피해운전자 연령,피해운전자 상해정도
2019071900100252,2019년 7월 19일 10시,금요일,인천광역시 서구 마전동,경상사고,0,0,1,0,차대사람 - 차도통행중,안전운전불이행,건조,맑음,단일로 - 기타,승용,여,25세,상해없음,보행자,남,11세,경상
2019071900100253,2019년 7월 19일 10시,금요일,인천광역시 서구 왕길동,경상사고,0,0,1,0,차대차 - 추돌,안전운전불이행,건조,맑음,교차로 - 교차로부근,승합,남,62세,상해없음,승용,남,29세,경상
2019071900100254,2019년 7월 19일 10시,금요일,인천광역시 남동구 장수동,중상사고,0,2,1,0,차대차 - 측면충돌,안전거리미확보,건조,맑음,단일로 - 기타,화물,남,51세,상해없음,승용,여,56세,중상
2019071900100283,2019년 7월 19일 11시,금요일,인천광역시 연수구 선학동,경상사고,0,0,1,0,차대차 - 추돌,안전운전불이행,건조,맑음,단일로 - 터널,승용,남,36세,상해없음,승용,남,56세,경상
2019071900100327,2019년 7월 19일 12시,금요일,인천광역시 미추홀구 도화동,부상신고사고,0,0,0,1,차대차 - 측면충돌,안전운전불이행,건조,맑음,교차로 - 교차로안,자전거,남,13세,부상신고,승용,남,51세,상해없음
2019071900100328,2019년 7월 19일 12시,금요일,인천광역시 미추홀구 문학동,경상사고,0,0,1,0,차대차 - 측면충돌,안전운전불이행,건조,맑음,교차로 - 교차로안,승용,남,29세,기타불명,이륜,남,46세,경상
2019071900100329,2019년 7월 19일 12시,금요일,인천광역시 부평구 갈산동,경상사고,0,0,1,0,차대차 - 추돌,안전운전불이행,건조,맑음,교차로 - 교차로부근,화물,남,63세,상해없음,승용,남,46세,경상
2019071900100368,2019년 7월 19일 13시,금요일,인천광역시 동구 송림동,경상사고,0,0,2,0,차대차 - 측면충돌,안전운전불이행,건조,맑음,단일로 - 기타,건설기계,남,60세,상해없음,승용,여,36세,경상
2019071900100369,2019년 7월 19일 13시,금요일,인천광역시 남동구 구월동,중상사고,0,1,0,0,차대차 - 측면충돌,안전운전불이행,건조,맑음,교차로 - 교차로부근,승용,여,55세,상해없음,승용,여,46세,중상
2019071900100401,2019년 7월 19일 14시,금요일,인천광역시 부평구 산곡동,경상사고,0,0,1,0,차대차 - 측면충돌,안전운전불이행,건조,맑음,단일로 - 기타,승합,남,58세,상해없음,승용,여,25세,경상
2019071900100432,2019년 7월 19일 15시,금요일,인천광역시 남동구 간석동,경상사고,0,0,1,0,차대사람 - 차도통행중,안전운전불이행,건조,맑음,기타 - 기타,승용,남,22세,상해없음,보행자,여,60세,경상
2019071900100476,2019년 7월 19일 16시,금요일,인천광역시 남동구 간석동,경상사고,0,0,1,0,차대사람 - 기타,안전운전불이행,건조,맑음,기타 - 기타,승용,남,57세,상해없음,보행자,남,55세,경상
2019071900100477,2019년 7월 19일 16시,금요일,인천광역시 남동구 구월동,경상사고,0,0,1,0,차대차 - 후진중충돌,안전운전불이행,건조,맑음,단일로 - 기타,화물,남,69세,상해없음,이륜,남,27세,경상
2019071900100478,2019년 7월 19일 16시,금요일,인천광역시 계양구 효성동,경상사고,0,0,1,0,차대사람 - 보도통행중,안전운전불이행,건조,맑음,교차로 - 교차로안,화물,남,68세,상해없음,보행자,여,19세,경상
2019071900100521,2019년 7월 19일 17시,금요일,인천광역시 남동구 논현동,중상사고,0,1,0,0,차대사람 - 횡단중,보행자보호의무위반,건조,맑음,교차로 - 교차로횡단보도내,승용,남,65세,상해없음,보행자,여,16세,중상
2019071900100565,2019년 7월 19일 18시,금요일,인천광역시 서구 청라동,경상사고,0,0,1,0,차대차 - 추돌,안전운전불이행,건조,맑음,단일로 - 기타,승용,남,51세,상해없음,승합,남,40세,경상
2019071900100608,2019년 7월 19일 19시,금요일,인천광역시 남동구 간석동,경상사고,0,0,1,0,차량단독 - 기타,안전운전불이행,건조,맑음,교차로 - 교차로부근,승합,남,48세,상해없음,,,,
2019071900100609,2019년 7월 19일 19시,금요일,인천광역시 남동구 논현동,경상사고,0,0,1,0,차대차 - 추돌,안전운전불이행,젖음/습기,흐림,교차로 - 교차로부근,승용,남,57세,상해없음,승용,남,58세,경상
2019071900100646,2019년 7월 19일 20시,금요일,인천광역시 중구 신흥동3가,경상사고,0,0,1,0,차대차 - 추돌,안전운전불이행,건조,맑음,단일로 - 기타,승용,남,62세,상해없음,승용,남,44세,경상
2019071900100647,2019년 7월 19일 20시,금요일,인천광역시 남동구 구월동,중상사고,0,1,3,0,차대차 - 측면충돌,안전운전불이행,건조,맑음,단일로 - 기타,승용,여,38세,상해없음,승용,여,40세,중상
2019071900100714,2019년 7월 19일 22시,금요일,인천광역시 남동구 간석동,경상사고,0,0,1,0,차대사람 - 기타,안전운전불이행,건조,맑음,단일로 - 기타,승용,여,52세,상해없음,보행자,여,64세,경상
2019071900100715,2019년 7월 19일 22시,금요일,인천광역시 남동구 간석동,중상사고,0,1,0,0,차대사람 - 기타,안전운전불이행,건조,흐림,단일로 - 기타,승용,남,28세,상해없음,보행자,남,30세,중상
2019071900100716,2019년 7월 19일 22시,금요일,인천광역시 남동구 간석동,중상사고,0,1,0,0,차대차 - 측면충돌,안전거리미확보,건조,흐림,단일로 - 기타,승용,남,51세,상해없음,승용,여,24세,중상
2019071900100745,2019년 7월 19일 23시,금요일,인천광역시 서구 석남동,경상사고,0,0,1,0,차대차 - 기타,안전운전불이행,건조,맑음,교차로 - 교차로안,자전거,남,62세,경상,승용,남,61세,상해없음
2019072000100063,2019년 7월 20일 01시,토요일,인천광역시 부평구 부개동,경상사고,0,0,1,0,차대차 - 측면충돌,중앙선침범,건조,맑음,단일로 - 기타,승용,남,29세,상해없음,승용,남,58세,경상
2019072000100123,2019년 7월 20일 07시,토요일,인천광역시 동구 송현동,경상사고,0,0,2,0,차대차 - 후진중충돌,안전운전불이행,기타,맑음,기타 - 기타,화물,남,57세,상해없음,승용,남,52세,경상
2019072000100124,2019년 7월 20일 07시,토요일,인천광역시 연수구 선학동,중상사고,0,1,2,0,차대차 - 기타,안전운전불이행,건조,맑음,교차로 - 교차로안,승용,남,68세,상해없음,승용,남,48세,경상
2019072000100144,2019년 7월 20일 08시,토요일,인천광역시 계양구 계산동,중상사고,0,1,0,0,차대차 - 정면충돌,안전운전불이행,젖음/습기,비,교차로 - 교차로안,승용,남,60세,상해없음,이륜,남,76세,중상
2019072000100145,2019년 7월 20일 08시,토요일,인천광역시 강화군 강화읍,중상사고,0,1,2,0,차대차 - 측면충돌,중앙선침범,건조,맑음,단일로 - 기타,승용,남,66세,중상,승용,남,70세,경상
2019072000100166,2019년 7월 20일 09시,토요일,인천광역시 중구 신흥동3가,경상사고,0,0,1,0,차대차 - 측면충돌,안전운전불이행,건조,맑음,단일로 - 기타,승용,남,58세,경상,화물,남,46세,상해없음
2019072000100167,2019년 7월 20일 09시,토요일,인천광역시 미추홀구 숭의동,경상사고,0,0,2,0,차대차 - 측면충돌,안전운전불이행,건조,맑음,교차로 - 교차로부근,승용,남,32세,상해없음,승용,남,26세,경상
2019072000100168,2019년 7월 20일 09시,토요일,인천광역시 남동구 간석동,경상사고,0,0,1,0,차대차 - 정면충돌,안전거리미확보,건조,맑음,단일로 - 기타,승용,남,60세,상해없음,승용,남,42세,경상
2019072000100169,2019년 7월 20일 09시,토요일,인천광역시 남동구 장수동,경상사고,0,0,1,0,차대차 - 추돌,안전운전불이행,건조,맑음,교차로 - 교차로안,승용,남,74세,상해없음,승용,여,25세,경상
2019072000100226,2019년 7월 20일 11시,토요일,인천광역시 미추홀구 주안동,경상사고,0,0,1,0,차대사람 - 기타,안전운전불이행,건조,맑음,교차로 - 교차로안,승용,남,32세,상해없음,보행자,남,50세,경상
2019072000100227,2019년 7월 20일 11시,토요일,인천광역시 남동구 구월동,중상사고,0,1,1,0,차대차 - 정면충돌,중앙선침범,건조,맑음,단일로 - 기타,승용,남,20세,상해없음,승용,남,37세,중상
2019072000100228,2019년 7월 20일 11시,토요일,인천광역시 남동구 간석동,경상사고,0,0,1,0,차대차 - 기타,안전운전불이행,건조,맑음,교차로 - 교차로부근,승합,남,56세,상해없음,승용,남,33세,경상
2019072000100229,2019년 7월 20일 11시,토요일,인천광역시 서구 가정동,경상사고,0,0,1,0,차대차 - 기타,차로위반,건조,맑음,단일로 - 기타,승용,여,32세,상해없음,승용,여,58세,경상
2019072000100266,2019년 7월 20일 12시,토요일,인천광역시 부평구 부평동,경상사고,0,0,2,0,차대차 - 추돌,안전운전불이행,건조,맑음,교차로 - 교차로부근,화물,남,26세,상해없음,승용,남,35세,경상
2019072000100267,2019년 7월 20일 12시,토요일,인천광역시 남동구 구월동,경상사고,0,0,3,0,차대차 - 측면충돌,교차로운행방법위반,건조,맑음,교차로 - 교차로안,승용,남,27세,상해없음,승용,남,36세,경상
2019072000100268,2019년 7월 20일 12시,토요일,인천광역시 계양구 계산동,중상사고,0,1,0,0,차대사람 - 차도통행중,안전운전불이행,건조,흐림,단일로 - 기타,승용,여,29세,상해없음,보행자,여,82세,중상
2019072000100307,2019년 7월 20일 13시,토요일,인천광역시 남동구 구월동,경상사고,0,0,1,0,차대차 - 추돌,안전거리미확보,건조,맑음,교차로 - 교차로부근,승용,남,30세,상해없음,승용,남,35세,상해없음
2019072000100349,2019년 7월 20일 14시,토요일,인천광역시 남동구 구월동,경상사고,0,0,3,0,차대차 - 측면충돌,안전거리미확보,건조,흐림,단일로 - 기타,승용,여,57세,상해없음,승용,남,21세,경상
2019072000100374,2019년 7월 20일 15시,토요일,인천광역시 미추홀구 주안동,경상사고,0,0,1,0,차대차 - 측면충돌,안전운전불이행,건조,흐림,단일로 - 기타,승용,여,25세,상해없음,승용,여,44세,경상
2019072000100375,2019년 7월 20일 15시,토요일,인천광역시 부평구 십정동,경상사고,0,0,1,0,차대차 - 측면충돌,안전운전불이행,건조,맑음,교차로 - 교차로안,승용,여,55세,상해없음,승용,여,49세,경상
2019072000100406,2019년 7월 20일 16시,토요일,인천광역시 중구 중산동,경상사고,0,0,1,0,차대사람 - 기타,안전운전불이행,건조,맑음,단일로 - 기타,승합,남,47세,상해없음,보행자,여,32세,경상
2019072000100407,2019년 7월 20일 16시,토요일,인천광역시 남동구 도림동,경상사고,0,0,3,0,차대차 - 기타,안전운전불이행,건조,맑음,단일로 - 기타,화물,남,37세,상해없음,승용,여,29세,경상
2019072000100433,2019년 7월 20일 17시,토요일,인천광역시 남동구 남촌동,경상사고,0,0,1,0,차대차 - 기타,안전운전불이행,젖음/습기,흐림,교차로 - 교차로부근,승용,남,41세,상해없음,자전거,남,47세,경상
2019072000100434,2019년 7월 20일 17시,토요일,인천광역시 남동구 장수동,경상사고,0,0,2,0,차대차 - 측면충돌,안전거리미확보,건조,맑음,단일로 - 기타,승용,남,59세,상해없음,승용,남,56세,경상
2019072000100495,2019년 7월 20일 19시,토요일,인천광역시 서구 청라동,경상사고,0,0,2,0,차대차 - 기타,과속,건조,맑음,교차로 - 교차로안,승용,남,35세,경상,승용,남,26세,경상
2019072000100496,2019년 7월 20일 19시,토요일,인천광역시 서구 심곡동,경상사고,0,0,1,0,차대차 - 기타,안전운전불이행,건조,맑음,교차로 - 교차로부근,승용,남,31세,기타불명,화물,남,60세,경상
2019072000100610,2019년 7월 20일 22시,토요일,인천광역시 미추홀구 학익동,경상사고,0,0,5,0,차대차 - 추돌,안전운전불이행,건조,맑음,교차로 - 교차로부근,승용,여,55세,상해없음,승용,남,47세,경상
2019072000100611,2019년 7월 20일 22시,토요일,인천광역시 부평구 부개동,경상사고,0,0,1,0,차대차 - 기타,안전운전불이행,건조,맑음,단일로 - 기타,승용,여,44세,상해없음,자전거,남,47세,경상
2019072000100642,2019년 7월 20일 23시,토요일,인천광역시 남동구 논현동,경상사고,0,0,1,0,차대차 - 추돌,안전운전불이행,건조,맑음,단일로 - 기타,이륜,남,18세,경상,승용,남,33세,상해없음
2019072100100032,2019년 7월 21일 00시,일요일,인천광역시 중구 운서동,경상사고,0,0,3,0,차대차 - 추돌,안전운전불이행,건조,맑음,교차로 - 교차로부근,승용,남,61세,상해없음,승용,여,27세,경상
2019072100100056,2019년 7월 21일 01시,일요일,인천광역시 미추홀구 주안동,경상사고,0,0,1,0,차대사람 - 횡단중,안전운전불이행,젖음/습기,비,교차로 - 교차로부근,승용,남,24세,상해없음,보행자,남,26세,경상
2019072100100087,2019년 7월 21일 03시,일요일,인천광역시 미추홀구 주안동,경상사고,0,0,3,0,차대차 - 측면충돌,신호위반,침수,비,교차로 - 교차로안,승합,남,26세,상해없음,승용,남,55세,경상
2019072100100088,2019년 7월 21일 03시,일요일,인천광역시 남동구 간석동,경상사고,0,0,3,0,차대차 - 측면충돌,신호위반,젖음/습기,비,교차로 - 교차로안,이륜,남,18세,경상,승용,남,58세,경상
2019072100100110,2019년 7월 21일 05시,일요일,인천광역시 부평구 일신동,사망사고,1,0,1,0,차대차 - 기타,안전운전불이행,젖음/습기,비,단일로 - 교량,화물,남,52세,사망,승용,남,66세,상해없음
2019072100100122,2019년 7월 21일 06시,일요일,인천광역시 부평구 구산동,경상사고,0,0,1,0,차대차 - 추돌,안전거리미확보,젖음/습기,비,단일로 - 교량,승용,남,43세,상해없음,승용,남,33세,경상
2019072100100147,2019년 7월 21일 08시,일요일,인천광역시 동구 금곡동,경상사고,0,0,1,0,차대차 - 정면충돌,기타,젖음/습기,비,교차로 - 교차로부근,승용,남,25세,상해없음,승용,여,59세,경상
2019072100100158,2019년 7월 21일 09시,일요일,인천광역시 계양구 계산동,경상사고,0,0,3,0,차대차 - 추돌,안전운전불이행,건조,흐림,기타 - 기타,승용,여,19세,상해없음,승용,남,33세,경상
2019072100100195,2019년 7월 21일 11시,일요일,인천광역시 연수구 연수동,경상사고,0,0,1,0,차대차 - 측면충돌,교차로운행방법위반,건조,맑음,교차로 - 교차로안,승용,여,28세,상해없음,이륜,남,58세,경상
2019072100100246,2019년 7월 21일 13시,일요일,인천광역시 남동구 운연동,경상사고,0,0,2,0,차대차 - 추돌,안전운전불이행,젖음/습기,비,교차로 - 교차로부근,승용,여,58세,상해없음,승용,남,27세,경상
2019072100100273,2019년 7월 21일 14시,일요일,인천광역시 미추홀구 학익동,경상사고,0,0,1,0,차대차 - 기타,차로위반,건조,맑음,교차로 - 교차로부근,승용,남,29세,상해없음,승합,남,46세,상해없음
2019072100100274,2019년 7월 21일 14시,일요일,인천광역시 남동구 구월동,경상사고,0,0,2,0,차대차 - 정면충돌,안전운전불이행,건조,맑음,교차로 - 교차로안,승용,남,27세,상해없음,승용,남,65세,경상
2019072100100301,2019년 7월 21일 15시,일요일,인천광역시 서구 가정동,경상사고,0,0,2,0,차대차 - 측면충돌,신호위반,건조,맑음,교차로 - 교차로안,승용,남,46세,상해없음,승용,남,26세,경상
2019072100100333,2019년 7월 21일 16시,일요일,인천광역시 부평구 청천동,경상사고,0,0,1,0,차대사람 - 차도통행중,안전운전불이행,건조,맑음,단일로 - 기타,화물,남,66세,상해없음,보행자,여,41세,경상
2019072100100334,2019년 7월 21일 16시,일요일,인천광역시 남동구 논현동,경상사고,0,0,1,0,차대차 - 추돌,안전운전불이행,건조,맑음,단일로 - 기타,승용,남,49세,상해없음,승용,여,41세,경상
2019072100100361,2019년 7월 21일 17시,일요일,인천광역시 중구 항동7가,경상사고,0,0,1,0,차대차 - 측면충돌,안전거리미확보,건조,맑음,교차로 - 교차로안,승용,여,31세,상해없음,승용,남,35세,경상
2019072100100362,2019년 7월 21일 17시,일요일,인천광역시 서구 가좌동,경상사고,0,0,4,0,차대차 - 측면충돌,안전운전불이행,건조,맑음,단일로 - 기타,승용,남,62세,경상,승용,남,32세,경상
2019072100100383,2019년 7월 21일 18시,일요일,인천광역시 부평구 갈산동,경상사고,0,0,1,0,차대사람 - 차도통행중,안전운전불이행,건조,맑음,교차로 - 교차로안,승용,남,29세,상해없음,보행자,여,77세,경상
2019072100100409,2019년 7월 21일 19시,일요일,인천광역시 서구 청라동,경상사고,0,0,2,0,차대차 - 측면충돌,신호위반,건조,맑음,교차로 - 교차로부근,승용,남,33세,상해없음,승용,남,35세,경상
2019072100100410,2019년 7월 21일 19시,일요일,인천광역시 계양구 서운동,경상사고,0,0,1,0,차대차 - 측면충돌,안전운전불이행,건조,흐림,단일로 - 기타,승용,남,54세,상해없음,자전거,남,52세,경상
2019072100100440,2019년 7월 21일 20시,일요일,인천광역시 부평구 산곡동,중상사고,0,2,1,0,차대차 - 추돌,안전운전불이행,건조,맑음,교차로 - 교차로부근,승용,남,59세,상해없음,승용,남,56세,중상
2019072100100467,2019년 7월 21일 21시,일요일,인천광역시 남동구 만수동,경상사고,0,0,1,0,차대차 - 기타,기타,건조,맑음,단일로 - 기타,화물,남,43세,상해없음,개인형이동수단(PM),남,40세,경상
2019072100100468,2019년 7월 21일 21시,일요일,인천광역시 계양구 작전동,경상사고,0,0,2,0,차대차 - 측면충돌,안전운전불이행,젖음/습기,흐림,단일로 - 기타,승용,남,37세,상해없음,승용,남,23세,경상
2019072200100052,2019년 7월 22일 02시,월요일,인천광역시 미추홀구 주안동,부상신고사고,0,0,0,1,차대차 - 측면충돌,안전운전불이행,젖음/습기,비,단일로 - 기타,승용,남,35세,기타불명,승용,남,50세,부상신고
2019072200100101,2019년 7월 22일 07시,월요일,인천광역시 중구 운서동,경상사고,0,0,3,0,차대사람 - 차도통행중,안전운전불이행,건조,맑음,단일로 - 기타,승용,남,59세,상해없음,보행자,여,55세,경상
2019072200100102,2019년 7월 22일 07시,월요일,인천광역시 서구 심곡동,경상사고,0,0,1,0,차대차 - 기타,안전운전불이행,건조,흐림,단일로 - 기타,승용,여,45세,상해없음,승용,남,37세,경상
2019072200100147,2019년 7월 22일 08시,월요일,인천광역시 미추홀구 용현동,경상사고,0,0,1,0,차대차 - 측면충돌,안전운전불이행,건조,맑음,단일로 - 기타,승용,남,46세,상해없음,승용,여,41세,경상
2019072200100148,2019년 7월 22일 08시,월요일,인천광역시 남동구 논현동,중상사고,0,1,0,0,차대차 - 측면충돌,안전운전불이행,건조,맑음,단일로 - 기타,이륜,남,67세,중상,화물,남,56세,상해없음
2019072200100220,2019년 7월 22일 10시,월요일,인천광역시 남동구 구월동,경상사고,0,0,1,0,차대사람 - 기타,신호위반,건조,맑음,단일로 - 기타,승용,남,70세,상해없음,보행자,남,31세,경상
2019072200100221,2019년 7월 22일 10시,월요일,인천광역시 서구 가정동,사망사고,1,0,0,0,차대사람 - 차도통행중,안전운전불이행,건조,맑음,교차로 - 교차로부근,화물,남,42세,상해없음,보행자,여,88세,사망
2019072200100222,2019년 7월 22일 10시,월요일,인천광역시 부평구 부평동,경상사고,0,0,1,0,차대차 - 기타,교차로운행방법위반,건조,맑음,단일로 - 기타,승용,여,59세,상해없음,이륜,남,33세,경상
2019072200100258,2019년 7월 22일 11시,월요일,인천광역시 미추홀구 용현동,부상신고사고,0,0,0,1,차대사람 - 횡단중,안전운전불이행,건조,맑음,교차로 - 교차로부근,승용,남,64세,상해없음,보행자,남,61세,부상신고
2019072200100259,2019년 7월 22일 11시,월요일,인천광역시 남동구 구월동,중상사고,0,1,0,0,차대차 - 추돌,안전운전불이행,건조,맑음,기타 - 기타,기타불명,기타불명,미분류,기타불명,승용,여,51세,중상
2019072200100260,2019년 7월 22일 11시,월요일,인천광역시 계양구 계산동,부상신고사고,0,0,0,1,차대차 - 측면충돌,교차로운행방법위반,건조,흐림,교차로 - 교차로부근,자전거,남,78세,부상신고,승합,남,59세,상해없음
2019072200100293,2019년 7월 22일 12시,월요일,인천광역시 중구 신흥동1가,경상사고,0,0,1,0,차대차 - 후진중충돌,안전운전불이행,건조,맑음,단일로 - 기타,승용,남,56세,상해없음,승용,남,66세,경상
2019072200100347,2019년 7월 22일 13시,월요일,인천광역시 서구 가정동,경상사고,0,0,1,0,차대차 - 측면충돌,안전운전불이행,건조,맑음,교차로 - 교차로안,승용,남,58세,상해없음,승용,여,47세,경상
2019072200100382,2019년 7월 22일 14시,월요일,인천광역시 부평구 부평동,중상사고,0,1,0,0,차대차 - 측면충돌,안전거리미확보,건조,맑음,교차로 - 교차로안,승용,남,26세,상해없음,이륜,남,18세,중상
2019072200100422,2019년 7월 22일 15시,월요일,인천광역시 강화군 강화읍,중상사고,0,1,0,0,차대사람 - 길가장자리구역통행중,기타,건조,맑음,기타 - 기타,승용,여,44세,상해없음,보행자,여,84세,중상
2019072200100463,2019년 7월 22일 16시,월요일,인천광역시 서구 청라동,경상사고,0,0,1,0,차대사람 - 기타,신호위반,건조,맑음,교차로 - 교차로횡단보도내,승합,남,65세,상해없음,보행자,남,8세,경상
2019072200100518,2019년 7월 22일 17시,월요일,인천광역시 미추홀구 주안동,경상사고,0,0,1,0,차대사람 - 차도통행중,안전운전불이행,건조,맑음,단일로 - 기타,승용,여,49세,상해없음,보행자,여,47세,경상
2019072200100519,2019년 7월 22일 17시,월요일,인천광역시 남동구 간석동,경상사고,0,0,2,0,차대차 - 추돌,안전운전불이행,건조,맑음,교차로 - 교차로부근,승용,여,63세,상해없음,승용,남,53세,경상
2019072200100520,2019년 7월 22일 17시,월요일,인천광역시 강화군 길상면,경상사고,0,0,1,0,차대차 - 측면충돌,교차로운행방법위반,건조,맑음,교차로 - 교차로안,승용,여,68세,상해없음,승용,여,46세,경상
2019072200100521,2019년 7월 22일 17시,월요일,인천광역시 부평구 부개동,경상사고,0,0,1,0,차대차 - 측면충돌,신호위반,건조,맑음,교차로 - 교차로횡단보도내,승용,여,75세,상해없음,자전거,여,17세,경상
2019072200100621,2019년 7월 22일 19시,월요일,인천광역시 남동구 구월동,경상사고,0,0,1,0,차대사람 - 기타,보행자보호의무위반,건조,맑음,교차로 - 교차로횡단보도내,승용,여,26세,상해없음,보행자,여,29세,경상
2019072200100622,2019년 7월 22일 19시,월요일,인천광역시 계양구 효성동,경상사고,0,0,1,0,차대차 - 측면충돌,신호위반,건조,맑음,교차로 - 교차로안,승용,여,37세,상해없음,승용,남,58세,경상
2019072200100653,2019년 7월 22일 20시,월요일,인천광역시 계양구 작전동,경상사고,0,0,2,0,차대차 - 측면충돌,안전거리미확보,건조,맑음,단일로 - 기타,승용,남,22세,상해없음,승용,남,26세,경상
2019072200100688,2019년 7월 22일 21시,월요일,인천광역시 서구 청라동,경상사고,0,0,1,0,차대차 - 기타,안전운전불이행,건조,맑음,교차로 - 교차로부근,이륜,남,32세,경상,승용,여,31세,상해없음
2019072200100689,2019년 7월 22일 21시,월요일,인천광역시 남동구 서창동,중상사고,0,1,0,0,차대차 - 정면충돌,신호위반,건조,맑음,교차로 - 교차로안,승용,남,59세,상해없음,자전거,남,16세,중상
2019072200100736,2019년 7월 22일 23시,월요일,인천광역시 미추홀구 주안동,경상사고,0,0,3,0,차대차 - 측면충돌,안전운전불이행,건조,맑음,교차로 - 교차로안,승용,여,59세,상해없음,승용,여,37세,경상
2019072200100737,2019년 7월 22일 23시,월요일,인천광역시 남동구 도림동,경상사고,0,0,1,0,차대차 - 측면충돌,안전거리미확보,건조,맑음,단일로 - 기타,승용,남,26세,상해없음,승합,남,64세,상해없음
2019072300100031,2019년 7월 23일 00시,화요일,인천광역시 남동구 간석동,중상사고,0,1,0,0,차대사람 - 횡단중,중앙선침범,건조,흐림,교차로 - 교차로부근,승용,남,25세,상해없음,보행자,여,65세,중상
2019072300100046,2019년 7월 23일 01시,화요일,인천광역시 서구 청라동,중상사고,0,1,2,0,차대사람 - 기타,안전운전불이행,건조,맑음,단일로 - 기타,화물,남,55세,상해없음,보행자,여,30세,경상
2019072300100047,2019년 7월 23일 01시,화요일,인천광역시 계양구 효성동,경상사고,0,0,1,0,차대차 - 측면충돌,안전운전불이행,건조,맑음,교차로 - 교차로부근,승용,남,40세,상해없음,자전거,남,59세,경상
2019072300100063,2019년 7월 23일 02시,화요일,인천광역시 서구 신현동,중상사고,0,1,0,0,차량단독 - 기타,안전운전불이행,건조,맑음,교차로 - 교차로부근,이륜,남,17세,기타불명,,,,
2019072300100077,2019년 7월 23일 04시,화요일,인천광역시 미추홀구 주안동,경상사고,0,0,1,0,차대사람 - 보도통행중,중앙선침범,건조,맑음,교차로 - 교차로부근,화물,남,34세,상해없음,보행자,남,40세,경상
2019072300100181,2019년 7월 23일 09시,화요일,인천광역시 서구 경서동,경상사고,0,0,1,0,차대차 - 측면충돌,안전운전불이행,건조,맑음,단일로 - 기타,승용,여,54세,상해없음,승용,여,48세,경상
2019072300100182,2019년 7월 23일 09시,화요일,인천광역시 서구 마전동,경상사고,0,0,5,0,차대차 - 기타,안전운전불이행,건조,맑음,교차로 - 교차로안,승용,여,34세,경상,승합,여,64세,경상
2019072300100209,2019년 7월 23일 10시,화요일,인천광역시 남동구 간석동,경상사고,0,0,1,0,차대사람 - 기타,안전운전불이행,건조,맑음,단일로 - 기타,승용,남,40세,상해없음,보행자,여,33세,경상
2019072300100210,2019년 7월 23일 10시,화요일,인천광역시 부평구 삼산동,경상사고,0,0,1,0,차대차 - 측면충돌,안전운전불이행,건조,맑음,교차로 - 교차로안,승용,남,67세,상해없음,화물,남,26세,경상
2019072300100314,2019년 7월 23일 13시,화요일,인천광역시 남동구 구월동,경상사고,0,0,2,0,차대차 - 측면충돌,교차로운행방법위반,건조,맑음,단일로 - 기타,승용,여,52세,경상,승용,남,34세,경상
2019072300100358,2019년 7월 23일 14시,화요일,인천광역시 미추홀구 숭의동,경상사고,0,0,1,0,차대차 - 추돌,안전운전불이행,건조,맑음,단일로 - 기타,승용,남,39세,상해없음,승용,여,34세,경상
2019072300100396,2019년 7월 23일 15시,화요일,인천광역시 중구 신흥동3가,경상사고,0,0,2,0,차대차 - 측면충돌,안전운전불이행,건조,맑음,단일로 - 기타,화물,남,47세,기타불명,승용,남,29세,경상
2019072300100397,2019년 7월 23일 15시,화요일,인천광역시 부평구 부평동,경상사고,0,0,1,0,차대차 - 측면충돌,신호위반,건조,맑음,교차로 - 교차로안,승용,여,34세,상해없음,승용,남,30세,경상
2019072300100437,2019년 7월 23일 16시,화요일,인천광역시 미추홀구 학익동,경상사고,0,0,3,0,차대차 - 추돌,안전운전불이행,건조,맑음,기타 - 기타,화물,남,55세,상해없음,승용,여,32세,경상
2019072300100438,2019년 7월 23일 16시,화요일,인천광역시 부평구 부평동,경상사고,0,0,1,0,차대차 - 측면충돌,안전운전불이행,건조,맑음,단일로 - 기타,화물,남,45세,상해없음,승용,남,33세,경상
2019072300100493,2019년 7월 23일 17시,화요일,인천광역시 남동구 구월동,경상사고,0,0,2,0,차대차 - 추돌,안전운전불이행,건조,맑음,단일로 - 기타,승용,여,72세,상해없음,승용,남,25세,경상
2019072300100494,2019년 7월 23일 17시,화요일,인천광역시 서구 경서동,중상사고,0,1,0,0,차대차 - 기타,안전거리미확보,건조,맑음,교차로 - 교차로안,승용,남,54세,상해없음,이륜,남,44세,중상
2019072300100495,2019년 7월 23일 17시,화요일,인천광역시 남동구 도림동,중상사고,0,1,0,0,차대차 - 추돌,신호위반,건조,맑음,교차로 - 교차로안,승용,남,70세,상해없음,원동기,여,34세,중상
2019072300100496,2019년 7월 23일 17시,화요일,인천광역시 남동구 고잔동,경상사고,0,0,1,0,차대차 - 기타,신호위반,건조,맑음,교차로 - 교차로안,승용,남,60세,상해없음,화물,여,38세,경상