사고번호,사고일시,요일,시군구,사고내용,사망자수,중상자수,경상자수,부상신고자수,사고유형,법규위반,노면상태,기상상태,도로형태,가해운전자 차종,가해운전자 성별,가해운전자 연령,가해운전자 상해정도,피해운전자 차종,피해운전자 성별,피해운전자 연령,피해운전자 상해정도
2019082400100185,2019년 8월 24일 09시,토요일,인천광역시 연수구 송도동,경상사고,0,0,1,0,차대차 - 기타,차로위반,건조,맑음,단일로 - 기타,승용,남,73세,상해없음,승용,남,23세,경상
2019082400100217,2019년 8월 24일 10시,토요일,인천광역시 강화군 선원면,중상사고,0,1,1,0,차대차 - 추돌,교차로운행방법위반,건조,맑음,교차로 - 교차로안,승용,남,73세,경상,승용,여,67세,중상
2019082400100256,2019년 8월 24일 11시,토요일,인천광역시 서구 청라동,경상사고,0,0,4,0,차대차 - 추돌,안전운전불이행,건조,맑음,교차로 - 교차로부근,승용,여,29세,상해없음,승용,남,34세,경상
2019082400100294,2019년 8월 24일 12시,토요일,인천광역시 부평구 부평동,중상사고,0,3,1,0,차대차 - 측면충돌,신호위반,건조,맑음,교차로 - 교차로부근,승용,남,61세,상해없음,승용,여,46세,중상
2019082400100327,2019년 8월 24일 13시,토요일,인천광역시 서구 검암동,중상사고,0,1,0,0,차대사람 - 기타,안전운전불이행,건조,맑음,단일로 - 기타,승용,여,53세,기타불명,보행자,여,13세,중상
2019082400100328,2019년 8월 24일 13시,토요일,인천광역시 부평구 부평동,중상사고,0,1,0,0,차대사람 - 횡단중,보행자보호의무위반,건조,맑음,단일로 - 기타,화물,남,39세,상해없음,보행자,여,64세,중상
2019082400100391,2019년 8월 24일 15시,토요일,인천광역시 남동구 구월동,중상사고,0,1,1,1,차대차 - 기타,교차로운행방법위반,건조,맑음,교차로 - 교차로안,승용,여,51세,부상신고,승용,남,40세,중상
2019082400100425,2019년 8월 24일 16시,토요일,인천광역시 남동구 구월동,경상사고,0,0,1,0,차대사람 - 기타,신호위반,건조,맑음,단일로 - 기타,승용,남,39세,상해없음,보행자,남,71세,경상
2019082400100469,2019년 8월 24일 17시,토요일,인천광역시 미추홀구 주안동,경상사고,0,0,2,0,차대차 - 측면충돌,안전운전불이행,건조,맑음,단일로 - 기타,승용,여,29세,상해없음,승용,남,58세,경상
2019082400100470,2019년 8월 24일 17시,토요일,인천광역시 남동구 구월동,경상사고,0,0,2,0,차대차 - 측면충돌,교차로운행방법위반,건조,맑음,교차로 - 교차로안,승용,남,20세,상해없음,승용,여,58세,경상
2019082400100504,2019년 8월 24일 18시,토요일,인천광역시 부평구 부평동,경상사고,0,0,1,0,차대사람 - 기타,안전운전불이행,건조,맑음,단일로 - 기타,기타불명,기타불명,미분류,기타불명,보행자,여,74세,경상
2019082400100539,2019년 8월 24일 19시,토요일,인천광역시 부평구 부평동,경상사고,0,0,2,0,차대차 - 측면충돌,안전운전불이행,건조,맑음,교차로 - 교차로안,승용,남,34세,상해없음,승용,여,28세,경상
2019082400100540,2019년 8월 24일 19시,토요일,인천광역시 남동구 간석동,중상사고,0,1,2,0,차대차 - 정면충돌,신호위반,건조,맑음,교차로 - 교차로안,승용,남,52세,중상,승용,남,53세,경상
2019082400100568,2019년 8월 24일 20시,토요일,인천광역시 서구 가정동,경상사고,0,0,2,0,차대차 - 측면충돌,안전거리미확보,건조,맑음,단일로 - 기타,승용,남,55세,상해없음,승용,남,42세,경상
2019082400100603,2019년 8월 24일 21시,토요일,인천광역시 중구 운남동,중상사고,0,1,0,0,차대차 - 측면충돌,신호위반,건조,맑음,교차로 - 교차로안,이륜,남,27세,중상,승용,남,27세,상해없음
2019082400100604,2019년 8월 24일 21시,토요일,인천광역시 연수구 송도동,부상신고사고,0,0,0,2,차대사람 - 횡단중,신호위반,건조,맑음,교차로 - 교차로횡단보도내,승용,남,50세,상해없음,보행자,여,23세,부상신고
2019082400100636,2019년 8월 24일 22시,토요일,인천광역시 미추홀구 주안동,경상사고,0,0,1,0,차대차 - 후진중충돌,안전운전불이행,건조,맑음,기타 - 기타,승용,남,45세,상해없음,이륜,남,59세,경상
2019082500100060,2019년 8월 25일 03시,일요일,인천광역시 서구 가정동,경상사고,0,0,4,0,차대차 - 기타,안전운전불이행,건조,맑음,단일로 - 기타,기타불명,기타불명,미분류,기타불명,승용,남,41세,경상
2019082500100069,2019년 8월 25일 04시,일요일,인천광역시 서구 석남동,경상사고,0,0,1,0,차대사람 - 기타,안전운전불이행,건조,맑음,교차로 - 교차로부근,이륜,남,27세,기타불명,보행자,남,30세,경상
2019082500100107,2019년 8월 25일 08시,일요일,인천광역시 부평구 부평동,중상사고,0,1,0,0,차대사람 - 차도통행중,안전운전불이행,건조,맑음,단일로 - 기타,승용,남,45세,상해없음,보행자,남,70세,중상
2019082500100127,2019년 8월 25일 09시,일요일,인천광역시 서구 경서동,경상사고,0,0,1,0,차대차 - 추돌,안전운전불이행,건조,맑음,기타 - 기타,승용,남,32세,상해없음,화물,남,55세,경상
2019082500100207,2019년 8월 25일 12시,일요일,인천광역시 남동구 간석동,중상사고,0,1,1,0,차대차 - 측면충돌,안전운전불이행,건조,맑음,교차로 - 교차로안,이륜,남,34세,중상,승용,남,62세,경상
2019082500100241,2019년 8월 25일 13시,일요일,인천광역시 강화군 강화읍,경상사고,0,0,1,0,차대차 - 측면충돌,교차로운행방법위반,건조,맑음,교차로 - 교차로안,화물,남,73세,상해없음,승합,남,46세,상해없음
2019082500100275,2019년 8월 25일 14시,일요일,인천광역시 부평구 부평동,경상사고,0,0,1,0,차대차 - 추돌,안전운전불이행,건조,맑음,교차로 - 교차로부근,승용,남,78세,상해없음,이륜,남,21세,경상
2019082500100310,2019년 8월 25일 15시,일요일,인천광역시 부평구 부평동,경상사고,0,0,1,0,차대차 - 후진중충돌,안전운전불이행,건조,맑음,단일로 - 기타,승용,남,69세,상해없음,이륜,남,28세,경상
2019082500100311,2019년 8월 25일 15시,일요일,인천광역시 서구 불로동,경상사고,0,0,1,0,차대차 - 측면충돌,안전거리미확보,건조,맑음,교차로 - 교차로부근,승용,여,57세,상해없음,승용,여,47세,경상
2019082500100312,2019년 8월 25일 15시,일요일,인천광역시 강화군 양도면,경상사고,0,0,2,0,차대차 - 정면충돌,중앙선침범,건조,맑음,단일로 - 기타,승용,남,65세,상해없음,승용,여,63세,경상
2019082500100313,2019년 8월 25일 15시,일요일,인천광역시 연수구 송도동,중상사고,0,1,1,0,차대차 - 추돌,안전운전불이행,건조,맑음,교차로 - 교차로부근,승용,여,56세,상해없음,승용,여,52세,경상
2019082500100410,2019년 8월 25일 18시,일요일,인천광역시 서구 심곡동,중상사고,0,1,0,0,차대사람 - 횡단중,안전운전불이행,건조,맑음,기타 - 기타,자전거,남,58세,상해없음,보행자,여,63세,중상
2019082500100411,2019년 8월 25일 18시,일요일,인천광역시 남동구 서창동,중상사고,0,1,0,0,차대차 - 측면충돌,안전운전불이행,건조,맑음,교차로 - 교차로안,승용,남,39세,상해없음,이륜,남,30세,중상
2019082500100444,2019년 8월 25일 19시,일요일,인천광역시 중구 용동,경상사고,0,0,1,0,차대사람 - 차도통행중,안전운전불이행,건조,맑음,교차로 - 교차로부근,승용,남,44세,상해없음,보행자,여,59세,경상
2019082500100483,2019년 8월 25일 20시,일요일,인천광역시 부평구 갈산동,경상사고,0,0,1,0,차대차 - 측면충돌,안전거리미확보,건조,맑음,단일로 - 기타,승용,남,28세,상해없음,승용,남,31세,경상
2019082500100506,2019년 8월 25일 21시,일요일,인천광역시 연수구 옥련동,경상사고,0,0,2,0,차대차 - 후진중충돌,안전운전불이행,건조,맑음,교차로 - 교차로부근,승용,여,33세,상해없음,승용,여,20세,경상
2019082500100523,2019년 8월 25일 22시,일요일,인천광역시 미추홀구 학익동,경상사고,0,0,2,0,차대차 - 측면충돌,안전거리미확보,건조,맑음,교차로 - 교차로부근,승용,남,49세,상해없음,이륜,남,25세,경상
2019082600100078,2019년 8월 26일 05시,월요일,인천광역시 미추홀구 도화동,중상사고,0,1,0,0,차대사람 - 횡단중,보행자보호의무위반,건조,맑음,교차로 - 교차로횡단보도내,승용,여,46세,상해없음,보행자,여,53세,중상
2019082600100098,2019년 8월 26일 06시,월요일,인천광역시 남동구 만수동,중상사고,0,1,0,0,차대사람 - 기타,안전운전불이행,건조,맑음,기타 - 기타,승용,남,56세,상해없음,보행자,여,70세,중상
2019082600100099,2019년 8월 26일 06시,월요일,인천광역시 남동구 구월동,경상사고,0,0,1,0,차대차 - 측면충돌,안전거리미확보,건조,맑음,단일로 - 기타,승용,남,30세,상해없음,승용,남,48세,경상
2019082600100100,2019년 8월 26일 06시,월요일,인천광역시 서구 당하동,경상사고,0,0,1,0,차대차 - 추돌,안전운전불이행,건조,맑음,단일로 - 기타,승합,남,29세,상해없음,승합,남,46세,기타불명
2019082600100169,2019년 8월 26일 08시,월요일,인천광역시 연수구 옥련동,중상사고,0,1,0,0,차대차 - 추돌,안전운전불이행,건조,맑음,단일로 - 기타,승용,남,53세,상해없음,승용,여,42세,중상
2019082600100170,2019년 8월 26일 08시,월요일,인천광역시 남동구 논현동,중상사고,0,1,0,0,차대차 - 측면충돌,신호위반,건조,맑음,교차로 - 교차로안,승용,여,39세,상해없음,승용,남,44세,중상
2019082600100210,2019년 8월 26일 09시,월요일,인천광역시 미추홀구 용현동,경상사고,0,0,1,0,차대차 - 측면충돌,안전운전불이행,건조,맑음,단일로 - 기타,승용,남,81세,상해없음,승용,남,64세,경상
2019082600100211,2019년 8월 26일 09시,월요일,인천광역시 남동구 구월동,부상신고사고,0,0,0,1,차량단독 - 공작물충돌,안전운전불이행,건조,맑음,단일로 - 기타,이륜,남,36세,부상신고,,,,
2019082600100212,2019년 8월 26일 09시,월요일,인천광역시 남동구 만수동,경상사고,0,0,1,0,차대차 - 측면충돌,신호위반,건조,맑음,교차로 - 교차로안,승용,여,34세,상해없음,이륜,남,50세,경상
2019082600100213,2019년 8월 26일 09시,월요일,인천광역시 남동구 고잔동,경상사고,0,0,1,0,차대차 - 측면충돌,안전운전불이행,건조,맑음,단일로 - 기타,승용,남,50세,상해없음,이륜,남,61세,경상
2019082600100294,2019년 8월 26일 11시,월요일,인천광역시 미추홀구 숭의동,중상사고,0,1,0,0,차대사람 - 기타,안전운전불이행,건조,맑음,주차장 - 주차장,승용,여,47세,상해없음,보행자,남,5세,중상
2019082600100295,2019년 8월 26일 11시,월요일,인천광역시 부평구 십정동,경상사고,0,0,1,0,차대차 - 측면충돌,안전운전불이행,건조,맑음,교차로 - 교차로부근,승용,여,58세,상해없음,승용,여,29세,경상
2019082600100397,2019년 8월 26일 14시,월요일,인천광역시 서구 경서동,경상사고,0,0,2,0,차대차 - 측면충돌,신호위반,건조,맑음,교차로 - 교차로안,승용,남,62세,상해없음,승합,남,44세,경상
2019082600100398,2019년 8월 26일 14시,월요일,인천광역시 계양구 병방동,경상사고,0,0,2,0,차대차 - 기타,안전운전불이행,건조,맑음,단일로 - 기타,승용,여,54세,경상,자전거,남,9세,경상
2019082600100492,2019년 8월 26일 16시,월요일,인천광역시 부평구 부평동,경상사고,0,0,1,0,차대사람 - 횡단중,신호위반,건조,맑음,단일로 - 기타,이륜,남,32세,상해없음,보행자,여,33세,경상
2019082600100493,2019년 8월 26일 16시,월요일,인천광역시 강화군 선원면,중상사고,0,1,0,0,차대차 - 측면충돌,안전운전불이행,건조,맑음,단일로 - 기타,승용,남,51세,상해없음,이륜,남,48세,중상
2019082600100535,2019년 8월 26일 17시,월요일,인천광역시 부평구 부평동,경상사고,0,0,1,0,차대사람 - 길가장자리구역통행중,안전운전불이행,건조,맑음,단일로 - 기타,승용,여,43세,상해없음,보행자,남,61세,경상
2019082600100536,2019년 8월 26일 17시,월요일,인천광역시 남동구 간석동,경상사고,0,0,1,0,차대차 - 추돌,안전운전불이행,건조,맑음,단일로 - 기타,승용,여,49세,상해없음,승용,남,27세,경상
2019082600100537,2019년 8월 26일 17시,월요일,인천광역시 서구 가좌동,중상사고,0,1,0,0,차대차 - 추돌,안전운전불이행,건조,맑음,교차로 - 교차로부근,화물,남,57세,상해없음,승용,남,60세,중상
2019082600100572,2019년 8월 26일 18시,월요일,인천광역시 미추홀구 주안동,경상사고,0,0,1,0,차대차 - 기타,교차로운행방법위반,건조,맑음,교차로 - 교차로안,화물,남,52세,상해없음,승용,남,38세,경상
2019082600100573,2019년 8월 26일 18시,월요일,인천광역시 강화군 내가면,경상사고,0,0,2,0,차대차 - 추돌,안전운전불이행,건조,맑음,교차로 - 교차로부근,승용,남,23세,상해없음,승용,남,26세,경상
2019082600100574,2019년 8월 26일 18시,월요일,인천광역시 남동구 고잔동,경상사고,0,0,1,0,차대차 - 기타,중앙선침범,건조,맑음,단일로 - 기타,자전거,남,72세,상해없음,이륜,남,41세,경상
2019082600100648,2019년 8월 26일 20시,월요일,인천광역시 서구 가정동,경상사고,0,0,2,0,차대차 - 기타,안전운전불이행,건조,맑음,기타 - 기타,승용,남,49세,상해없음,승용,남,32세,경상
2019082600100696,2019년 8월 26일 22시,월요일,인천광역시 남동구 구월동,경상사고,0,0,1,0,차대차 - 추돌,안전거리미확보,건조,맑음,교차로 - 교차로부근,승용,남,53세,상해없음,승용,여,36세,경상
2019082600100697,2019년 8월 26일 22시,월요일,인천광역시 서구 심곡동,중상사고,0,1,0,0,차대차 - 측면충돌,기타,건조,맑음,교차로 - 교차로안,이륜,남,19세,기타불명,승용,남,55세,상해없음
2019082600100698,2019년 8월 26일 22시,월요일,인천광역시 서구 가좌동,중상사고,0,1,1,0,차대사람 - 보도통행중,보행자보호의무위반,건조,맑음,교차로 - 교차로부근,승용,남,51세,경상,보행자,남,16세,중상
2019082600100719,2019년 8월 26일 23시,월요일,인천광역시 계양구 용종동,경상사고,0,0,1,0,차대차 - 추돌,안전운전불이행,건조,맑음,교차로 - 교차로부근,승용,남,57세,상해없음,승용,남,51세,경상
2019082700100051,2019년 8월 27일 01시,화요일,인천광역시 미추홀구 주안동,경상사고,0,0,1,0,차대차 - 추돌,안전운전불이행,기타,기타,단일로 - 기타,승용,남,26세,상해없음,승용,남,65세,경상
2019082700100052,2019년 8월 27일 01시,화요일,인천광역시 서구 신현동,부상신고사고,0,0,0,1,차대차 - 기타,기타,젖음/습기,비,단일로 - 기타,이륜,남,25세,부상신고,기타불명,기타불명,미분류,기타불명
2019082700100061,2019년 8월 27일 02시,화요일,인천광역시 남동구 구월동,중상사고,0,1,4,0,차대차 - 측면충돌,신호위반,건조,맑음,교차로 - 교차로안,승용,남,57세,상해없음,승용,남,68세,중상
2019082700100104,2019년 8월 27일 06시,화요일,인천광역시 부평구 청천동,경상사고,0,0,1,0,차대차 - 추돌,안전운전불이행,건조,맑음,교차로 - 교차로안,화물,남,51세,상해없음,승용,여,44세,경상
2019082700100105,2019년 8월 27일 06시,화요일,인천광역시 서구 가정동,경상사고,0,0,2,0,차대차 - 추돌,안전운전불이행,건조,맑음,교차로 - 교차로부근,승용,남,22세,상해없음,승용,남,34세,경상
2019082700100179,2019년 8월 27일 08시,화요일,인천광역시 계양구 계산동,경상사고,0,0,1,0,차량단독 - 기타,기타,건조,맑음,단일로 - 기타,승합,남,52세,기타불명,,,,
2019082700100180,2019년 8월 27일 08시,화요일,인천광역시 남동구 만수동,경상사고,0,0,1,0,차대차 - 측면충돌,신호위반,건조,맑음,교차로 - 교차로안,승용,남,70세,상해없음,승용,여,36세,경상
2019082700100277,2019년 8월 27일 11시,화요일,인천광역시 남동구 간석동,중상사고,0,1,0,0,차대차 - 측면충돌,신호위반,건조,맑음,교차로 - 교차로횡단보도내,승합,남,60세,상해없음,이륜,남,79세,중상
2019082700100333,2019년 8월 27일 13시,화요일,인천광역시 옹진군 덕적면,중상사고,0,1,0,0,차량단독 - 공작물충돌,안전운전불이행,건조,맑음,단일로 - 기타,원동기,남,57세,중상,,,,
2019082700100368,2019년 8월 27일 14시,화요일,인천광역시 부평구 부평동,중상사고,0,1,0,0,차대차 - 기타,교차로운행방법위반,건조,맑음,단일로 - 기타,승용,남,63세,상해없음,이륜,남,36세,중상
2019082700100369,2019년 8월 27일 14시,화요일,인천광역시 남동구 만수동,중상사고,0,1,1,0,차대차 - 측면충돌,신호위반,건조,맑음,교차로 - 교차로안,승용,여,61세,상해없음,승용,남,57세,경상
2019082700100412,2019년 8월 27일 15시,화요일,인천광역시 남동구 간석동,중상사고,0,1,0,0,차대차 - 기타,안전거리미확보,건조,맑음,교차로 - 교차로부근,승용,여,57세,상해없음,승용,남,54세,중상
2019082700100413,2019년 8월 27일 15시,화요일,인천광역시 중구 운북동,부상신고사고,0,0,0,1,차대차 - 측면충돌,안전운전불이행,건조,맑음,단일로 - 기타,화물,남,40세,상해없음,승용,남,39세,부상신고
2019082700100444,2019년 8월 27일 16시,화요일,인천광역시 계양구 계산동,경상사고,0,0,2,0,차대차 - 추돌,안전운전불이행,건조,맑음,단일로 - 기타,승용,남,57세,상해없음,승용,남,55세,경상
2019082700100445,2019년 8월 27일 16시,화요일,인천광역시 계양구 계산동,경상사고,0,0,1,0,차대사람 - 보도통행중,안전운전불이행,건조,맑음,교차로 - 교차로안,승용,여,57세,기타불명,보행자,여,42세,경상
2019082700100487,2019년 8월 27일 17시,화요일,인천광역시 서구 청라동,중상사고,0,1,0,0,차대사람 - 횡단중,보행자보호의무위반,건조,맑음,교차로 - 교차로횡단보도내,승용,여,25세,상해없음,보행자,여,74세,중상
2019082700100609,2019년 8월 27일 20시,화요일,인천광역시 계양구 임학동,경상사고,0,0,1,0,차대차 - 기타,안전운전불이행,건조,맑음,단일로 - 기타,승용,남,59세,상해없음,이륜,남,32세,경상
2019082700100610,2019년 8월 27일 20시,화요일,인천광역시 연수구 송도동,중상사고,0,1,0,0,차대차 - 측면충돌,안전거리미확보,건조,맑음,단일로 - 기타,승용,남,20세,상해없음,승용,남,34세,중상
2019082700100670,2019년 8월 27일 23시,화요일,인천광역시 중구 율목동,부상신고사고,0,0,0,1,차대차 - 측면충돌,안전운전불이행,건조,맑음,교차로 - 교차로안,기타불명,기타불명,미분류,기타불명,이륜,남,38세,부상신고
2019082700100671,2019년 8월 27일 23시,화요일,인천광역시 서구 가정동,경상사고,0,0,1,0,차대차 - 기타,신호위반,건조,맑음,교차로 - 교차로안,이륜,남,18세,상해없음,승용,남,52세,경상
2019082800100045,2019년 8월 28일 01시,수요일,인천광역시 미추홀구 도화동,경상사고,0,0,1,0,차대사람 - 횡단중,보행자보호의무위반,건조,맑음,교차로 - 교차로횡단보도내,승용,여,54세,상해없음,보행자,남,36세,경상
2019082800100084,2019년 8월 28일 06시,수요일,인천광역시 중구 운서동,중상사고,0,2,1,0,차대차 - 측면충돌,신호위반,건조,맑음,교차로 - 교차로안,승용,남,22세,상해없음,승용,남,40세,중상
2019082800100108,2019년 8월 28일 07시,수요일,인천광역시 남동구 구월동,경상사고,0,0,2,0,차대차 - 측면충돌,과속,건조,맑음,교차로 - 교차로부근,승용,남,53세,상해없음,승용,여,37세,상해없음
2019082800100154,2019년 8월 28일 08시,수요일,인천광역시 부평구 산곡동,사망사고,1,0,0,1,차대사람 - 기타,안전운전불이행,건조,맑음,기타 - 기타,자전거,남,25세,사망,보행자,남,8세,부상신고
2019082800100192,2019년 8월 28일 09시,수요일,인천광역시 남동구 간석동,경상사고,0,0,1,0,차대사람 - 기타,안전운전불이행,건조,맑음,단일로 - 기타,승용,남,33세,상해없음,보행자,여,23세,경상
2019082800100193,2019년 8월 28일 09시,수요일,인천광역시 계양구 계산동,경상사고,0,0,1,0,차대차 - 측면충돌,안전운전불이행,건조,맑음,교차로 - 교차로부근,승용,여,44세,상해없음,승용,남,32세,경상
2019082800100194,2019년 8월 28일 09시,수요일,인천광역시 부평구 구산동,중상사고,0,1,0,0,차대차 - 추돌,안전운전불이행,건조,맑음,단일로 - 기타,승용,남,47세,중상,승용,여,46세,상해없음
2019082800100224,2019년 8월 28일 10시,수요일,인천광역시 미추홀구 숭의동,중상사고,0,1,0,0,차대차 - 측면충돌,신호위반,건조,맑음,교차로 - 교차로부근,화물,남,39세,상해없음,이륜,여,43세,중상
2019082800100225,2019년 8월 28일 10시,수요일,인천광역시 남동구 만수동,중상사고,0,1,0,0,차대차 - 측면충돌,교차로운행방법위반,건조,맑음,교차로 - 교차로안,승용,여,34세,상해없음,승용,여,54세,중상
2019082800100254,2019년 8월 28일 11시,수요일,인천광역시 남동구 구월동,경상사고,0,0,1,0,차대차 - 기타,안전운전불이행,건조,맑음,교차로 - 교차로부근,승합,남,59세,상해없음,승용,여,32세,경상
2019082800100255,2019년 8월 28일 11시,수요일,인천광역시 강화군 삼산면,경상사고,0,0,1,0,차대차 - 정면충돌,안전운전불이행,건조,맑음,단일로 - 기타,화물,남,46세,상해없음,승합,남,59세,경상
2019082800100281,2019년 8월 28일 12시,수요일,인천광역시 미추홀구 관교동,경상사고,0,0,1,0,차대차 - 측면충돌,신호위반,건조,맑음,기타 - 기타,승용,여,45세,상해없음,화물,남,49세,경상
2019082800100282,2019년 8월 28일 12시,수요일,인천광역시 남동구 구월동,중상사고,0,1,0,0,차대차 - 기타,기타,건조,맑음,교차로 - 교차로부근,승용,남,60세,상해없음,이륜,남,54세,중상
2019082800100309,2019년 8월 28일 13시,수요일,인천광역시 미추홀구 주안동,부상신고사고,0,0,0,1,차대차 - 기타,안전운전불이행,건조,맑음,단일로 - 기타,승용,남,44세,상해없음,이륜,남,39세,부상신고
2019082800100310,2019년 8월 28일 13시,수요일,인천광역시 서구 불로동,중상사고,0,1,0,0,차대사람 - 횡단중,보행자보호의무위반,건조,맑음,단일로 - 기타,건설기계,남,45세,상해없음,보행자,남,66세,중상
2019082800100311,2019년 8월 28일 13시,수요일,인천광역시 계양구 용종동,경상사고,0,0,1,0,차대차 - 측면충돌,안전운전불이행,건조,맑음,교차로 - 교차로부근,승용,여,43세,상해없음,화물,남,45세,경상
2019082800100348,2019년 8월 28일 14시,수요일,인천광역시 부평구 부평동,경상사고,0,0,1,0,차대사람 - 횡단중,기타,건조,맑음,기타 - 기타,화물,남,59세,상해없음,보행자,남,59세,경상
2019082800100418,2019년 8월 28일 16시,수요일,인천광역시 중구 항동7가,중상사고,0,1,1,0,차대차 - 측면충돌,안전운전불이행,건조,맑음,단일로 - 기타,화물,남,48세,상해없음,승용,여,36세,중상
2019082800100419,2019년 8월 28일 16시,수요일,인천광역시 계양구 작전동,경상사고,0,0,1,0,차대차 - 측면충돌,차로위반,건조,맑음,단일로 - 기타,승용,여,37세,상해없음,승용,여,51세,경상
2019082800100453,2019년 8월 28일 17시,수요일,인천광역시 계양구 작전동,경상사고,0,0,1,0,차대사람 - 횡단중,신호위반,건조,맑음,교차로 - 교차로횡단보도내,이륜,남,18세,상해없음,보행자,여,58세,경상
2019082800100454,2019년 8월 28일 17시,수요일,인천광역시 남동구 서창동,경상사고,0,0,1,0,차대차 - 측면충돌,안전운전불이행,건조,맑음,교차로 - 교차로횡단보도내,승용,남,22세,상해없음,이륜,남,19세,경상
2019082800100507,2019년 8월 28일 18시,수요일,인천광역시 서구 가정동,경상사고,0,0,1,0,차대차 - 추돌,안전운전불이행,건조,맑음,교차로 - 교차로부근,승용,여,38세,상해없음,승용,남,25세,경상
2019082800100508,2019년 8월 28일 18시,수요일,인천광역시 계양구 임학동,경상사고,0,0,1,0,차대사람 - 횡단중,보행자보호의무위반,건조,맑음,교차로 - 교차로횡단보도내,화물,남,37세,상해없음,보행자,남,73세,경상
2019082800100558,2019년 8월 28일 19시,수요일,인천광역시 부평구 부평동,중상사고,0,1,0,0,차대차 - 기타,안전운전불이행,건조,맑음,교차로 - 교차로안,승용,남,55세,상해없음,승용,여,38세,중상
2019082800100603,2019년 8월 28일 21시,수요일,인천광역시 중구 운남동,경상사고,0,0,2,0,차대차 - 측면충돌,신호위반,건조,맑음,교차로 - 교차로안,화물,남,60세,상해없음,승합,남,67세,경상
2019082800100604,2019년 8월 28일 21시,수요일,인천광역시 남동구 구월동,경상사고,0,0,2,0,차대차 - 측면충돌,중앙선침범,건조,맑음,단일로 - 기타,승용,여,56세,상해없음,화물,남,33세,경상
2019082800100627,2019년 8월 28일 22시,수요일,인천광역시 부평구 십정동,경상사고,0,0,1,0,차대사람 - 차도통행중,안전운전불이행,건조,맑음,단일로 - 기타,승용,여,35세,상해없음,보행자,남,53세,경상
2019082800100628,2019년 8월 28일 22시,수요일,인천광역시 계양구 작전동,경상사고,0,0,1,0,차대차 - 측면충돌,안전거리미확보,건조,맑음,단일로 - 기타,승용,남,58세,상해없음,승용,남,45세,경상
2019082800100629,2019년 8월 28일 22시,수요일,인천광역시 연수구 청학동,중상사고,0,1,0,0,차대차 - 측면충돌,안전운전불이행,건조,맑음,교차로 - 교차로부근,승합,남,60세,상해없음,승용,남,63세,상해없음
2019082900100036,2019년 8월 29일 00시,목요일,인천광역시 서구 금곡동,경상사고,0,0,1,0,차대차 - 측면충돌,신호위반,건조,맑음,교차로 - 교차로안,승용,남,65세,상해없음,승용,남,45세,경상
2019082900100037,2019년 8월 29일 00시,목요일,인천광역시 서구 가좌동,중상사고,0,1,0,0,차대차 - 기타,안전운전불이행,건조,맑음,단일로 - 기타,승용,남,63세,상해없음,이륜,남,23세,중상
2019082900100038,2019년 8월 29일 00시,목요일,인천광역시 계양구 계산동,부상신고사고,0,0,0,1,차대사람 - 보도통행중,안전운전불이행,건조,맑음,기타 - 기타,승용,남,68세,상해없음,보행자,남,30세,부상신고
2019082900100056,2019년 8월 29일 03시,목요일,인천광역시 계양구 작전동,중상사고,0,1,0,0,차대사람 - 차도통행중,안전운전불이행,건조,맑음,교차로 - 교차로부근,화물,남,31세,상해없음,보행자,여,24세,중상
2019082900100090,2019년 8월 29일 07시,목요일,인천광역시 서구 가좌동,부상신고사고,0,0,0,1,차대차 - 측면충돌,안전거리미확보,건조,맑음,교차로 - 교차로횡단보도내,자전거,남,39세,부상신고,화물,남,62세,상해없음
2019082900100130,2019년 8월 29일 08시,목요일,인천광역시 계양구 작전동,중상사고,0,1,2,0,차대차 - 측면충돌,신호위반,건조,흐림,교차로 - 교차로안,이륜,남,40세,중상,승용,여,53세,경상
2019082900100131,2019년 8월 29일 08시,목요일,인천광역시 연수구 선학동,경상사고,0,0,1,0,차대차 - 측면충돌,안전거리미확보,건조,맑음,단일로 - 기타,승용,여,23세,상해없음,승용,남,34세,경상
2019082900100132,2019년 8월 29일 08시,목요일,인천광역시 부평구 갈산동,경상사고,0,0,1,0,차대차 - 측면충돌,안전거리미확보,건조,맑음,단일로 - 기타,승용,남,28세,상해없음,승용,여,51세,경상
2019082900100214,2019년 8월 29일 11시,목요일,인천광역시 계양구 작전동,중상사고,0,1,0,0,차대차 - 기타,신호위반,젖음/습기,비,단일로 - 기타,승용,남,28세,상해없음,자전거,여,53세,중상
2019082900100250,2019년 8월 29일 12시,목요일,인천광역시 부평구 청천동,경상사고,0,0,2,0,차량단독 - 공작물충돌,안전운전불이행,젖음/습기,비,단일로 - 기타,승합,남,54세,상해없음,,,,
2019082900100311,2019년 8월 29일 14시,목요일,인천광역시 남동구 구월동,경상사고,0,0,1,0,차대사람 - 횡단중,안전운전불이행,건조,맑음,교차로 - 교차로부근,원동기,남,29세,상해없음,보행자,남,41세,경상
2019082900100312,2019년 8월 29일 14시,목요일,인천광역시 연수구 연수동,경상사고,0,0,1,0,차대사람 - 횡단중,보행자보호의무위반,건조,맑음,교차로 - 교차로횡단보도내,화물,남,33세,상해없음,보행자,남,64세,경상
2019082900100347,2019년 8월 29일 15시,목요일,인천광역시 중구 운북동,경상사고,0,0,1,0,차대차 - 측면충돌,안전거리미확보,건조,맑음,교차로 - 교차로부근,승용,남,54세,상해없음,화물,남,52세,경상