사고번호,사고일시,요일,시군구,사고내용,사망자수,중상자수,경상자수,부상신고자수,사고유형,법규위반,노면상태,기상상태,도로형태,가해운전자 차종,가해운전자 성별,가해운전자 연령,가해운전자 상해정도,피해운전자 차종,피해운전자 성별,피해운전자 연령,피해운전자 상해정도
2019082900100348,2019년 8월 29일 15시,목요일,인천광역시 부평구 부평동,경상사고,0,0,1,0,차대차 - 추돌,안전운전불이행,건조,맑음,단일로 - 기타,승용,여,39세,상해없음,승용,여,41세,경상
2019082900100433,2019년 8월 29일 17시,목요일,인천광역시 미추홀구 도화동,경상사고,0,0,2,0,차대차 - 기타,안전운전불이행,건조,맑음,단일로 - 기타,승합,남,57세,상해없음,승용,남,24세,경상
2019082900100434,2019년 8월 29일 17시,목요일,인천광역시 부평구 청천동,경상사고,0,0,2,0,차대차 - 측면충돌,안전운전불이행,건조,맑음,단일로 - 기타,승용,남,25세,경상,승용,남,67세,경상
2019082900100435,2019년 8월 29일 17시,목요일,인천광역시 계양구 상야동,경상사고,0,0,2,0,차대차 - 추돌,안전운전불이행,건조,맑음,단일로 - 기타,승용,여,56세,상해없음,승용,여,62세,경상
2019082900100488,2019년 8월 29일 18시,목요일,인천광역시 중구 운서동,중상사고,0,1,0,0,차대차 - 추돌,안전운전불이행,건조,맑음,교차로 - 교차로부근,승용,남,25세,상해없음,승용,남,27세,중상
2019082900100489,2019년 8월 29일 18시,목요일,인천광역시 남동구 간석동,경상사고,0,0,3,0,차대차 - 기타,안전운전불이행,건조,맑음,교차로 - 교차로부근,승용,여,57세,경상,승용,남,58세,기타불명
2019082900100490,2019년 8월 29일 18시,목요일,인천광역시 서구 공촌동,중상사고,0,1,0,0,차대차 - 기타,중앙선침범,건조,맑음,단일로 - 기타,승용,여,56세,상해없음,이륜,남,37세,중상
2019082900100550,2019년 8월 29일 19시,목요일,인천광역시 남동구 간석동,중상사고,0,1,0,0,차대차 - 측면충돌,신호위반,건조,맑음,교차로 - 교차로안,화물,남,60세,상해없음,이륜,남,25세,중상
2019082900100551,2019년 8월 29일 19시,목요일,인천광역시 서구 원창동,경상사고,0,0,3,0,차대차 - 기타,신호위반,건조,맑음,단일로 - 기타,승용,남,24세,경상,승용,남,51세,경상
2019082900100589,2019년 8월 29일 20시,목요일,인천광역시 부평구 청천동,경상사고,0,0,2,0,차대차 - 추돌,안전운전불이행,건조,맑음,단일로 - 고가도로위,승용,남,59세,상해없음,승용,남,36세,경상
2019082900100590,2019년 8월 29일 20시,목요일,인천광역시 서구 청라동,경상사고,0,0,1,0,차대차 - 기타,안전운전불이행,건조,맑음,교차로 - 교차로부근,승용,남,28세,기타불명,자전거,남,36세,경상
2019082900100625,2019년 8월 29일 21시,목요일,인천광역시 미추홀구 주안동,경상사고,0,0,1,0,차대사람 - 기타,안전운전불이행,건조,맑음,단일로 - 기타,승용,남,55세,상해없음,보행자,남,65세,경상
2019082900100626,2019년 8월 29일 21시,목요일,인천광역시 미추홀구 숭의동,경상사고,0,0,1,0,차대차 - 기타,안전운전불이행,건조,맑음,교차로 - 교차로안,이륜,남,39세,기타불명,승용,여,64세,경상
2019083000100067,2019년 8월 30일 04시,금요일,인천광역시 중구 신흥동3가,경상사고,0,0,1,0,차대차 - 측면충돌,신호위반,건조,맑음,교차로 - 교차로안,화물,남,43세,상해없음,특수,남,54세,경상
2019083000100078,2019년 8월 30일 05시,금요일,인천광역시 남동구 만수동,경상사고,0,0,1,1,차대차 - 측면충돌,안전운전불이행,건조,맑음,단일로 - 기타,승용,남,24세,부상신고,승합,남,43세,경상
2019083000100088,2019년 8월 30일 06시,금요일,인천광역시 서구 원창동,경상사고,0,0,1,0,차대차 - 측면충돌,안전운전불이행,건조,맑음,교차로 - 교차로부근,자전거,남,38세,경상,화물,남,33세,상해없음
2019083000100089,2019년 8월 30일 06시,금요일,인천광역시 계양구 작전동,경상사고,0,0,1,0,차대차 - 추돌,안전거리미확보,건조,맑음,교차로 - 교차로부근,승용,남,29세,상해없음,승용,남,48세,경상
2019083000100119,2019년 8월 30일 07시,금요일,인천광역시 서구 청라동,경상사고,0,0,3,0,차대차 - 측면충돌,신호위반,건조,맑음,교차로 - 교차로안,승용,남,58세,상해없음,승용,남,48세,경상
2019083000100120,2019년 8월 30일 07시,금요일,인천광역시 서구 백석동,경상사고,0,0,3,0,차대차 - 추돌,안전운전불이행,건조,맑음,단일로 - 기타,승용,남,21세,상해없음,화물,남,34세,경상
2019083000100121,2019년 8월 30일 07시,금요일,인천광역시 서구 경서동,경상사고,0,0,1,0,차대차 - 측면충돌,안전운전불이행,건조,맑음,단일로 - 기타,승용,여,52세,상해없음,승용,남,58세,경상
2019083000100160,2019년 8월 30일 08시,금요일,인천광역시 미추홀구 용현동,경상사고,0,0,1,0,차대차 - 측면충돌,안전운전불이행,건조,맑음,단일로 - 기타,승용,여,43세,상해없음,승용,여,31세,경상
2019083000100161,2019년 8월 30일 08시,금요일,인천광역시 남동구 간석동,경상사고,0,0,1,0,차대사람 - 길가장자리구역통행중,안전운전불이행,건조,맑음,단일로 - 기타,승용,남,30세,상해없음,보행자,남,43세,경상
2019083000100162,2019년 8월 30일 08시,금요일,인천광역시 강화군 길상면,중상사고,0,1,0,0,차대사람 - 횡단중,보행자보호의무위반,건조,맑음,교차로 - 교차로부근,승용,남,79세,상해없음,보행자,여,11세,중상
2019083000100163,2019년 8월 30일 08시,금요일,인천광역시 강화군 강화읍,경상사고,0,0,2,0,차대차 - 정면충돌,직진우회전진행방해,건조,맑음,교차로 - 교차로안,승용,여,56세,경상,승용,여,41세,경상
2019083000100196,2019년 8월 30일 09시,금요일,인천광역시 미추홀구 주안동,경상사고,0,0,1,0,차대차 - 추돌,안전운전불이행,건조,맑음,단일로 - 기타,승용,남,28세,상해없음,승용,남,31세,상해없음
2019083000100235,2019년 8월 30일 10시,금요일,인천광역시 부평구 십정동,중상사고,0,1,0,0,차대차 - 측면충돌,안전운전불이행,건조,맑음,교차로 - 교차로안,승용,여,63세,상해없음,승용,남,49세,중상
2019083000100236,2019년 8월 30일 10시,금요일,인천광역시 남동구 구월동,경상사고,0,0,1,0,차대차 - 측면충돌,안전거리미확보,건조,맑음,교차로 - 교차로부근,화물,남,32세,상해없음,승용,남,37세,경상
2019083000100237,2019년 8월 30일 10시,금요일,인천광역시 계양구 계산동,중상사고,0,1,0,0,차대사람 - 횡단중,보행자보호의무위반,건조,맑음,교차로 - 교차로안,승용,남,58세,상해없음,보행자,남,31세,중상
2019083000100274,2019년 8월 30일 11시,금요일,인천광역시 남동구 만수동,경상사고,0,0,1,0,차대사람 - 횡단중,보행자보호의무위반,건조,흐림,교차로 - 교차로안,승용,여,29세,상해없음,보행자,여,62세,경상
2019083000100275,2019년 8월 30일 11시,금요일,인천광역시 서구 대곡동,중상사고,0,1,0,0,차대차 - 추돌,안전운전불이행,젖음/습기,비,교차로 - 교차로안,자전거,남,34세,중상,기타불명,기타불명,미분류,기타불명
2019083000100306,2019년 8월 30일 12시,금요일,인천광역시 미추홀구 숭의동,경상사고,0,0,1,0,차대차 - 측면충돌,차로위반,건조,맑음,교차로 - 교차로안,승합,남,58세,상해없음,특수,남,46세,경상
2019083000100347,2019년 8월 30일 13시,금요일,인천광역시 미추홀구 주안동,경상사고,0,0,1,0,차대차 - 후진중충돌,안전운전불이행,건조,맑음,단일로 - 기타,화물,남,41세,기타불명,승용,여,40세,경상
2019083000100394,2019년 8월 30일 14시,금요일,인천광역시 미추홀구 도화동,중상사고,0,1,0,0,차대차 - 기타,안전운전불이행,건조,맑음,교차로 - 교차로안,승용,남,24세,상해없음,이륜,남,47세,중상
2019083000100395,2019년 8월 30일 14시,금요일,인천광역시 미추홀구 주안동,경상사고,0,0,2,0,차대차 - 후진중충돌,안전운전불이행,건조,맑음,교차로 - 교차로부근,승용,여,63세,상해없음,승용,남,26세,경상
2019083000100396,2019년 8월 30일 14시,금요일,인천광역시 부평구 부평동,중상사고,0,1,0,0,차대사람 - 횡단중,보행자보호의무위반,건조,맑음,교차로 - 교차로안,화물,남,70세,상해없음,보행자,남,10세,중상
2019083000100397,2019년 8월 30일 14시,금요일,인천광역시 남동구 논현동,중상사고,0,1,0,0,차대사람 - 횡단중,신호위반,건조,맑음,교차로 - 교차로부근,화물,남,45세,상해없음,보행자,여,11세,중상
2019083000100443,2019년 8월 30일 15시,금요일,인천광역시 남동구 간석동,중상사고,0,1,0,0,차대사람 - 횡단중,안전운전불이행,건조,맑음,교차로 - 교차로안,승용,여,55세,상해없음,보행자,남,8세,중상
2019083000100444,2019년 8월 30일 15시,금요일,인천광역시 연수구 송도동,경상사고,0,0,1,0,차대차 - 측면충돌,신호위반,건조,맑음,교차로 - 교차로부근,화물,남,54세,상해없음,승용,여,32세,경상
2019083000100445,2019년 8월 30일 15시,금요일,인천광역시 부평구 갈산동,경상사고,0,0,2,0,차대차 - 기타,안전운전불이행,건조,맑음,단일로 - 고가도로위,승합,남,57세,상해없음,승용,남,29세,경상
2019083000100446,2019년 8월 30일 15시,금요일,인천광역시 남동구 고잔동,경상사고,0,0,1,0,차대차 - 측면충돌,안전거리미확보,건조,맑음,단일로 - 기타,화물,남,54세,상해없음,승용,남,46세,경상
2019083000100496,2019년 8월 30일 16시,금요일,인천광역시 미추홀구 주안동,경상사고,0,0,1,0,차대사람 - 횡단중,신호위반,건조,맑음,단일로 - 기타,승용,남,72세,상해없음,보행자,여,42세,경상
2019083000100497,2019년 8월 30일 16시,금요일,인천광역시 서구 가좌동,경상사고,0,0,1,0,차대차 - 기타,중앙선침범,건조,맑음,교차로 - 교차로부근,승용,남,50세,기타불명,승용,남,62세,경상
2019083000100552,2019년 8월 30일 17시,금요일,인천광역시 부평구 갈산동,경상사고,0,0,1,0,차대차 - 측면충돌,안전운전불이행,건조,맑음,단일로 - 기타,승용,남,45세,상해없음,승용,남,57세,경상
2019083000100617,2019년 8월 30일 18시,금요일,인천광역시 중구 신흥동1가,중상사고,0,1,0,0,차대사람 - 횡단중,신호위반,건조,맑음,교차로 - 교차로안,승용,여,58세,상해없음,보행자,여,70세,중상
2019083000100618,2019년 8월 30일 18시,금요일,인천광역시 서구 가좌동,경상사고,0,0,2,0,차대차 - 추돌,안전거리미확보,건조,맑음,단일로 - 기타,승용,남,49세,상해없음,화물,남,52세,경상
2019083000100619,2019년 8월 30일 18시,금요일,인천광역시 남동구 도림동,경상사고,0,0,1,0,차대차 - 정면충돌,신호위반,건조,맑음,교차로 - 교차로안,승용,남,64세,상해없음,승용,남,58세,경상
2019083000100620,2019년 8월 30일 18시,금요일,인천광역시 남동구 서창동,경상사고,0,0,1,0,차대차 - 후진중충돌,안전운전불이행,건조,맑음,단일로 - 기타,승용,남,61세,상해없음,승용,여,22세,경상
2019083000100683,2019년 8월 30일 19시,금요일,인천광역시 계양구 병방동,경상사고,0,0,1,0,차대차 - 기타,신호위반,건조,맑음,교차로 - 교차로안,승용,여,42세,상해없음,이륜,남,38세,경상
2019083000100684,2019년 8월 30일 19시,금요일,인천광역시 계양구 임학동,경상사고,0,0,1,0,차대사람 - 기타,안전운전불이행,건조,맑음,단일로 - 기타,승용,여,22세,상해없음,보행자,남,69세,경상
2019083000100720,2019년 8월 30일 20시,금요일,인천광역시 강화군 선원면,중상사고,0,1,0,0,차대차 - 추돌,안전운전불이행,건조,맑음,단일로 - 기타,승합,남,62세,상해없음,농기계,남,59세,중상
2019083000100753,2019년 8월 30일 21시,금요일,인천광역시 중구 중산동,경상사고,0,0,1,0,차대차 - 측면충돌,신호위반,건조,맑음,교차로 - 교차로안,승용,남,33세,상해없음,승용,여,42세,경상
2019083000100754,2019년 8월 30일 21시,금요일,인천광역시 부평구 갈산동,부상신고사고,0,0,0,1,차대차 - 기타,안전운전불이행,건조,기타,단일로 - 기타,승용,남,51세,상해없음,자전거,남,77세,부상신고
2019083000100817,2019년 8월 30일 23시,금요일,인천광역시 서구 석남동,경상사고,0,0,1,0,차대사람 - 차도통행중,안전운전불이행,건조,맑음,교차로 - 교차로안,승용,남,65세,상해없음,보행자,남,32세,경상
2019083000100818,2019년 8월 30일 23시,금요일,인천광역시 계양구 귤현동,경상사고,0,0,1,0,차대차 - 추돌,안전운전불이행,건조,맑음,단일로 - 기타,승용,남,50세,상해없음,승용,남,22세,경상
2019083100100045,2019년 8월 31일 00시,토요일,인천광역시 부평구 부평동,중상사고,0,1,0,0,차대차 - 추돌,안전운전불이행,건조,맑음,단일로 - 기타,화물,남,47세,상해없음,승용,남,30세,중상
2019083100100069,2019년 8월 31일 01시,토요일,인천광역시 중구 중산동,경상사고,0,0,1,0,차대차 - 측면충돌,안전운전불이행,건조,맑음,단일로 - 기타,승용,남,33세,상해없음,화물,여,62세,경상
2019083100100070,2019년 8월 31일 01시,토요일,인천광역시 계양구 계산동,경상사고,0,0,1,0,차대사람 - 기타,안전운전불이행,건조,맑음,단일로 - 기타,승용,남,25세,상해없음,보행자,남,51세,경상
2019083100100127,2019년 8월 31일 05시,토요일,인천광역시 미추홀구 주안동,경상사고,0,0,1,0,차대차 - 추돌,안전운전불이행,건조,맑음,기타 - 기타,승용,남,54세,상해없음,승용,남,67세,경상
2019083100100128,2019년 8월 31일 05시,토요일,인천광역시 부평구 청천동,경상사고,0,0,2,0,차대차 - 측면충돌,안전운전불이행,건조,맑음,교차로 - 교차로부근,승용,남,65세,상해없음,승용,남,59세,경상
2019083100100129,2019년 8월 31일 05시,토요일,인천광역시 중구 운서동,경상사고,0,0,1,0,차대차 - 추돌,안전운전불이행,건조,맑음,단일로 - 기타,승용,남,55세,상해없음,승용,여,54세,경상
2019083100100179,2019년 8월 31일 07시,토요일,인천광역시 계양구 계산동,경상사고,0,0,1,0,차대차 - 측면충돌,신호위반,건조,맑음,교차로 - 교차로안,이륜,남,62세,상해없음,승용,남,31세,경상
2019083100100236,2019년 8월 31일 09시,토요일,인천광역시 서구 청라동,경상사고,0,0,1,0,차대차 - 기타,안전운전불이행,건조,맑음,교차로 - 교차로부근,승용,여,37세,상해없음,자전거,남,41세,경상
2019083100100278,2019년 8월 31일 10시,토요일,인천광역시 부평구 산곡동,경상사고,0,0,1,0,차대차 - 측면충돌,안전운전불이행,건조,맑음,교차로 - 교차로안,승용,남,64세,상해없음,승용,여,54세,경상
2019083100100279,2019년 8월 31일 10시,토요일,인천광역시 부평구 구산동,경상사고,0,0,1,0,차대차 - 측면충돌,안전운전불이행,건조,맑음,교차로 - 교차로안,승용,여,49세,상해없음,화물,남,43세,경상
2019083100100312,2019년 8월 31일 11시,토요일,인천광역시 연수구 연수동,경상사고,0,0,3,0,차대차 - 측면충돌,신호위반,건조,맑음,단일로 - 터널,승용,남,62세,상해없음,승용,남,38세,경상
2019083100100345,2019년 8월 31일 12시,토요일,인천광역시 남동구 구월동,경상사고,0,0,2,1,차대차 - 추돌,안전운전불이행,건조,맑음,기타 - 기타,승용,남,41세,상해없음,화물,남,58세,상해없음
2019083100100346,2019년 8월 31일 12시,토요일,인천광역시 남동구 도림동,경상사고,0,0,2,0,차대차 - 측면충돌,중앙선침범,건조,맑음,단일로 - 기타,승용,남,64세,상해없음,승용,남,47세,경상
2019083100100347,2019년 8월 31일 12시,토요일,인천광역시 남동구 논현동,중상사고,0,1,0,0,차대차 - 측면충돌,신호위반,건조,맑음,교차로 - 교차로안,승용,여,23세,상해없음,이륜,남,38세,중상
2019083100100474,2019년 8월 31일 15시,토요일,인천광역시 서구 경서동,경상사고,0,0,5,0,차대차 - 기타,안전운전불이행,건조,맑음,단일로 - 기타,화물,남,27세,상해없음,승용,남,45세,경상
2019083100100513,2019년 8월 31일 16시,토요일,인천광역시 남동구 장수동,경상사고,0,0,2,0,차대차 - 측면충돌,안전운전불이행,건조,맑음,단일로 - 기타,화물,남,35세,상해없음,승용,남,48세,경상
2019083100100557,2019년 8월 31일 17시,토요일,인천광역시 미추홀구 주안동,경상사고,0,0,1,0,차대사람 - 기타,안전운전불이행,건조,맑음,기타 - 기타,승용,여,39세,상해없음,보행자,여,33세,경상
2019083100100599,2019년 8월 31일 18시,토요일,인천광역시 남동구 간석동,경상사고,0,0,1,0,차대차 - 측면충돌,교차로운행방법위반,건조,맑음,교차로 - 교차로안,승용,여,55세,상해없음,승용,여,25세,경상
2019083100100646,2019년 8월 31일 19시,토요일,인천광역시 중구 운남동,중상사고,0,1,0,0,차대차 - 측면충돌,안전운전불이행,건조,맑음,단일로 - 기타,승용,남,38세,상해없음,이륜,남,50세,중상
2019083100100647,2019년 8월 31일 19시,토요일,인천광역시 부평구 청천동,중상사고,0,1,0,0,차대차 - 측면충돌,안전거리미확보,건조,맑음,단일로 - 기타,승용,여,22세,상해없음,화물,남,56세,중상
2019083100100648,2019년 8월 31일 19시,토요일,인천광역시 남동구 구월동,중상사고,0,1,0,0,차대차 - 측면충돌,안전거리미확보,건조,맑음,단일로 - 기타,승용,남,44세,상해없음,이륜,남,34세,중상
2019083100100649,2019년 8월 31일 19시,토요일,인천광역시 남동구 장수동,중상사고,0,1,1,0,차대차 - 측면충돌,신호위반,건조,맑음,교차로 - 교차로안,승용,남,24세,상해없음,승용,남,74세,경상
2019083100100683,2019년 8월 31일 20시,토요일,인천광역시 중구 경동,경상사고,0,0,1,0,차대차 - 측면충돌,안전운전불이행,건조,맑음,교차로 - 교차로부근,승용,남,65세,상해없음,이륜,남,33세,경상
2019083100100684,2019년 8월 31일 20시,토요일,인천광역시 부평구 부평동,부상신고사고,0,0,0,1,차대사람 - 길가장자리구역통행중,안전운전불이행,건조,맑음,단일로 - 기타,승합,남,54세,상해없음,보행자,남,65세,부상신고
2019090100100063,2019년 9월 1일 02시,일요일,인천광역시 미추홀구 주안동,부상신고사고,0,0,0,1,차대사람 - 기타,안전운전불이행,건조,맑음,교차로 - 교차로안,기타불명,기타불명,미분류,기타불명,보행자,남,22세,부상신고
2019090100100076,2019년 9월 1일 03시,일요일,인천광역시 남동구 구월동,중상사고,0,1,0,0,차대사람 - 횡단중,신호위반,건조,맑음,교차로 - 교차로안,승용,남,23세,상해없음,보행자,남,54세,중상
2019090100100086,2019년 9월 1일 04시,일요일,인천광역시 부평구 부평동,중상사고,0,1,0,0,차대차 - 추돌,안전운전불이행,건조,맑음,단일로 - 기타,승용,남,50세,상해없음,승용,남,41세,중상
2019090100100121,2019년 9월 1일 08시,일요일,인천광역시 동구 송림동,경상사고,0,0,1,0,차대차 - 측면충돌,안전운전불이행,건조,맑음,단일로 - 기타,화물,남,53세,상해없음,자전거,남,60세,경상
2019090100100161,2019년 9월 1일 10시,일요일,인천광역시 중구 덕교동,경상사고,0,0,1,0,차대사람 - 기타,안전운전불이행,건조,맑음,단일로 - 기타,승합,남,51세,상해없음,보행자,남,61세,경상
2019090100100162,2019년 9월 1일 10시,일요일,인천광역시 중구 도원동,경상사고,0,0,1,0,차대차 - 추돌,안전운전불이행,건조,맑음,교차로 - 교차로부근,승용,여,26세,상해없음,승용,남,58세,경상
2019090100100185,2019년 9월 1일 11시,일요일,인천광역시 연수구 연수동,중상사고,0,1,0,0,차대사람 - 횡단중,보행자보호의무위반,건조,맑음,교차로 - 교차로횡단보도내,화물,남,47세,상해없음,보행자,남,33세,중상
2019090100100204,2019년 9월 1일 12시,일요일,인천광역시 부평구 산곡동,중상사고,0,1,0,0,차대차 - 측면충돌,중앙선침범,건조,맑음,단일로 - 기타,승용,남,24세,상해없음,이륜,남,19세,중상
2019090100100205,2019년 9월 1일 12시,일요일,인천광역시 남동구 장수동,경상사고,0,0,1,0,차대차 - 측면충돌,교차로운행방법위반,건조,맑음,교차로 - 교차로안,승용,남,53세,상해없음,승용,남,69세,경상
2019090100100232,2019년 9월 1일 13시,일요일,인천광역시 남동구 구월동,경상사고,0,0,1,0,차대차 - 후진중충돌,안전운전불이행,건조,맑음,미분류 - 미분류,승용,남,34세,상해없음,승용,여,40세,경상
2019090100100270,2019년 9월 1일 14시,일요일,인천광역시 부평구 부평동,경상사고,0,0,4,0,차대차 - 측면충돌,안전운전불이행,건조,맑음,교차로 - 교차로안,승용,남,63세,상해없음,승용,여,30세,경상
2019090100100301,2019년 9월 1일 15시,일요일,인천광역시 미추홀구 주안동,부상신고사고,0,0,0,1,차대사람 - 기타,안전운전불이행,기타,기타,단일로 - 기타,승용,남,52세,상해없음,보행자,남,65세,부상신고
2019090100100302,2019년 9월 1일 15시,일요일,인천광역시 서구 연희동,경상사고,0,0,1,0,차대차 - 측면충돌,신호위반,건조,맑음,교차로 - 교차로안,승용,여,48세,상해없음,승용,남,65세,경상
2019090100100334,2019년 9월 1일 16시,일요일,인천광역시 연수구 옥련동,경상사고,0,0,2,0,차대차 - 기타,교차로운행방법위반,건조,맑음,교차로 - 교차로안,승용,남,47세,경상,승용,여,59세,경상
2019090100100437,2019년 9월 1일 19시,일요일,인천광역시 부평구 삼산동,중상사고,0,1,0,0,차대사람 - 횡단중,신호위반,건조,맑음,단일로 - 기타,이륜,남,28세,상해없음,보행자,여,52세,중상
2019090100100474,2019년 9월 1일 20시,일요일,인천광역시 부평구 부평동,부상신고사고,0,0,0,1,차대차 - 측면충돌,안전운전불이행,건조,흐림,단일로 - 기타,이륜,남,35세,부상신고,승용,남,30세,상해없음
2019090100100506,2019년 9월 1일 22시,일요일,인천광역시 미추홀구 용현동,경상사고,0,0,1,0,차대차 - 추돌,안전운전불이행,건조,맑음,교차로 - 교차로부근,승용,남,35세,상해없음,승용,남,42세,경상
2019090100100507,2019년 9월 1일 22시,일요일,인천광역시 부평구 부평동,경상사고,0,0,1,0,차대차 - 기타,안전운전불이행,건조,맑음,교차로 - 교차로부근,승합,남,48세,상해없음,이륜,남,22세,경상
2019090100100508,2019년 9월 1일 22시,일요일,인천광역시 서구 석남동,경상사고,0,0,1,0,차대차 - 기타,중앙선침범,건조,맑음,단일로 - 기타,승용,남,64세,상해없음,이륜,남,23세,경상
2019090200100044,2019년 9월 2일 01시,월요일,인천광역시 남동구 만수동,경상사고,0,0,1,0,차대사람 - 횡단중,안전운전불이행,건조,맑음,단일로 - 기타,승용,남,25세,상해없음,보행자,남,45세,경상
2019090200100055,2019년 9월 2일 04시,월요일,인천광역시 부평구 부평동,경상사고,0,0,1,0,차대차 - 기타,신호위반,건조,맑음,단일로 - 기타,이륜,남,17세,상해없음,승용,남,41세,경상
2019090200100078,2019년 9월 2일 06시,월요일,인천광역시 부평구 부평동,경상사고,0,0,1,0,차대차 - 측면충돌,안전거리미확보,건조,맑음,단일로 - 기타,승용,남,21세,상해없음,승용,남,63세,경상
2019090200100104,2019년 9월 2일 07시,월요일,인천광역시 계양구 작전동,경상사고,0,0,1,0,차대차 - 추돌,안전운전불이행,건조,맑음,교차로 - 교차로안,화물,남,39세,상해없음,승용,남,42세,경상
2019090200100159,2019년 9월 2일 08시,월요일,인천광역시 동구 송림동,중상사고,0,1,2,0,차대차 - 측면충돌,중앙선침범,건조,맑음,단일로 - 기타,승용,여,40세,상해없음,승용,남,59세,경상
2019090200100160,2019년 9월 2일 08시,월요일,인천광역시 미추홀구 용현동,경상사고,0,0,1,0,차대차 - 추돌,안전거리미확보,건조,맑음,단일로 - 기타,승합,남,63세,상해없음,승용,여,42세,경상
2019090200100161,2019년 9월 2일 08시,월요일,인천광역시 계양구 병방동,경상사고,0,0,1,0,차대차 - 기타,안전운전불이행,건조,맑음,단일로 - 기타,특수,남,38세,상해없음,승용,여,52세,경상
2019090200100162,2019년 9월 2일 08시,월요일,인천광역시 계양구 임학동,중상사고,0,1,0,0,차대차 - 추돌,안전운전불이행,건조,맑음,단일로 - 기타,승용,남,35세,상해없음,승용,여,46세,중상
2019090200100163,2019년 9월 2일 08시,월요일,인천광역시 부평구 부평동,부상신고사고,0,0,0,1,차대사람 - 횡단중,안전운전불이행,건조,맑음,단일로 - 기타,승용,남,45세,상해없음,보행자,남,15세,부상신고
2019090200100205,2019년 9월 2일 09시,월요일,인천광역시 미추홀구 도화동,경상사고,0,0,1,0,차대차 - 측면충돌,안전운전불이행,건조,맑음,교차로 - 교차로안,화물,남,58세,상해없음,승용,남,50세,경상
2019090200100206,2019년 9월 2일 09시,월요일,인천광역시 계양구 계산동,중상사고,0,1,0,0,차대차 - 측면충돌,안전운전불이행,건조,맑음,교차로 - 교차로횡단보도내,자전거,여,54세,중상,승용,남,53세,상해없음
2019090200100280,2019년 9월 2일 11시,월요일,인천광역시 미추홀구 용현동,경상사고,0,0,1,0,차대차 - 측면충돌,안전거리미확보,건조,맑음,단일로 - 기타,승용,여,63세,상해없음,승용,여,59세,경상
2019090200100281,2019년 9월 2일 11시,월요일,인천광역시 부평구 부평동,경상사고,0,0,1,0,차대차 - 측면충돌,안전운전불이행,건조,맑음,단일로 - 기타,승용,남,58세,상해없음,승합,남,51세,경상
2019090200100282,2019년 9월 2일 11시,월요일,인천광역시 계양구 박촌동,중상사고,0,1,0,0,차대사람 - 기타,안전운전불이행,건조,맑음,주차장 - 주차장,승용,여,46세,상해없음,보행자,남,67세,중상
2019090200100399,2019년 9월 2일 14시,월요일,인천광역시 계양구 작전동,경상사고,0,0,1,0,차대차 - 측면충돌,교차로운행방법위반,건조,맑음,교차로 - 교차로부근,승용,남,58세,상해없음,승용,남,40세,경상
2019090200100461,2019년 9월 2일 16시,월요일,인천광역시 부평구 청천동,경상사고,0,0,2,0,차대차 - 측면충돌,안전운전불이행,건조,맑음,단일로 - 기타,승용,남,32세,상해없음,승용,여,31세,경상
2019090200100502,2019년 9월 2일 17시,월요일,인천광역시 중구 항동7가,경상사고,0,0,1,0,차대차 - 추돌,안전운전불이행,건조,맑음,단일로 - 기타,특수,남,53세,상해없음,승용,남,60세,경상
2019090200100503,2019년 9월 2일 17시,월요일,인천광역시 부평구 십정동,경상사고,0,0,1,0,차대차 - 기타,안전거리미확보,건조,맑음,단일로 - 기타,승용,남,63세,상해없음,승용,여,54세,경상
2019090200100544,2019년 9월 2일 18시,월요일,인천광역시 부평구 산곡동,경상사고,0,0,1,0,차량단독 - 기타,안전운전불이행,건조,맑음,단일로 - 기타,승합,남,69세,상해없음,,,,
2019090200100545,2019년 9월 2일 18시,월요일,인천광역시 남동구 간석동,경상사고,0,0,1,0,차대차 - 기타,교차로운행방법위반,건조,맑음,교차로 - 교차로안,승용,여,29세,상해없음,승용,남,39세,경상
2019090200100546,2019년 9월 2일 18시,월요일,인천광역시 남동구 고잔동,부상신고사고,0,0,0,1,차량단독 - 기타,기타,건조,맑음,단일로 - 기타,승합,여,53세,상해없음,,,,
2019090200100608,2019년 9월 2일 19시,월요일,인천광역시 미추홀구 주안동,경상사고,0,0,1,0,차대차 - 기타,안전운전불이행,건조,맑음,교차로 - 교차로부근,자전거,남,57세,경상,승합,남,59세,상해없음
2019090200100609,2019년 9월 2일 19시,월요일,인천광역시 부평구 산곡동,경상사고,0,0,3,0,차대차 - 측면충돌,안전거리미확보,건조,맑음,단일로 - 기타,승용,여,46세,상해없음,승합,남,60세,경상
2019090200100610,2019년 9월 2일 19시,월요일,인천광역시 남동구 만수동,부상신고사고,0,0,0,1,차대사람 - 기타,안전운전불이행,건조,맑음,기타 - 기타,이륜,남,25세,상해없음,보행자,남,54세,부상신고
2019090200100692,2019년 9월 2일 21시,월요일,인천광역시 미추홀구 도화동,부상신고사고,0,0,0,1,차대사람 - 기타,안전운전불이행,건조,흐림,교차로 - 교차로부근,승용,남,51세,상해없음,보행자,남,54세,부상신고
2019090200100693,2019년 9월 2일 21시,월요일,인천광역시 부평구 부평동,경상사고,0,0,1,0,차대차 - 측면충돌,안전운전불이행,건조,맑음,단일로 - 기타,승용,남,23세,상해없음,이륜,남,32세,경상