사고번호,사고일시,요일,시군구,사고내용,사망자수,중상자수,경상자수,부상신고자수,사고유형,법규위반,노면상태,기상상태,도로형태,가해운전자 차종,가해운전자 성별,가해운전자 연령,가해운전자 상해정도,피해운전자 차종,피해운전자 성별,피해운전자 연령,피해운전자 상해정도
2019090600100650,2019년 9월 6일 21시,금요일,인천광역시 계양구 장기동,중상사고,0,1,0,0,차대사람 - 횡단중,중앙선침범,젖음/습기,비,단일로 - 기타,승용,남,59세,상해없음,보행자,남,41세,중상
2019090600100691,2019년 9월 6일 22시,금요일,인천광역시 미추홀구 주안동,중상사고,0,1,0,0,차대차 - 측면충돌,신호위반,젖음/습기,비,교차로 - 교차로안,승용,남,64세,상해없음,이륜,남,50세,중상
2019090600100692,2019년 9월 6일 22시,금요일,인천광역시 서구 연희동,사망사고,1,0,1,0,차대차 - 정면충돌,신호위반,젖음/습기,비,교차로 - 교차로안,이륜,남,28세,사망,승용,여,59세,경상
2019090600100693,2019년 9월 6일 22시,금요일,인천광역시 계양구 효성동,경상사고,0,0,1,0,차대사람 - 기타,신호위반,젖음/습기,비,단일로 - 기타,이륜,남,20세,상해없음,보행자,여,21세,경상
2019090600100720,2019년 9월 6일 23시,금요일,인천광역시 미추홀구 주안동,경상사고,0,0,1,0,차대차 - 측면충돌,안전운전불이행,젖음/습기,흐림,교차로 - 교차로부근,승용,남,62세,상해없음,승용,여,30세,경상
2019090600100721,2019년 9월 6일 23시,금요일,인천광역시 부평구 십정동,경상사고,0,0,3,0,차대차 - 측면충돌,안전운전불이행,건조,맑음,교차로 - 교차로부근,화물,남,48세,상해없음,승용,남,25세,경상
2019090600100722,2019년 9월 6일 23시,금요일,인천광역시 서구 검암동,경상사고,0,0,1,0,차대차 - 기타,안전운전불이행,건조,맑음,교차로 - 교차로안,승용,남,27세,상해없음,승용,여,26세,경상
2019090600100723,2019년 9월 6일 23시,금요일,인천광역시 서구 청라동,경상사고,0,0,1,0,차대차 - 추돌,안전운전불이행,젖음/습기,비,단일로 - 기타,승용,남,24세,상해없음,승용,남,27세,경상
2019090600100724,2019년 9월 6일 23시,금요일,인천광역시 남동구 만수동,경상사고,0,0,1,0,차대차 - 기타,신호위반,젖음/습기,비,교차로 - 교차로안,승용,남,60세,기타불명,화물,남,70세,경상
2019090600100725,2019년 9월 6일 23시,금요일,인천광역시 남동구 논현동,중상사고,0,1,0,0,차대차 - 측면충돌,신호위반,건조,맑음,교차로 - 교차로안,기타불명,기타불명,미분류,기타불명,승용,여,52세,중상
2019090700100045,2019년 9월 7일 00시,토요일,인천광역시 중구 운서동,중상사고,0,1,1,0,차대차 - 정면충돌,신호위반,건조,맑음,교차로 - 교차로안,승용,남,62세,상해없음,승용,남,60세,중상
2019090700100046,2019년 9월 7일 00시,토요일,인천광역시 남동구 간석동,경상사고,0,0,1,0,차대차 - 기타,안전운전불이행,젖음/습기,비,단일로 - 기타,승용,남,60세,상해없음,승용,여,40세,경상
2019090700100068,2019년 9월 7일 01시,토요일,인천광역시 서구 심곡동,경상사고,0,0,2,0,차대차 - 기타,신호위반,건조,맑음,교차로 - 교차로부근,이륜,남,16세,경상,승용,남,44세,경상
2019090700100100,2019년 9월 7일 03시,토요일,인천광역시 남동구 간석동,부상신고사고,0,0,0,1,차대차 - 측면충돌,안전운전불이행,젖음/습기,흐림,교차로 - 교차로부근,승합,남,50세,상해없음,이륜,남,28세,부상신고
2019090700100140,2019년 9월 7일 07시,토요일,인천광역시 계양구 서운동,경상사고,0,0,1,0,차대차 - 측면충돌,안전거리미확보,젖음/습기,맑음,단일로 - 고가도로위,승용,남,30세,상해없음,승용,남,28세,경상
2019090700100181,2019년 9월 7일 09시,토요일,인천광역시 미추홀구 용현동,경상사고,0,0,1,0,차대차 - 측면충돌,교차로운행방법위반,건조,맑음,교차로 - 교차로안,승용,남,40세,상해없음,이륜,남,64세,경상
2019090700100204,2019년 9월 7일 10시,토요일,인천광역시 서구 청라동,경상사고,0,0,2,0,차대차 - 기타,안전운전불이행,건조,맑음,기타 - 기타,승용,여,19세,상해없음,승용,여,25세,경상
2019090700100205,2019년 9월 7일 10시,토요일,인천광역시 연수구 송도동,경상사고,0,0,1,0,차대차 - 측면충돌,안전운전불이행,건조,맑음,단일로 - 기타,승용,여,41세,상해없음,승용,여,39세,경상
2019090700100206,2019년 9월 7일 10시,토요일,인천광역시 부평구 부평동,경상사고,0,0,1,0,차대차 - 측면충돌,중앙선침범,건조,맑음,단일로 - 기타,화물,남,57세,상해없음,승용,남,33세,경상
2019090700100241,2019년 9월 7일 11시,토요일,인천광역시 미추홀구 주안동,경상사고,0,0,1,0,차대차 - 측면충돌,안전운전불이행,건조,맑음,교차로 - 교차로안,승용,여,56세,기타불명,승용,남,35세,경상
2019090700100271,2019년 9월 7일 12시,토요일,인천광역시 부평구 부평동,경상사고,0,0,1,0,차대차 - 측면충돌,안전거리미확보,젖음/습기,비,단일로 - 기타,승용,여,40세,상해없음,승용,남,30세,경상
2019090700100349,2019년 9월 7일 16시,토요일,인천광역시 서구 심곡동,경상사고,0,0,1,0,차대차 - 추돌,안전운전불이행,젖음/습기,맑음,단일로 - 기타,승용,남,26세,상해없음,승용,남,43세,경상
2019090700100400,2019년 9월 7일 18시,토요일,인천광역시 부평구 부평동,경상사고,0,0,1,0,차대차 - 정면충돌,안전운전불이행,젖음/습기,비,단일로 - 기타,화물,남,49세,상해없음,이륜,남,51세,경상
2019090700100475,2019년 9월 7일 21시,토요일,인천광역시 서구 왕길동,경상사고,0,0,1,0,차대차 - 추돌,안전운전불이행,젖음/습기,흐림,단일로 - 기타,화물,남,63세,기타불명,승용,여,51세,경상
2019090700100498,2019년 9월 7일 22시,토요일,인천광역시 부평구 십정동,중상사고,0,1,0,0,차대사람 - 보도통행중,기타,건조,맑음,교차로 - 교차로부근,승용,남,32세,상해없음,보행자,여,63세,중상
2019090700100499,2019년 9월 7일 22시,토요일,인천광역시 계양구 작전동,중상사고,0,1,0,0,차대사람 - 기타,안전운전불이행,젖음/습기,비,단일로 - 기타,승용,남,45세,상해없음,보행자,남,29세,중상
2019090700100512,2019년 9월 7일 23시,토요일,인천광역시 연수구 연수동,경상사고,0,0,3,0,차대차 - 측면충돌,안전운전불이행,젖음/습기,비,교차로 - 교차로안,승용,남,55세,상해없음,승용,남,59세,경상
2019090700100513,2019년 9월 7일 23시,토요일,인천광역시 부평구 일신동,경상사고,0,0,2,0,차대차 - 기타,안전운전불이행,젖음/습기,흐림,단일로 - 기타,승용,남,44세,상해없음,승용,여,50세,기타불명
2019090800100028,2019년 9월 8일 00시,일요일,인천광역시 남동구 만수동,중상사고,0,1,1,0,차대차 - 추돌,안전거리미확보,건조,맑음,단일로 - 기타,승용,남,27세,상해없음,화물,남,34세,경상
2019090800100117,2019년 9월 8일 09시,일요일,인천광역시 남동구 수산동,경상사고,0,0,1,0,차대차 - 측면충돌,안전운전불이행,건조,맑음,교차로 - 교차로부근,승용,남,75세,상해없음,승용,여,49세,경상
2019090800100143,2019년 9월 8일 10시,일요일,인천광역시 남동구 구월동,중상사고,0,1,1,0,차대차 - 측면충돌,안전거리미확보,건조,맑음,단일로 - 기타,이륜,남,29세,상해없음,승용,남,47세,상해없음
2019090800100165,2019년 9월 8일 11시,일요일,인천광역시 부평구 부평동,경상사고,0,0,1,0,차대사람 - 길가장자리구역통행중,안전운전불이행,건조,맑음,기타 - 기타,승용,남,42세,상해없음,보행자,여,82세,경상
2019090800100166,2019년 9월 8일 11시,일요일,인천광역시 서구 시천동,중상사고,0,1,0,0,차대차 - 기타,안전운전불이행,건조,맑음,교차로 - 교차로부근,승용,남,64세,상해없음,자전거,여,61세,중상
2019090800100167,2019년 9월 8일 11시,일요일,인천광역시 남동구 만수동,경상사고,0,0,1,0,차대차 - 측면충돌,안전운전불이행,건조,맑음,교차로 - 교차로안,화물,남,41세,상해없음,승용,남,60세,경상
2019090800100262,2019년 9월 8일 14시,일요일,인천광역시 계양구 작전동,중상사고,0,1,1,0,차대차 - 측면충돌,안전운전불이행,건조,맑음,교차로 - 교차로부근,자전거,여,56세,중상,이륜,남,17세,경상
2019090800100333,2019년 9월 8일 16시,일요일,인천광역시 계양구 계산동,경상사고,0,0,1,0,차대차 - 기타,교차로운행방법위반,건조,맑음,교차로 - 교차로안,승용,남,20세,상해없음,이륜,남,37세,경상
2019090800100334,2019년 9월 8일 16시,일요일,인천광역시 남동구 장수동,경상사고,0,0,1,0,차대차 - 측면충돌,안전운전불이행,건조,맑음,단일로 - 기타,승용,남,53세,상해없음,승용,여,38세,경상
2019090800100400,2019년 9월 8일 18시,일요일,인천광역시 서구 검암동,경상사고,0,0,2,0,차대차 - 측면충돌,안전운전불이행,건조,맑음,교차로 - 교차로안,승용,남,64세,상해없음,승용,남,35세,경상
2019090800100466,2019년 9월 8일 20시,일요일,인천광역시 남동구 구월동,경상사고,0,0,1,0,차대차 - 측면충돌,안전운전불이행,건조,맑음,단일로 - 기타,기타불명,기타불명,미분류,기타불명,자전거,남,18세,경상
2019090800100467,2019년 9월 8일 20시,일요일,인천광역시 서구 마전동,중상사고,0,1,0,0,차대차 - 기타,안전운전불이행,건조,맑음,교차로 - 교차로안,승용,여,27세,상해없음,이륜,남,61세,중상
2019090800100468,2019년 9월 8일 20시,일요일,인천광역시 남동구 장수동,경상사고,0,0,2,0,차대차 - 후진중충돌,안전운전불이행,건조,맑음,교차로 - 교차로부근,승용,남,58세,상해없음,승용,남,36세,경상
2019090800100490,2019년 9월 8일 21시,일요일,인천광역시 중구 운서동,중상사고,0,4,0,0,차대차 - 기타,안전운전불이행,건조,맑음,단일로 - 기타,승용,남,25세,중상,승용,남,27세,중상
2019090800100491,2019년 9월 8일 21시,일요일,인천광역시 남동구 구월동,경상사고,0,0,1,0,차대차 - 측면충돌,신호위반,건조,맑음,단일로 - 기타,이륜,남,22세,상해없음,승용,남,58세,경상
2019090800100492,2019년 9월 8일 21시,일요일,인천광역시 연수구 송도동,중상사고,0,1,0,0,차대차 - 측면충돌,안전운전불이행,건조,맑음,단일로 - 기타,승용,여,41세,상해없음,이륜,남,17세,중상
2019090800100513,2019년 9월 8일 22시,일요일,인천광역시 서구 청라동,경상사고,0,0,2,0,차대차 - 추돌,안전운전불이행,건조,맑음,교차로 - 교차로안,승용,남,30세,상해없음,승합,남,65세,상해없음
2019090900100048,2019년 9월 9일 03시,월요일,인천광역시 남동구 구월동,경상사고,0,0,1,0,차대차 - 측면충돌,교차로운행방법위반,건조,흐림,교차로 - 교차로안,승용,남,51세,상해없음,승용,남,56세,경상
2019090900100056,2019년 9월 9일 04시,월요일,인천광역시 연수구 송도동,경상사고,0,0,1,0,차대차 - 측면충돌,신호위반,건조,맑음,교차로 - 교차로안,승용,남,57세,상해없음,화물,남,28세,경상
2019090900100114,2019년 9월 9일 07시,월요일,인천광역시 중구 운남동,중상사고,0,1,0,0,차대차 - 측면충돌,신호위반,건조,맑음,교차로 - 교차로안,승용,남,47세,상해없음,승용,남,42세,중상
2019090900100115,2019년 9월 9일 07시,월요일,인천광역시 중구 항동7가,경상사고,0,0,1,0,차대차 - 측면충돌,안전운전불이행,건조,맑음,단일로 - 기타,승용,남,60세,상해없음,승용,남,41세,경상
2019090900100158,2019년 9월 9일 08시,월요일,인천광역시 중구 중산동,경상사고,0,0,1,0,차대차 - 측면충돌,안전운전불이행,건조,맑음,단일로 - 기타,승용,여,51세,상해없음,승용,남,70세,경상
2019090900100159,2019년 9월 9일 08시,월요일,인천광역시 서구 마전동,중상사고,0,1,0,0,차대사람 - 횡단중,안전운전불이행,건조,맑음,교차로 - 교차로부근,승용,여,45세,상해없음,보행자,여,13세,중상
2019090900100160,2019년 9월 9일 08시,월요일,인천광역시 연수구 연수동,경상사고,0,0,1,0,차대차 - 기타,안전운전불이행,건조,맑음,교차로 - 교차로안,승합,남,60세,상해없음,승용,여,44세,경상
2019090900100206,2019년 9월 9일 09시,월요일,인천광역시 부평구 부평동,중상사고,0,1,0,0,차대사람 - 차도통행중,안전운전불이행,건조,맑음,단일로 - 기타,화물,남,46세,상해없음,보행자,여,75세,중상
2019090900100207,2019년 9월 9일 09시,월요일,인천광역시 남동구 장수동,경상사고,0,0,1,0,차대차 - 측면충돌,안전거리미확보,건조,맑음,단일로 - 기타,승용,여,62세,상해없음,승용,여,40세,경상
2019090900100243,2019년 9월 9일 10시,월요일,인천광역시 부평구 산곡동,경상사고,0,0,1,0,차대차 - 기타,안전운전불이행,건조,맑음,단일로 - 기타,승용,여,46세,상해없음,승용,여,34세,경상
2019090900100244,2019년 9월 9일 10시,월요일,인천광역시 남동구 간석동,경상사고,0,0,1,0,차대차 - 추돌,안전거리미확보,젖음/습기,맑음,교차로 - 교차로안,승용,남,21세,상해없음,화물,남,40세,경상
2019090900100245,2019년 9월 9일 10시,월요일,인천광역시 부평구 부평동,경상사고,0,0,1,0,차대차 - 기타,직진우회전진행방해,건조,맑음,교차로 - 교차로안,승용,남,70세,상해없음,자전거,여,47세,경상
2019090900100294,2019년 9월 9일 11시,월요일,인천광역시 부평구 갈산동,경상사고,0,0,2,0,차대차 - 추돌,안전운전불이행,건조,맑음,단일로 - 기타,승용,여,48세,상해없음,승용,남,59세,경상
2019090900100295,2019년 9월 9일 11시,월요일,인천광역시 남동구 구월동,경상사고,0,0,1,0,차대차 - 기타,안전운전불이행,건조,맑음,교차로 - 교차로안,승용,여,60세,상해없음,승용,남,61세,상해없음
2019090900100378,2019년 9월 9일 13시,월요일,인천광역시 서구 경서동,경상사고,0,0,1,1,차대차 - 추돌,안전운전불이행,건조,맑음,단일로 - 기타,건설기계,남,71세,상해없음,화물,남,53세,경상
2019090900100411,2019년 9월 9일 14시,월요일,인천광역시 미추홀구 용현동,중상사고,0,1,0,0,차대사람 - 횡단중,보행자보호의무위반,건조,맑음,교차로 - 교차로횡단보도내,승용,남,62세,상해없음,보행자,남,11세,중상
2019090900100451,2019년 9월 9일 15시,월요일,인천광역시 강화군 교동면,중상사고,0,2,1,0,차대차 - 측면충돌,교차로운행방법위반,건조,맑음,교차로 - 교차로안,승용,남,72세,상해없음,승용,남,54세,경상
2019090900100502,2019년 9월 9일 16시,월요일,인천광역시 미추홀구 주안동,경상사고,0,0,1,0,차대사람 - 기타,중앙선침범,건조,맑음,단일로 - 기타,승용,남,26세,상해없음,보행자,여,64세,경상
2019090900100541,2019년 9월 9일 17시,월요일,인천광역시 서구 가정동,경상사고,0,0,1,0,차대사람 - 기타,안전운전불이행,건조,맑음,교차로 - 교차로안,승용,남,75세,상해없음,보행자,여,11세,경상
2019090900100597,2019년 9월 9일 18시,월요일,인천광역시 남동구 구월동,경상사고,0,0,1,0,차대사람 - 기타,교차로운행방법위반,건조,맑음,교차로 - 교차로안,승용,여,39세,상해없음,보행자,여,52세,경상
2019090900100698,2019년 9월 9일 20시,월요일,인천광역시 계양구 작전동,중상사고,0,1,0,0,차대사람 - 횡단중,신호위반,건조,맑음,교차로 - 교차로부근,승용,남,59세,상해없음,보행자,남,55세,중상
2019090900100699,2019년 9월 9일 20시,월요일,인천광역시 계양구 귤현동,경상사고,0,0,1,0,차대차 - 후진중충돌,안전운전불이행,건조,맑음,단일로 - 기타,승합,남,65세,상해없음,승합,남,57세,상해없음
2019090900100700,2019년 9월 9일 20시,월요일,인천광역시 연수구 송도동,경상사고,0,0,1,0,차대차 - 기타,신호위반,건조,맑음,교차로 - 교차로안,승용,남,52세,상해없음,승합,남,63세,경상
2019090900100701,2019년 9월 9일 20시,월요일,인천광역시 남동구 만수동,경상사고,0,0,1,0,차대차 - 측면충돌,안전운전불이행,건조,맑음,단일로 - 기타,승합,남,57세,상해없음,승용,남,29세,상해없음
2019090900100758,2019년 9월 9일 22시,월요일,인천광역시 미추홀구 주안동,경상사고,0,0,1,0,차대사람 - 기타,기타,건조,맑음,단일로 - 기타,승합,남,67세,상해없음,보행자,여,76세,경상
2019090900100759,2019년 9월 9일 22시,월요일,인천광역시 서구 불로동,경상사고,0,0,1,0,차대차 - 측면충돌,신호위반,건조,맑음,교차로 - 교차로안,승용,남,40세,상해없음,승용,여,59세,경상
2019091000100079,2019년 9월 10일 04시,화요일,인천광역시 연수구 송도동,경상사고,0,0,1,1,차대차 - 추돌,안전운전불이행,젖음/습기,비,교차로 - 교차로부근,승합,남,44세,부상신고,승용,남,53세,경상
2019091000100111,2019년 9월 10일 06시,화요일,인천광역시 서구 청라동,경상사고,0,0,1,0,차대사람 - 보도통행중,안전운전불이행,젖음/습기,비,기타 - 기타,승용,남,32세,상해없음,보행자,여,54세,경상
2019091000100144,2019년 9월 10일 07시,화요일,인천광역시 연수구 청학동,중상사고,0,1,0,0,차대사람 - 차도통행중,안전운전불이행,젖음/습기,비,단일로 - 기타,승용,남,66세,상해없음,보행자,여,81세,중상
2019091000100248,2019년 9월 10일 09시,화요일,인천광역시 중구 운남동,경상사고,0,0,1,0,차대차 - 측면충돌,신호위반,건조,맑음,교차로 - 교차로안,건설기계,남,60세,상해없음,승용,남,44세,경상
2019091000100249,2019년 9월 10일 09시,화요일,인천광역시 부평구 부평동,경상사고,0,0,1,0,차대차 - 기타,안전운전불이행,건조,맑음,교차로 - 교차로안,승용,여,21세,상해없음,승용,여,61세,경상
2019091000100365,2019년 9월 10일 12시,화요일,인천광역시 서구 백석동,경상사고,0,0,2,0,차대차 - 추돌,안전운전불이행,젖음/습기,비,기타 - 기타,화물,남,64세,상해없음,화물,남,65세,경상
2019091000100449,2019년 9월 10일 14시,화요일,인천광역시 강화군 강화읍,중상사고,0,1,0,0,차대사람 - 기타,교차로운행방법위반,젖음/습기,비,교차로 - 교차로부근,승합,남,42세,상해없음,보행자,여,86세,중상
2019091000100450,2019년 9월 10일 14시,화요일,인천광역시 계양구 용종동,경상사고,0,0,1,0,차대차 - 추돌,안전거리미확보,건조,맑음,단일로 - 교량,화물,남,37세,상해없음,승용,남,34세,경상
2019091000100497,2019년 9월 10일 15시,화요일,인천광역시 연수구 연수동,경상사고,0,0,1,1,차대차 - 측면충돌,안전운전불이행,젖음/습기,비,교차로 - 교차로안,승용,여,55세,부상신고,화물,남,36세,경상
2019091000100531,2019년 9월 10일 16시,화요일,인천광역시 중구 항동7가,중상사고,0,1,0,0,차대사람 - 기타,안전운전불이행,젖음/습기,비,단일로 - 기타,화물,남,42세,상해없음,보행자,남,58세,중상
2019091000100532,2019년 9월 10일 16시,화요일,인천광역시 남동구 간석동,사망사고,1,0,0,0,차대사람 - 횡단중,안전운전불이행,젖음/습기,비,단일로 - 기타,승용,남,61세,상해없음,보행자,남,66세,사망
2019091000100581,2019년 9월 10일 17시,화요일,인천광역시 서구 가정동,경상사고,0,0,1,0,차대차 - 기타,신호위반,건조,맑음,교차로 - 교차로안,승용,남,65세,상해없음,원동기,남,17세,경상
2019091000100582,2019년 9월 10일 17시,화요일,인천광역시 부평구 부평동,경상사고,0,0,1,0,차대차 - 측면충돌,교차로운행방법위반,건조,맑음,교차로 - 교차로안,승용,남,49세,상해없음,승용,남,30세,경상
2019091000100619,2019년 9월 10일 18시,화요일,인천광역시 미추홀구 용현동,경상사고,0,0,1,0,차대차 - 측면충돌,교차로운행방법위반,건조,맑음,교차로 - 교차로안,화물,남,56세,상해없음,승용,여,59세,경상
2019091000100678,2019년 9월 10일 19시,화요일,인천광역시 미추홀구 용현동,경상사고,0,0,1,0,차대사람 - 횡단중,안전운전불이행,젖음/습기,비,교차로 - 교차로부근,자전거,남,50세,상해없음,보행자,여,14세,경상
2019091000100679,2019년 9월 10일 19시,화요일,인천광역시 부평구 부평동,경상사고,0,0,2,0,차대사람 - 차도통행중,보행자보호의무위반,젖음/습기,비,교차로 - 교차로안,화물,남,47세,상해없음,보행자,남,61세,경상
2019091000100680,2019년 9월 10일 19시,화요일,인천광역시 부평구 산곡동,경상사고,0,0,1,0,차대차 - 추돌,안전운전불이행,건조,맑음,교차로 - 교차로부근,화물,남,39세,상해없음,승용,여,58세,경상
2019091000100681,2019년 9월 10일 19시,화요일,인천광역시 연수구 옥련동,경상사고,0,0,2,1,차대차 - 추돌,안전거리미확보,젖음/습기,비,단일로 - 기타,승용,남,50세,상해없음,승용,남,30세,경상
2019091000100731,2019년 9월 10일 20시,화요일,인천광역시 중구 운남동,경상사고,0,0,2,0,차대차 - 추돌,안전거리미확보,젖음/습기,비,교차로 - 교차로안,승용,남,42세,상해없음,승용,남,65세,경상
2019091000100774,2019년 9월 10일 21시,화요일,인천광역시 연수구 송도동,경상사고,0,0,1,0,차대차 - 측면충돌,교차로운행방법위반,젖음/습기,비,단일로 - 기타,승용,남,56세,상해없음,승합,여,44세,경상
2019091000100775,2019년 9월 10일 21시,화요일,인천광역시 남동구 서창동,경상사고,0,0,1,0,차량단독 - 공작물충돌,안전운전불이행,젖음/습기,비,단일로 - 기타,승용,남,31세,상해없음,,,,
2019091000100820,2019년 9월 10일 22시,화요일,인천광역시 중구 운서동,경상사고,0,0,1,0,차대차 - 측면충돌,안전운전불이행,젖음/습기,비,단일로 - 기타,승용,남,32세,상해없음,승용,여,39세,경상
2019091000100821,2019년 9월 10일 22시,화요일,인천광역시 부평구 청천동,경상사고,0,0,2,0,차대차 - 기타,차로위반,젖음/습기,비,단일로 - 기타,화물,남,64세,상해없음,승용,남,21세,경상
2019091000100822,2019년 9월 10일 22시,화요일,인천광역시 부평구 갈산동,경상사고,0,0,1,0,차대사람 - 보도통행중,안전운전불이행,젖음/습기,맑음,단일로 - 기타,이륜,남,26세,상해없음,보행자,남,59세,경상
2019091000100852,2019년 9월 10일 23시,화요일,인천광역시 계양구 박촌동,경상사고,0,0,1,0,차대차 - 추돌,안전거리미확보,젖음/습기,비,교차로 - 교차로부근,승용,남,64세,상해없음,승용,남,28세,경상
2019091100100049,2019년 9월 11일 00시,수요일,인천광역시 중구 신흥동3가,중상사고,0,1,0,0,차대사람 - 횡단중,신호위반,젖음/습기,비,교차로 - 교차로부근,승용,여,34세,상해없음,보행자,여,57세,중상
2019091100100050,2019년 9월 11일 00시,수요일,인천광역시 연수구 송도동,중상사고,0,1,1,0,차대차 - 측면충돌,신호위반,건조,맑음,교차로 - 교차로안,승용,남,21세,상해없음,승용,남,59세,경상
2019091100100088,2019년 9월 11일 03시,수요일,인천광역시 부평구 갈산동,중상사고,0,1,1,0,차대차 - 추돌,안전운전불이행,젖음/습기,비,교차로 - 교차로부근,승용,남,30세,상해없음,승용,남,64세,경상
2019091100100089,2019년 9월 11일 03시,수요일,인천광역시 남동구 간석동,경상사고,0,0,2,0,차대차 - 추돌,안전운전불이행,젖음/습기,비,교차로 - 교차로부근,승합,남,40세,기타불명,승용,여,57세,경상
2019091100100100,2019년 9월 11일 04시,수요일,인천광역시 남동구 논현동,중상사고,0,1,0,0,차량단독 - 공작물충돌,안전운전불이행,젖음/습기,비,교차로 - 교차로안,화물,남,56세,중상,,,,
2019091100100123,2019년 9월 11일 06시,수요일,인천광역시 중구 신흥동3가,중상사고,0,1,0,0,차대차 - 기타,차로위반,젖음/습기,흐림,교차로 - 교차로안,화물,남,58세,상해없음,승용,여,47세,중상
2019091100100188,2019년 9월 11일 08시,수요일,인천광역시 미추홀구 용현동,중상사고,0,1,0,0,차대사람 - 횡단중,안전운전불이행,건조,맑음,교차로 - 교차로부근,승용,남,49세,상해없음,보행자,여,74세,중상
2019091100100189,2019년 9월 11일 08시,수요일,인천광역시 남동구 고잔동,경상사고,0,0,1,0,차대차 - 기타,안전운전불이행,건조,맑음,교차로 - 교차로부근,승용,남,51세,상해없음,승용,여,53세,경상
2019091100100232,2019년 9월 11일 09시,수요일,인천광역시 서구 가정동,중상사고,0,1,1,0,차대차 - 기타,안전운전불이행,건조,맑음,교차로 - 교차로부근,승용,남,55세,상해없음,승용,남,39세,중상
2019091100100264,2019년 9월 11일 10시,수요일,인천광역시 남동구 구월동,경상사고,0,0,1,0,차대차 - 측면충돌,안전거리미확보,건조,맑음,단일로 - 기타,승용,남,42세,상해없음,승용,남,23세,경상
2019091100100317,2019년 9월 11일 11시,수요일,인천광역시 중구 중산동,중상사고,0,1,0,0,차대사람 - 횡단중,안전운전불이행,건조,맑음,교차로 - 교차로안,승용,여,60세,상해없음,보행자,여,61세,중상
2019091100100318,2019년 9월 11일 11시,수요일,인천광역시 남동구 구월동,경상사고,0,0,1,0,차대차 - 측면충돌,안전운전불이행,건조,맑음,단일로 - 기타,승용,남,32세,상해없음,승용,남,33세,경상
2019091100100360,2019년 9월 11일 12시,수요일,인천광역시 계양구 임학동,경상사고,0,0,1,0,차대사람 - 기타,안전운전불이행,건조,맑음,단일로 - 기타,승용,남,47세,상해없음,보행자,남,80세,경상
2019091100100391,2019년 9월 11일 13시,수요일,인천광역시 연수구 송도동,중상사고,0,1,1,0,차대차 - 추돌,안전운전불이행,건조,맑음,교차로 - 교차로부근,승용,남,28세,상해없음,승용,여,26세,경상
2019091100100443,2019년 9월 11일 14시,수요일,인천광역시 남동구 만수동,경상사고,0,0,1,0,차대사람 - 길가장자리구역통행중,안전운전불이행,건조,맑음,단일로 - 기타,승용,남,58세,상해없음,보행자,남,60세,경상
2019091100100505,2019년 9월 11일 15시,수요일,인천광역시 계양구 효성동,경상사고,0,0,1,0,차대사람 - 기타,안전운전불이행,건조,맑음,단일로 - 기타,화물,남,42세,상해없음,보행자,남,7세,경상
2019091100100506,2019년 9월 11일 15시,수요일,인천광역시 부평구 갈산동,경상사고,0,0,1,0,차대차 - 측면충돌,안전운전불이행,건조,맑음,교차로 - 교차로안,승용,여,32세,상해없음,승용,여,55세,경상
2019091100100507,2019년 9월 11일 15시,수요일,인천광역시 남동구 논현동,경상사고,0,0,1,0,차대차 - 측면충돌,안전운전불이행,건조,맑음,교차로 - 교차로안,승용,여,59세,상해없음,자전거,남,19세,경상
2019091100100564,2019년 9월 11일 16시,수요일,인천광역시 남동구 간석동,경상사고,0,0,2,0,차대차 - 기타,안전운전불이행,건조,맑음,교차로 - 교차로안,승용,여,54세,상해없음,승용,남,64세,경상
2019091100100565,2019년 9월 11일 16시,수요일,인천광역시 강화군 화도면,경상사고,0,0,2,0,차대차 - 측면충돌,안전운전불이행,건조,맑음,단일로 - 기타,승용,남,79세,상해없음,승용,남,32세,경상
2019091100100620,2019년 9월 11일 17시,수요일,인천광역시 남동구 간석동,중상사고,0,1,0,0,차대사람 - 횡단중,신호위반,건조,맑음,교차로 - 교차로안,승용,남,51세,상해없음,보행자,여,10세,중상
2019091100100621,2019년 9월 11일 17시,수요일,인천광역시 연수구 선학동,중상사고,0,1,0,0,차대사람 - 횡단중,안전운전불이행,건조,맑음,단일로 - 기타,승용,남,77세,상해없음,보행자,남,9세,중상
2019091100100622,2019년 9월 11일 17시,수요일,인천광역시 미추홀구 관교동,중상사고,0,1,2,0,차대차 - 측면충돌,교차로운행방법위반,건조,맑음,교차로 - 교차로부근,승용,남,47세,상해없음,승용,남,25세,경상
2019091100100623,2019년 9월 11일 17시,수요일,인천광역시 연수구 선학동,경상사고,0,0,1,0,차대차 - 기타,안전운전불이행,건조,맑음,교차로 - 교차로안,승용,여,46세,상해없음,승용,여,48세,경상
2019091100100742,2019년 9월 11일 19시,수요일,인천광역시 미추홀구 주안동,경상사고,0,0,1,0,차대차 - 기타,안전운전불이행,건조,맑음,단일로 - 기타,승용,남,31세,상해없음,승용,여,43세,경상
2019091100100779,2019년 9월 11일 20시,수요일,인천광역시 서구 마전동,중상사고,0,1,0,0,차대차 - 정면충돌,안전운전불이행,건조,맑음,교차로 - 교차로안,승용,남,48세,상해없음,이륜,남,48세,중상
2019091100100838,2019년 9월 11일 22시,수요일,인천광역시 남동구 구월동,경상사고,0,0,1,0,차대차 - 정면충돌,신호위반,건조,맑음,교차로 - 교차로안,승용,남,58세,상해없음,이륜,남,19세,경상