사고번호,사고일시,요일,시군구,사고내용,사망자수,중상자수,경상자수,부상신고자수,사고유형,법규위반,노면상태,기상상태,도로형태,가해운전자 차종,가해운전자 성별,가해운전자 연령,가해운전자 상해정도,피해운전자 차종,피해운전자 성별,피해운전자 연령,피해운전자 상해정도
2019092300100426,2019년 9월 23일 16시,월요일,인천광역시 연수구 연수동,경상사고,0,0,1,0,차대사람 - 횡단중,보행자보호의무위반,건조,맑음,교차로 - 교차로횡단보도내,화물,남,58세,상해없음,보행자,여,62세,경상
2019092300100472,2019년 9월 23일 17시,월요일,인천광역시 부평구 십정동,경상사고,0,0,1,0,차대차 - 추돌,안전운전불이행,건조,맑음,단일로 - 기타,승용,남,35세,상해없음,승용,남,53세,경상
2019092300100517,2019년 9월 23일 18시,월요일,인천광역시 계양구 계산동,중상사고,0,1,0,0,차대차 - 추돌,중앙선침범,건조,맑음,단일로 - 기타,승용,여,49세,상해없음,승용,남,59세,중상
2019092300100518,2019년 9월 23일 18시,월요일,인천광역시 계양구 계산동,경상사고,0,0,2,0,차대차 - 측면충돌,차로위반,건조,맑음,기타 - 기타,승용,남,68세,상해없음,승용,남,64세,경상
2019092300100559,2019년 9월 23일 19시,월요일,인천광역시 미추홀구 도화동,경상사고,0,0,1,0,차대차 - 측면충돌,신호위반,건조,맑음,단일로 - 기타,이륜,남,24세,기타불명,승용,남,36세,경상
2019092300100560,2019년 9월 23일 19시,월요일,인천광역시 미추홀구 학익동,부상신고사고,0,0,0,1,차대사람 - 기타,안전운전불이행,건조,맑음,단일로 - 기타,기타불명,기타불명,미분류,기타불명,보행자,여,51세,부상신고
2019092300100561,2019년 9월 23일 19시,월요일,인천광역시 미추홀구 학익동,중상사고,0,1,0,0,차대사람 - 횡단중,안전운전불이행,건조,맑음,교차로 - 교차로부근,승용,여,46세,상해없음,보행자,여,71세,중상
2019092300100562,2019년 9월 23일 19시,월요일,인천광역시 서구 마전동,경상사고,0,0,1,0,차대차 - 측면충돌,안전운전불이행,건조,맑음,단일로 - 기타,승용,여,45세,상해없음,승합,여,56세,경상
2019092300100632,2019년 9월 23일 21시,월요일,인천광역시 동구 송림동,경상사고,0,0,1,0,차대차 - 측면충돌,교차로운행방법위반,건조,맑음,교차로 - 교차로안,승용,남,48세,상해없음,승용,남,35세,경상
2019092400100026,2019년 9월 24일 00시,화요일,인천광역시 미추홀구 도화동,경상사고,0,0,2,0,차대차 - 추돌,안전운전불이행,건조,맑음,교차로 - 교차로안,승용,여,23세,상해없음,승용,남,29세,경상
2019092400100027,2019년 9월 24일 00시,화요일,인천광역시 강화군 강화읍,경상사고,0,0,1,0,차대사람 - 기타,안전운전불이행,건조,맑음,기타 - 기타,승용,여,49세,상해없음,보행자,남,60세,경상
2019092400100040,2019년 9월 24일 01시,화요일,인천광역시 부평구 부평동,경상사고,0,0,5,0,차대차 - 기타,안전운전불이행,건조,맑음,교차로 - 교차로안,승용,남,39세,상해없음,승용,남,21세,경상
2019092400100059,2019년 9월 24일 03시,화요일,인천광역시 연수구 선학동,부상신고사고,0,0,0,1,차량단독 - 전도전복 - 전도,안전운전불이행,건조,맑음,교차로 - 교차로안,이륜,여,25세,부상신고,,,,
2019092400100076,2019년 9월 24일 05시,화요일,인천광역시 미추홀구 숭의동,경상사고,0,0,1,0,차대차 - 측면충돌,안전운전불이행,건조,맑음,단일로 - 기타,승용,남,64세,상해없음,승합,남,40세,경상
2019092400100165,2019년 9월 24일 08시,화요일,인천광역시 서구 공촌동,경상사고,0,0,1,0,차대사람 - 기타,안전운전불이행,건조,맑음,단일로 - 기타,승합,남,58세,기타불명,보행자,여,21세,경상
2019092400100166,2019년 9월 24일 08시,화요일,인천광역시 남동구 수산동,경상사고,0,0,1,1,차대차 - 측면충돌,안전운전불이행,건조,맑음,교차로 - 교차로부근,승용,남,44세,부상신고,승용,남,34세,경상
2019092400100196,2019년 9월 24일 09시,화요일,인천광역시 동구 송림동,경상사고,0,0,1,0,차대차 - 측면충돌,안전운전불이행,건조,맑음,단일로 - 기타,승용,남,57세,상해없음,승용,남,24세,경상
2019092400100239,2019년 9월 24일 10시,화요일,인천광역시 미추홀구 주안동,경상사고,0,0,1,0,차대차 - 후진중충돌,안전운전불이행,건조,맑음,교차로 - 교차로안,승용,남,37세,상해없음,이륜,남,25세,경상
2019092400100240,2019년 9월 24일 10시,화요일,인천광역시 계양구 작전동,중상사고,0,1,0,0,차대차 - 측면충돌,기타,건조,맑음,기타 - 기타,건설기계,남,31세,상해없음,승용,남,65세,중상
2019092400100390,2019년 9월 24일 14시,화요일,인천광역시 남동구 구월동,중상사고,0,1,0,0,차대차 - 측면충돌,안전운전불이행,건조,맑음,교차로 - 교차로부근,승용,여,52세,상해없음,승용,여,48세,중상
2019092400100391,2019년 9월 24일 14시,화요일,인천광역시 계양구 효성동,경상사고,0,0,1,0,차대차 - 측면충돌,신호위반,건조,맑음,교차로 - 교차로안,승용,남,69세,상해없음,화물,남,49세,경상
2019092400100451,2019년 9월 24일 15시,화요일,인천광역시 남동구 간석동,경상사고,0,0,1,0,차대차 - 측면충돌,신호위반,건조,맑음,교차로 - 교차로부근,승용,남,71세,상해없음,승용,여,46세,경상
2019092400100497,2019년 9월 24일 16시,화요일,인천광역시 부평구 삼산동,중상사고,0,1,0,0,차량단독 - 기타,기타,건조,맑음,교차로 - 교차로안,승합,남,66세,상해없음,,,,
2019092400100543,2019년 9월 24일 17시,화요일,인천광역시 동구 화수동,중상사고,0,1,0,0,차대차 - 측면충돌,안전운전불이행,건조,맑음,교차로 - 교차로안,승용,남,50세,상해없음,자전거,남,76세,중상
2019092400100604,2019년 9월 24일 18시,화요일,인천광역시 미추홀구 주안동,중상사고,0,1,0,0,차대차 - 정면충돌,안전운전불이행,건조,맑음,교차로 - 교차로안,이륜,남,50세,상해없음,이륜,남,27세,중상
2019092400100605,2019년 9월 24일 18시,화요일,인천광역시 남동구 구월동,경상사고,0,0,1,0,차대차 - 기타,안전운전불이행,건조,맑음,교차로 - 교차로횡단보도내,승용,남,59세,상해없음,자전거,남,52세,경상
2019092400100657,2019년 9월 24일 19시,화요일,인천광역시 서구 가정동,경상사고,0,0,2,0,차대차 - 측면충돌,신호위반,건조,맑음,단일로 - 기타,승용,남,56세,상해없음,승용,남,24세,경상
2019092400100658,2019년 9월 24일 19시,화요일,인천광역시 남동구 만수동,경상사고,0,0,1,0,차대사람 - 기타,안전운전불이행,건조,맑음,단일로 - 기타,승용,남,58세,상해없음,보행자,남,42세,경상
2019092400100689,2019년 9월 24일 20시,화요일,인천광역시 남동구 구월동,중상사고,0,1,0,0,차대사람 - 횡단중,안전운전불이행,건조,맑음,단일로 - 기타,승합,남,55세,상해없음,보행자,남,46세,중상
2019092400100723,2019년 9월 24일 21시,화요일,인천광역시 미추홀구 주안동,경상사고,0,0,1,0,차대차 - 추돌,안전운전불이행,건조,맑음,교차로 - 교차로안,승용,남,58세,상해없음,이륜,남,59세,경상
2019092400100738,2019년 9월 24일 22시,화요일,인천광역시 미추홀구 숭의동,경상사고,0,0,1,0,차대차 - 측면충돌,안전운전불이행,건조,맑음,단일로 - 기타,이륜,남,35세,상해없음,승용,여,58세,경상
2019092400100755,2019년 9월 24일 23시,화요일,인천광역시 미추홀구 주안동,경상사고,0,0,2,0,차대차 - 측면충돌,안전운전불이행,건조,맑음,교차로 - 교차로부근,승용,남,45세,상해없음,승용,남,26세,경상
2019092500100053,2019년 9월 25일 01시,수요일,인천광역시 연수구 송도동,경상사고,0,0,2,0,차대차 - 측면충돌,중앙선침범,건조,맑음,교차로 - 교차로부근,승용,남,45세,상해없음,승용,남,38세,경상
2019092500100065,2019년 9월 25일 03시,수요일,인천광역시 남동구 고잔동,사망사고,1,0,0,0,차대차 - 추돌,안전운전불이행,건조,맑음,단일로 - 기타,승용,남,33세,사망,화물,남,41세,상해없음
2019092500100083,2019년 9월 25일 05시,수요일,인천광역시 남동구 간석동,경상사고,0,0,1,0,차대차 - 추돌,안전거리미확보,건조,맑음,교차로 - 교차로부근,화물,남,39세,상해없음,승용,남,54세,경상
2019092500100099,2019년 9월 25일 06시,수요일,인천광역시 계양구 임학동,경상사고,0,0,1,0,차대차 - 측면충돌,교차로운행방법위반,건조,맑음,교차로 - 교차로안,승용,남,47세,상해없음,승용,남,33세,경상
2019092500100121,2019년 9월 25일 07시,수요일,인천광역시 미추홀구 주안동,경상사고,0,0,1,0,차대차 - 측면충돌,안전운전불이행,건조,맑음,교차로 - 교차로부근,승용,여,36세,기타불명,화물,남,36세,경상
2019092500100157,2019년 9월 25일 08시,수요일,인천광역시 서구 석남동,부상신고사고,0,0,0,1,차대사람 - 기타,안전운전불이행,건조,맑음,단일로 - 기타,승용,여,41세,상해없음,보행자,남,50세,부상신고
2019092500100205,2019년 9월 25일 09시,수요일,인천광역시 서구 오류동,경상사고,0,0,1,0,차대차 - 측면충돌,중앙선침범,건조,맑음,단일로 - 기타,화물,남,69세,상해없음,승용,남,54세,경상
2019092500100206,2019년 9월 25일 09시,수요일,인천광역시 계양구 계산동,경상사고,0,0,1,0,차대차 - 측면충돌,차로위반,건조,맑음,단일로 - 기타,건설기계,남,42세,상해없음,승용,여,39세,경상
2019092500100207,2019년 9월 25일 09시,수요일,인천광역시 계양구 작전동,중상사고,0,1,0,0,차대사람 - 횡단중,중앙선침범,건조,맑음,교차로 - 교차로횡단보도내,승용,여,63세,상해없음,보행자,여,69세,중상
2019092500100208,2019년 9월 25일 09시,수요일,인천광역시 남동구 만수동,경상사고,0,0,2,0,차대차 - 추돌,안전운전불이행,건조,맑음,단일로 - 기타,승용,남,19세,기타불명,승용,여,45세,경상
2019092500100278,2019년 9월 25일 11시,수요일,인천광역시 남동구 간석동,경상사고,0,0,2,0,차대차 - 정면충돌,안전운전불이행,건조,맑음,교차로 - 교차로안,승용,남,70세,상해없음,승용,남,65세,경상
2019092500100279,2019년 9월 25일 11시,수요일,인천광역시 부평구 삼산동,경상사고,0,0,1,0,차대차 - 추돌,안전거리미확보,건조,맑음,단일로 - 기타,이륜,남,48세,경상,승용,여,34세,상해없음
2019092500100303,2019년 9월 25일 12시,수요일,인천광역시 미추홀구 숭의동,중상사고,0,1,0,0,차대사람 - 횡단중,안전운전불이행,건조,맑음,교차로 - 교차로횡단보도내,승용,남,60세,상해없음,보행자,여,81세,중상
2019092500100304,2019년 9월 25일 12시,수요일,인천광역시 미추홀구 도화동,경상사고,0,0,1,0,차대차 - 추돌,안전운전불이행,건조,맑음,단일로 - 기타,승용,남,23세,상해없음,승용,남,66세,경상
2019092500100305,2019년 9월 25일 12시,수요일,인천광역시 부평구 부평동,경상사고,0,0,2,0,차대차 - 측면충돌,안전운전불이행,건조,맑음,단일로 - 기타,승용,여,29세,기타불명,승용,남,26세,경상
2019092500100306,2019년 9월 25일 12시,수요일,인천광역시 계양구 계산동,경상사고,0,0,1,0,차대차 - 기타,안전운전불이행,건조,기타,단일로 - 기타,승용,여,61세,상해없음,이륜,남,58세,경상
2019092500100329,2019년 9월 25일 13시,수요일,인천광역시 남동구 만수동,경상사고,0,0,1,0,차대사람 - 기타,안전운전불이행,건조,맑음,교차로 - 교차로횡단보도내,화물,남,50세,상해없음,보행자,여,53세,경상
2019092500100366,2019년 9월 25일 14시,수요일,인천광역시 계양구 계산동,경상사고,0,0,1,0,차대차 - 추돌,안전운전불이행,건조,맑음,단일로 - 기타,화물,남,56세,상해없음,이륜,남,17세,경상
2019092500100367,2019년 9월 25일 14시,수요일,인천광역시 남동구 남촌동,경상사고,0,0,1,0,차대차 - 추돌,안전운전불이행,건조,맑음,교차로 - 교차로안,승용,여,54세,상해없음,승용,여,36세,경상
2019092500100406,2019년 9월 25일 15시,수요일,인천광역시 남동구 장수동,경상사고,0,0,2,0,차대차 - 측면충돌,신호위반,건조,맑음,교차로 - 교차로안,화물,남,66세,상해없음,화물,남,51세,경상
2019092500100451,2019년 9월 25일 16시,수요일,인천광역시 미추홀구 도화동,경상사고,0,0,2,0,차대차 - 측면충돌,중앙선침범,건조,맑음,단일로 - 기타,승용,남,64세,상해없음,승용,여,48세,경상
2019092500100498,2019년 9월 25일 17시,수요일,인천광역시 남동구 간석동,경상사고,0,0,1,0,차대차 - 측면충돌,안전운전불이행,건조,맑음,교차로 - 교차로안,승용,남,33세,상해없음,화물,남,47세,경상
2019092500100552,2019년 9월 25일 18시,수요일,인천광역시 미추홀구 학익동,중상사고,0,1,0,0,차대차 - 추돌,안전운전불이행,건조,맑음,기타 - 기타,승용,남,63세,상해없음,승용,여,43세,중상
2019092500100553,2019년 9월 25일 18시,수요일,인천광역시 연수구 송도동,경상사고,0,0,1,0,차대차 - 기타,신호위반,건조,맑음,교차로 - 교차로안,이륜,남,20세,상해없음,승용,남,23세,경상
2019092500100554,2019년 9월 25일 18시,수요일,인천광역시 남동구 논현동,경상사고,0,0,1,0,차대차 - 측면충돌,교차로운행방법위반,건조,맑음,교차로 - 교차로안,승용,여,64세,상해없음,승용,남,37세,경상
2019092500100600,2019년 9월 25일 19시,수요일,인천광역시 부평구 십정동,경상사고,0,0,1,0,차대차 - 기타,신호위반,건조,맑음,교차로 - 교차로안,화물,남,25세,상해없음,이륜,남,57세,경상
2019092500100601,2019년 9월 25일 19시,수요일,인천광역시 부평구 부평동,경상사고,0,0,2,0,차대차 - 측면충돌,안전운전불이행,건조,맑음,단일로 - 기타,승합,남,47세,상해없음,승용,남,26세,경상
2019092500100700,2019년 9월 25일 23시,수요일,인천광역시 연수구 송도동,경상사고,0,0,3,0,차대차 - 기타,신호위반,건조,맑음,교차로 - 교차로안,승용,남,63세,상해없음,승용,남,58세,경상
2019092600100054,2019년 9월 26일 04시,목요일,인천광역시 연수구 선학동,중상사고,0,2,0,0,차량단독 - 공작물충돌,안전운전불이행,건조,맑음,단일로 - 기타,승용,남,69세,상해없음,,,,
2019092600100079,2019년 9월 26일 06시,목요일,인천광역시 서구 가좌동,사망사고,1,0,0,0,차대사람 - 차도통행중,안전운전불이행,건조,맑음,교차로 - 교차로안,화물,남,65세,상해없음,보행자,여,56세,사망
2019092600100080,2019년 9월 26일 06시,목요일,인천광역시 남동구 고잔동,경상사고,0,0,2,0,차대차 - 측면충돌,안전운전불이행,건조,맑음,단일로 - 기타,승합,남,65세,상해없음,승용,남,59세,경상
2019092600100142,2019년 9월 26일 08시,목요일,인천광역시 중구 신흥동2가,부상신고사고,0,0,0,1,차대차 - 측면충돌,안전거리미확보,건조,맑음,단일로 - 기타,자전거,남,13세,부상신고,승용,남,63세,상해없음
2019092600100143,2019년 9월 26일 08시,목요일,인천광역시 서구 청라동,경상사고,0,0,1,0,차대차 - 추돌,안전운전불이행,건조,맑음,기타 - 기타,승용,남,23세,기타불명,승용,남,43세,경상
2019092600100144,2019년 9월 26일 08시,목요일,인천광역시 서구 왕길동,경상사고,0,0,1,0,차대차 - 추돌,안전운전불이행,건조,맑음,교차로 - 교차로부근,승용,여,37세,상해없음,승용,여,52세,경상
2019092600100205,2019년 9월 26일 10시,목요일,인천광역시 연수구 송도동,중상사고,0,1,0,0,차대차 - 측면충돌,안전운전불이행,건조,맑음,교차로 - 교차로부근,화물,남,61세,상해없음,자전거,여,49세,중상
2019092600100206,2019년 9월 26일 10시,목요일,인천광역시 부평구 삼산동,중상사고,0,1,0,0,차량단독 - 기타,기타,건조,맑음,교차로 - 교차로부근,승합,남,44세,상해없음,,,,
2019092600100239,2019년 9월 26일 11시,목요일,인천광역시 중구 내동,중상사고,0,1,0,0,차대사람 - 횡단중,보행자보호의무위반,건조,맑음,교차로 - 교차로안,화물,남,41세,상해없음,보행자,여,69세,중상
2019092600100240,2019년 9월 26일 11시,목요일,인천광역시 연수구 동춘동,경상사고,0,0,1,0,차대차 - 추돌,안전거리미확보,건조,맑음,단일로 - 기타,승용,남,53세,상해없음,특수,남,37세,경상
2019092600100241,2019년 9월 26일 11시,목요일,인천광역시 부평구 부평동,경상사고,0,0,1,0,차대차 - 기타,교차로운행방법위반,건조,맑음,교차로 - 교차로안,이륜,남,23세,상해없음,승용,남,37세,경상
2019092600100274,2019년 9월 26일 12시,목요일,인천광역시 서구 가좌동,경상사고,0,0,1,0,차대사람 - 횡단중,안전운전불이행,건조,맑음,단일로 - 기타,승용,남,62세,상해없음,보행자,여,57세,경상
2019092600100275,2019년 9월 26일 12시,목요일,인천광역시 남동구 남촌동,중상사고,0,1,0,0,차대사람 - 길가장자리구역통행중,안전운전불이행,건조,맑음,단일로 - 기타,화물,남,65세,상해없음,보행자,남,51세,중상
2019092600100336,2019년 9월 26일 14시,목요일,인천광역시 미추홀구 도화동,경상사고,0,0,2,0,차대차 - 추돌,안전운전불이행,건조,맑음,교차로 - 교차로부근,승용,남,55세,상해없음,화물,남,50세,경상
2019092600100337,2019년 9월 26일 14시,목요일,인천광역시 남동구 간석동,경상사고,0,0,1,0,차대차 - 추돌,안전거리미확보,건조,맑음,단일로 - 기타,승용,남,58세,상해없음,승용,여,40세,경상
2019092600100369,2019년 9월 26일 15시,목요일,인천광역시 미추홀구 주안동,경상사고,0,0,1,0,차대차 - 후진중충돌,안전운전불이행,건조,맑음,단일로 - 기타,승용,남,25세,상해없음,이륜,남,44세,경상
2019092600100452,2019년 9월 26일 17시,목요일,인천광역시 부평구 갈산동,경상사고,0,0,1,0,차대차 - 측면충돌,안전운전불이행,건조,맑음,교차로 - 교차로안,승용,남,30세,상해없음,승합,남,54세,상해없음
2019092600100509,2019년 9월 26일 18시,목요일,인천광역시 서구 청라동,부상신고사고,0,0,0,1,차대차 - 기타,안전운전불이행,건조,맑음,교차로 - 교차로횡단보도내,승용,남,47세,상해없음,자전거,여,11세,부상신고
2019092600100510,2019년 9월 26일 18시,목요일,인천광역시 서구 검암동,경상사고,0,0,1,0,차대사람 - 기타,안전운전불이행,건조,맑음,단일로 - 기타,승용,여,30세,상해없음,보행자,남,57세,경상
2019092600100511,2019년 9월 26일 18시,목요일,인천광역시 남동구 남촌동,중상사고,0,1,0,0,차대차 - 기타,안전운전불이행,건조,맑음,교차로 - 교차로안,승용,여,36세,상해없음,승용,남,50세,중상
2019092600100512,2019년 9월 26일 18시,목요일,인천광역시 남동구 장수동,경상사고,0,0,1,0,차대차 - 추돌,안전운전불이행,건조,맑음,단일로 - 터널,승용,남,28세,기타불명,승용,남,55세,경상
2019092600100562,2019년 9월 26일 19시,목요일,인천광역시 중구 을왕동,경상사고,0,0,4,0,차대차 - 추돌,안전운전불이행,건조,맑음,교차로 - 교차로부근,승용,남,59세,경상,승용,남,42세,경상
2019092600100563,2019년 9월 26일 19시,목요일,인천광역시 미추홀구 주안동,부상신고사고,0,0,0,1,차대차 - 측면충돌,안전운전불이행,건조,맑음,단일로 - 기타,승용,남,44세,상해없음,화물,남,35세,부상신고
2019092600100564,2019년 9월 26일 19시,목요일,인천광역시 부평구 부평동,경상사고,0,0,1,0,차대사람 - 횡단중,신호위반,건조,맑음,단일로 - 기타,이륜,남,29세,상해없음,보행자,남,77세,경상
2019092600100592,2019년 9월 26일 20시,목요일,인천광역시 미추홀구 주안동,경상사고,0,0,1,0,차대사람 - 길가장자리구역통행중,안전운전불이행,건조,맑음,단일로 - 기타,승용,남,38세,상해없음,보행자,남,43세,경상
2019092600100646,2019년 9월 26일 22시,목요일,인천광역시 연수구 선학동,경상사고,0,0,1,0,차대차 - 측면충돌,안전운전불이행,건조,맑음,단일로 - 기타,승용,남,33세,상해없음,화물,남,34세,경상
2019092600100667,2019년 9월 26일 23시,목요일,인천광역시 부평구 산곡동,중상사고,0,1,0,0,차대차 - 측면충돌,중앙선침범,건조,맑음,단일로 - 기타,승용,남,44세,상해없음,자전거,남,18세,중상
2019092600100668,2019년 9월 26일 23시,목요일,인천광역시 남동구 논현동,경상사고,0,0,1,0,차대차 - 측면충돌,안전거리미확보,건조,맑음,단일로 - 기타,승용,남,72세,상해없음,이륜,남,35세,경상
2019092700100044,2019년 9월 27일 00시,금요일,인천광역시 남동구 만수동,사망사고,2,2,5,0,차대차 - 추돌,안전운전불이행,건조,맑음,단일로 - 기타,화물,남,61세,사망,화물,남,54세,중상
2019092700100051,2019년 9월 27일 01시,금요일,인천광역시 옹진군 영흥면,부상신고사고,0,0,0,1,차대사람 - 기타,안전운전불이행,건조,맑음,단일로 - 교량,승용,남,50세,상해없음,보행자,여,31세,부상신고
2019092700100052,2019년 9월 27일 01시,금요일,인천광역시 남동구 구월동,중상사고,0,1,1,0,차대차 - 정면충돌,신호위반,건조,맑음,교차로 - 교차로안,승용,남,23세,중상,승용,남,44세,경상
2019092700100053,2019년 9월 27일 01시,금요일,인천광역시 계양구 계산동,경상사고,0,0,1,0,차대차 - 측면충돌,안전운전불이행,건조,맑음,교차로 - 교차로안,승용,남,45세,상해없음,승용,남,53세,경상
2019092700100054,2019년 9월 27일 01시,금요일,인천광역시 부평구 삼산동,중상사고,0,1,0,0,차대차 - 추돌,안전운전불이행,건조,맑음,교차로 - 교차로부근,화물,남,59세,상해없음,승용,남,59세,중상
2019092700100066,2019년 9월 27일 03시,금요일,인천광역시 서구 석남동,중상사고,0,1,0,0,차대차 - 기타,안전운전불이행,건조,맑음,교차로 - 교차로부근,승용,남,28세,상해없음,이륜,남,17세,중상
2019092700100087,2019년 9월 27일 05시,금요일,인천광역시 계양구 장기동,경상사고,0,0,1,0,차대차 - 추돌,안전거리미확보,건조,맑음,단일로 - 기타,승용,여,48세,상해없음,승용,남,53세,경상
2019092700100135,2019년 9월 27일 07시,금요일,인천광역시 중구 북성동1가,중상사고,0,1,0,0,차대사람 - 횡단중,보행자보호의무위반,건조,맑음,교차로 - 교차로횡단보도내,승합,남,66세,상해없음,보행자,남,51세,중상
2019092700100176,2019년 9월 27일 08시,금요일,인천광역시 연수구 옥련동,중상사고,0,1,0,0,차대사람 - 횡단중,신호위반,건조,맑음,교차로 - 교차로횡단보도내,자전거,남,12세,상해없음,보행자,여,7세,중상
2019092700100220,2019년 9월 27일 09시,금요일,인천광역시 중구 신흥동3가,경상사고,0,0,1,0,차대사람 - 기타,안전운전불이행,건조,맑음,단일로 - 기타,화물,남,60세,상해없음,보행자,여,57세,경상
2019092700100221,2019년 9월 27일 09시,금요일,인천광역시 남동구 간석동,경상사고,0,0,1,0,차대차 - 측면충돌,교차로운행방법위반,건조,맑음,교차로 - 교차로안,승용,여,68세,상해없음,자전거,남,39세,경상
2019092700100257,2019년 9월 27일 10시,금요일,인천광역시 중구 운서동,경상사고,0,0,1,0,차대차 - 측면충돌,신호위반,건조,맑음,교차로 - 교차로부근,화물,남,65세,기타불명,승용,남,46세,경상
2019092700100258,2019년 9월 27일 10시,금요일,인천광역시 남동구 만수동,경상사고,0,0,4,0,차대차 - 추돌,안전운전불이행,건조,맑음,단일로 - 기타,승용,남,65세,상해없음,승용,여,28세,경상
2019092700100402,2019년 9월 27일 14시,금요일,인천광역시 미추홀구 숭의동,부상신고사고,0,0,0,1,차대사람 - 기타,안전운전불이행,건조,맑음,교차로 - 교차로횡단보도내,기타불명,기타불명,미분류,기타불명,보행자,남,64세,부상신고
2019092700100403,2019년 9월 27일 14시,금요일,인천광역시 계양구 효성동,경상사고,0,0,2,0,차대사람 - 보도통행중,보행자보호의무위반,건조,맑음,교차로 - 교차로횡단보도내,승용,남,60세,상해없음,보행자,남,10세,경상
2019092700100440,2019년 9월 27일 15시,금요일,인천광역시 남동구 구월동,경상사고,0,0,5,0,차대차 - 추돌,안전운전불이행,건조,맑음,교차로 - 교차로부근,승용,남,62세,상해없음,승용,남,35세,경상
2019092700100482,2019년 9월 27일 16시,금요일,인천광역시 남동구 구월동,경상사고,0,0,1,0,차대차 - 측면충돌,안전운전불이행,건조,맑음,단일로 - 기타,승용,여,55세,기타불명,승용,남,35세,경상
2019092700100483,2019년 9월 27일 16시,금요일,인천광역시 남동구 고잔동,중상사고,0,1,0,0,차대차 - 기타,안전운전불이행,건조,맑음,단일로 - 기타,이륜,남,25세,상해없음,자전거,남,55세,중상
2019092700100529,2019년 9월 27일 17시,금요일,인천광역시 서구 금곡동,경상사고,0,0,1,0,차대차 - 측면충돌,안전운전불이행,건조,맑음,단일로 - 기타,승용,남,58세,상해없음,승용,남,58세,경상
2019092700100530,2019년 9월 27일 17시,금요일,인천광역시 서구 왕길동,경상사고,0,0,1,0,차대사람 - 차도통행중,기타,건조,맑음,교차로 - 교차로부근,승용,남,50세,상해없음,보행자,남,6세,경상
2019092700100531,2019년 9월 27일 17시,금요일,인천광역시 연수구 동춘동,중상사고,0,1,0,0,차대사람 - 횡단중,신호위반,건조,맑음,교차로 - 교차로횡단보도내,이륜,남,59세,상해없음,보행자,남,67세,중상
2019092700100532,2019년 9월 27일 17시,금요일,인천광역시 부평구 일신동,경상사고,0,0,1,0,차대차 - 기타,안전운전불이행,건조,맑음,교차로 - 교차로안,승용,남,60세,상해없음,특수,남,50세,경상
2019092700100637,2019년 9월 27일 19시,금요일,인천광역시 중구 운남동,부상신고사고,0,0,0,1,차대사람 - 기타,신호위반,건조,맑음,단일로 - 기타,원동기,남,24세,상해없음,보행자,남,58세,부상신고
2019092700100638,2019년 9월 27일 19시,금요일,인천광역시 남동구 간석동,사망사고,1,0,0,0,차대차 - 측면충돌,신호위반,건조,맑음,교차로 - 교차로안,승용,남,62세,상해없음,이륜,남,25세,사망
2019092700100639,2019년 9월 27일 19시,금요일,인천광역시 계양구 작전동,경상사고,0,0,1,0,차대차 - 기타,안전운전불이행,건조,맑음,단일로 - 기타,승용,남,71세,상해없음,이륜,남,21세,경상
2019092700100677,2019년 9월 27일 20시,금요일,인천광역시 미추홀구 주안동,경상사고,0,0,1,0,차대차 - 후진중충돌,안전운전불이행,건조,맑음,교차로 - 교차로부근,승용,남,30세,상해없음,이륜,남,25세,경상
2019092700100767,2019년 9월 27일 23시,금요일,인천광역시 서구 가정동,중상사고,0,1,0,0,차대차 - 기타,안전거리미확보,건조,맑음,단일로 - 지하차도(도로)내,승용,남,28세,상해없음,승용,여,33세,중상
2019092800100054,2019년 9월 28일 00시,토요일,인천광역시 부평구 부평동,경상사고,0,0,3,0,차대차 - 추돌,안전운전불이행,건조,맑음,교차로 - 교차로부근,승용,남,28세,상해없음,승용,남,61세,경상
2019092800100055,2019년 9월 28일 00시,토요일,인천광역시 강화군 길상면,중상사고,0,1,0,0,차대사람 - 길가장자리구역통행중,안전운전불이행,건조,맑음,단일로 - 기타,화물,남,42세,상해없음,보행자,남,51세,중상
2019092800100076,2019년 9월 28일 01시,토요일,인천광역시 서구 가정동,중상사고,0,1,1,0,차대차 - 추돌,안전운전불이행,건조,맑음,교차로 - 교차로부근,승용,남,30세,상해없음,승용,남,38세,경상
2019092800100077,2019년 9월 28일 01시,토요일,인천광역시 서구 당하동,경상사고,0,0,2,0,차대차 - 추돌,안전운전불이행,건조,맑음,단일로 - 기타,승용,남,34세,상해없음,승용,남,26세,경상
2019092800100078,2019년 9월 28일 01시,토요일,인천광역시 미추홀구 용현동,사망사고,1,0,1,0,차대차 - 추돌,안전운전불이행,건조,맑음,단일로 - 기타,승용,남,31세,사망,특수,남,49세,경상
2019092800100095,2019년 9월 28일 02시,토요일,인천광역시 남동구 만수동,경상사고,0,0,3,0,차대차 - 추돌,안전운전불이행,건조,맑음,교차로 - 교차로부근,승용,남,32세,상해없음,승용,여,61세,경상
2019092800100107,2019년 9월 28일 03시,토요일,인천광역시 서구 청라동,경상사고,0,0,4,0,차대차 - 기타,안전운전불이행,건조,맑음,단일로 - 기타,승용,여,37세,상해없음,승용,남,38세,경상