사고번호,사고일시,요일,시군구,사고내용,사망자수,중상자수,경상자수,부상신고자수,사고유형,법규위반,노면상태,기상상태,도로형태,가해운전자 차종,가해운전자 성별,가해운전자 연령,가해운전자 상해정도,피해운전자 차종,피해운전자 성별,피해운전자 연령,피해운전자 상해정도
2019100700100037,2019년 10월 7일 01시,월요일,인천광역시 서구 가좌동,경상사고,0,0,1,0,차대차 - 측면충돌,안전운전불이행,건조,맑음,단일로 - 기타,승용,남,37세,상해없음,승용,남,46세,경상
2019100700100046,2019년 10월 7일 03시,월요일,인천광역시 부평구 삼산동,경상사고,0,0,1,0,차대차 - 기타,안전운전불이행,젖음/습기,비,단일로 - 기타,기타불명,기타불명,미분류,기타불명,승용,남,50세,경상
2019100700100077,2019년 10월 7일 05시,월요일,인천광역시 중구 운서동,경상사고,0,0,2,0,차대차 - 추돌,과속,젖음/습기,비,단일로 - 기타,승용,남,48세,상해없음,승합,남,32세,경상
2019100700100078,2019년 10월 7일 05시,월요일,인천광역시 서구 공촌동,경상사고,0,0,1,0,차대차 - 측면충돌,안전운전불이행,건조,맑음,단일로 - 기타,승용,남,61세,상해없음,이륜,남,50세,경상
2019100700100098,2019년 10월 7일 06시,월요일,인천광역시 남동구 구월동,경상사고,0,0,1,0,차량단독 - 기타,안전운전불이행,젖음/습기,비,단일로 - 기타,승합,남,51세,기타불명,,,,
2019100700100125,2019년 10월 7일 07시,월요일,인천광역시 남동구 간석동,경상사고,0,0,1,0,차대차 - 추돌,안전운전불이행,젖음/습기,비,단일로 - 기타,승용,여,48세,기타불명,승합,남,46세,경상
2019100700100126,2019년 10월 7일 07시,월요일,인천광역시 서구 왕길동,중상사고,0,1,0,0,차대차 - 기타,안전운전불이행,젖음/습기,비,단일로 - 기타,화물,남,30세,상해없음,승용,남,37세,중상
2019100700100127,2019년 10월 7일 07시,월요일,인천광역시 서구 청라동,경상사고,0,0,1,0,차대차 - 추돌,안전운전불이행,건조,맑음,교차로 - 교차로부근,승용,남,32세,상해없음,승용,여,31세,경상
2019100700100128,2019년 10월 7일 07시,월요일,인천광역시 계양구 병방동,경상사고,0,0,1,0,차대차 - 추돌,안전운전불이행,젖음/습기,비,단일로 - 지하차도(도로)내,화물,남,34세,상해없음,승합,남,42세,경상
2019100700100184,2019년 10월 7일 08시,월요일,인천광역시 미추홀구 용현동,중상사고,0,1,0,0,차대사람 - 기타,신호위반,젖음/습기,비,교차로 - 교차로안,승용,남,37세,상해없음,보행자,남,88세,중상
2019100700100218,2019년 10월 7일 09시,월요일,인천광역시 동구 송림동,경상사고,0,0,1,0,차대사람 - 기타,안전운전불이행,건조,맑음,기타 - 기타,승합,남,40세,상해없음,보행자,남,54세,경상
2019100700100219,2019년 10월 7일 09시,월요일,인천광역시 미추홀구 주안동,경상사고,0,0,1,0,차대차 - 추돌,안전거리미확보,젖음/습기,비,단일로 - 기타,승용,남,71세,상해없음,승용,남,71세,상해없음
2019100700100257,2019년 10월 7일 10시,월요일,인천광역시 서구 왕길동,중상사고,0,1,1,0,차대차 - 측면충돌,신호위반,젖음/습기,비,교차로 - 교차로안,승합,남,51세,중상,화물,남,49세,경상
2019100700100258,2019년 10월 7일 10시,월요일,인천광역시 부평구 일신동,중상사고,0,2,0,0,차대차 - 추돌,안전운전불이행,젖음/습기,비,단일로 - 지하차도(도로)내,화물,남,51세,상해없음,화물,남,62세,중상
2019100700100291,2019년 10월 7일 11시,월요일,인천광역시 미추홀구 숭의동,경상사고,0,0,2,0,차대차 - 측면충돌,안전운전불이행,젖음/습기,비,단일로 - 기타,승용,남,70세,상해없음,승용,여,56세,경상
2019100700100324,2019년 10월 7일 12시,월요일,인천광역시 남동구 구월동,경상사고,0,0,1,0,차대차 - 기타,안전운전불이행,젖음/습기,비,단일로 - 기타,승용,남,64세,상해없음,이륜,남,47세,경상
2019100700100350,2019년 10월 7일 13시,월요일,인천광역시 계양구 계산동,경상사고,0,0,1,0,차대차 - 정면충돌,교차로운행방법위반,건조,맑음,교차로 - 교차로안,승용,여,54세,상해없음,승용,남,56세,경상
2019100700100391,2019년 10월 7일 14시,월요일,인천광역시 중구 운남동,경상사고,0,0,2,0,차대차 - 추돌,안전운전불이행,건조,맑음,교차로 - 교차로안,승용,남,46세,상해없음,승용,여,44세,경상
2019100700100432,2019년 10월 7일 15시,월요일,인천광역시 미추홀구 관교동,경상사고,0,0,2,0,차대차 - 추돌,안전거리미확보,젖음/습기,비,교차로 - 교차로안,승용,남,54세,상해없음,승용,남,45세,경상
2019100700100433,2019년 10월 7일 15시,월요일,인천광역시 서구 가좌동,경상사고,0,0,1,0,차대차 - 기타,안전운전불이행,젖음/습기,비,교차로 - 교차로안,승용,여,63세,기타불명,승용,남,57세,경상
2019100700100468,2019년 10월 7일 16시,월요일,인천광역시 남동구 간석동,경상사고,0,0,1,0,차대차 - 측면충돌,교차로운행방법위반,젖음/습기,비,교차로 - 교차로안,승용,남,69세,상해없음,승용,남,36세,경상
2019100700100503,2019년 10월 7일 17시,월요일,인천광역시 부평구 삼산동,경상사고,0,0,1,0,차대차 - 측면충돌,안전거리미확보,건조,맑음,단일로 - 기타,승용,남,46세,상해없음,승용,남,71세,경상
2019100700100563,2019년 10월 7일 18시,월요일,인천광역시 미추홀구 숭의동,경상사고,0,0,4,0,차대차 - 기타,안전운전불이행,젖음/습기,흐림,단일로 - 기타,화물,남,60세,상해없음,승용,남,36세,경상
2019100700100564,2019년 10월 7일 18시,월요일,인천광역시 서구 석남동,경상사고,0,0,1,0,차대차 - 추돌,안전운전불이행,건조,맑음,단일로 - 기타,특수,남,60세,상해없음,화물,남,55세,경상
2019100700100565,2019년 10월 7일 18시,월요일,인천광역시 부평구 삼산동,중상사고,0,1,0,0,차대차 - 측면충돌,안전운전불이행,젖음/습기,비,단일로 - 기타,승용,여,58세,상해없음,이륜,남,59세,중상
2019100700100621,2019년 10월 7일 19시,월요일,인천광역시 남동구 구월동,경상사고,0,0,1,0,차대차 - 측면충돌,안전운전불이행,건조,맑음,기타 - 기타,승용,남,24세,상해없음,승용,남,22세,경상
2019100700100652,2019년 10월 7일 20시,월요일,인천광역시 부평구 청천동,경상사고,0,0,2,0,차대차 - 기타,안전운전불이행,건조,맑음,교차로 - 교차로부근,승용,여,50세,상해없음,승용,남,21세,경상
2019100700100653,2019년 10월 7일 20시,월요일,인천광역시 계양구 작전동,경상사고,0,0,2,0,차대차 - 기타,안전운전불이행,건조,맑음,교차로 - 교차로안,화물,남,56세,상해없음,승용,남,31세,경상
2019100700100683,2019년 10월 7일 21시,월요일,인천광역시 서구 가좌동,중상사고,0,1,0,0,차량단독 - 기타,안전운전불이행,건조,맑음,교차로 - 교차로부근,승합,남,55세,상해없음,,,,
2019100700100684,2019년 10월 7일 21시,월요일,인천광역시 강화군 강화읍,경상사고,0,0,2,0,차대차 - 추돌,안전운전불이행,건조,맑음,교차로 - 교차로부근,승용,여,61세,상해없음,승용,남,62세,경상
2019100700100685,2019년 10월 7일 21시,월요일,인천광역시 부평구 삼산동,경상사고,0,0,1,0,차량단독 - 공작물충돌,안전운전불이행,건조,맑음,교차로 - 교차로부근,승용,남,20세,상해없음,,,,
2019100700100703,2019년 10월 7일 22시,월요일,인천광역시 미추홀구 주안동,중상사고,0,1,0,0,차대사람 - 횡단중,보행자보호의무위반,건조,맑음,교차로 - 교차로횡단보도내,승용,여,23세,상해없음,보행자,여,56세,중상
2019100700100720,2019년 10월 7일 23시,월요일,인천광역시 부평구 부평동,경상사고,0,0,2,0,차대차 - 추돌,안전운전불이행,젖음/습기,흐림,단일로 - 기타,승용,남,30세,상해없음,승용,남,48세,경상
2019100700100721,2019년 10월 7일 23시,월요일,인천광역시 서구 청라동,경상사고,0,0,1,0,차대사람 - 기타,안전운전불이행,건조,맑음,기타 - 기타,승용,남,31세,상해없음,보행자,남,49세,경상
2019100800100061,2019년 10월 8일 02시,화요일,인천광역시 미추홀구 주안동,부상신고사고,0,0,0,1,차대사람 - 기타,안전운전불이행,건조,맑음,단일로 - 기타,기타불명,기타불명,미분류,기타불명,보행자,여,27세,부상신고
2019100800100079,2019년 10월 8일 05시,화요일,인천광역시 남동구 고잔동,경상사고,0,0,1,0,차대차 - 추돌,안전운전불이행,건조,맑음,단일로 - 기타,기타불명,기타불명,미분류,기타불명,화물,여,59세,경상
2019100800100101,2019년 10월 8일 06시,화요일,인천광역시 서구 오류동,경상사고,0,0,1,0,차대차 - 정면충돌,신호위반,젖음/습기,흐림,교차로 - 교차로안,화물,남,25세,상해없음,승용,남,52세,경상
2019100800100130,2019년 10월 8일 07시,화요일,인천광역시 서구 가좌동,경상사고,0,0,1,0,차대차 - 추돌,안전운전불이행,건조,맑음,단일로 - 기타,화물,남,41세,상해없음,승용,남,59세,경상
2019100800100131,2019년 10월 8일 07시,화요일,인천광역시 서구 마전동,경상사고,0,0,1,0,차대차 - 기타,안전운전불이행,건조,맑음,단일로 - 기타,이륜,남,18세,상해없음,승용,남,39세,경상
2019100800100132,2019년 10월 8일 07시,화요일,인천광역시 남동구 고잔동,중상사고,0,1,0,0,차대차 - 측면충돌,안전운전불이행,건조,맑음,단일로 - 기타,화물,남,63세,상해없음,자전거,남,57세,중상
2019100800100241,2019년 10월 8일 10시,화요일,인천광역시 서구 가좌동,경상사고,0,0,1,0,차량단독 - 전도전복 - 전도,안전운전불이행,건조,맑음,단일로 - 기타,승용,여,39세,상해없음,,,,
2019100800100242,2019년 10월 8일 10시,화요일,인천광역시 서구 왕길동,경상사고,0,0,1,0,차대차 - 후진중충돌,안전운전불이행,건조,맑음,단일로 - 기타,승용,여,49세,상해없음,승용,여,50세,경상
2019100800100281,2019년 10월 8일 11시,화요일,인천광역시 중구 운서동,경상사고,0,0,2,0,차대차 - 측면충돌,안전운전불이행,건조,맑음,교차로 - 교차로부근,승용,여,37세,경상,승용,남,31세,경상
2019100800100282,2019년 10월 8일 11시,화요일,인천광역시 미추홀구 숭의동,경상사고,0,0,1,0,차대차 - 후진중충돌,안전운전불이행,건조,맑음,단일로 - 기타,승용,남,44세,상해없음,승용,여,37세,경상
2019100800100283,2019년 10월 8일 11시,화요일,인천광역시 남동구 논현동,중상사고,0,1,0,0,차대사람 - 횡단중,보행자보호의무위반,건조,맑음,교차로 - 교차로횡단보도내,승용,남,62세,상해없음,보행자,남,85세,중상
2019100800100387,2019년 10월 8일 14시,화요일,인천광역시 미추홀구 주안동,중상사고,0,1,0,0,차대차 - 측면충돌,중앙선침범,건조,맑음,교차로 - 교차로안,개인형이동수단(PM),남,74세,중상,승용,여,38세,상해없음
2019100800100388,2019년 10월 8일 14시,화요일,인천광역시 미추홀구 주안동,부상신고사고,0,0,0,1,차대사람 - 길가장자리구역통행중,안전운전불이행,건조,맑음,단일로 - 기타,승합,남,62세,상해없음,보행자,여,12세,부상신고
2019100800100389,2019년 10월 8일 14시,화요일,인천광역시 계양구 오류동,경상사고,0,0,2,0,차대차 - 추돌,안전운전불이행,건조,맑음,단일로 - 기타,승합,여,62세,상해없음,화물,남,24세,기타불명
2019100800100436,2019년 10월 8일 15시,화요일,인천광역시 미추홀구 도화동,경상사고,0,0,1,0,차대차 - 추돌,안전운전불이행,건조,맑음,교차로 - 교차로부근,승용,여,28세,상해없음,승용,여,32세,경상
2019100800100475,2019년 10월 8일 16시,화요일,인천광역시 동구 화수동,경상사고,0,0,1,0,차대사람 - 횡단중,신호위반,건조,맑음,교차로 - 교차로안,승용,여,48세,상해없음,보행자,남,13세,경상
2019100800100476,2019년 10월 8일 16시,화요일,인천광역시 부평구 산곡동,경상사고,0,0,1,0,차대차 - 기타,안전운전불이행,건조,맑음,교차로 - 교차로안,승용,남,68세,상해없음,승용,남,35세,경상
2019100800100477,2019년 10월 8일 16시,화요일,인천광역시 서구 청라동,경상사고,0,0,1,0,차대차 - 기타,안전운전불이행,건조,맑음,교차로 - 교차로횡단보도내,승용,여,37세,상해없음,자전거,남,8세,경상
2019100800100528,2019년 10월 8일 17시,화요일,인천광역시 동구 송림동,중상사고,0,1,0,0,차대차 - 추돌,안전운전불이행,건조,맑음,교차로 - 교차로안,사륜오토바이(ATV),남,41세,중상,승용,남,49세,상해없음
2019100800100598,2019년 10월 8일 18시,화요일,인천광역시 부평구 십정동,경상사고,0,0,1,0,차대차 - 측면충돌,안전운전불이행,건조,맑음,교차로 - 교차로안,승용,남,67세,상해없음,승용,남,27세,경상
2019100800100599,2019년 10월 8일 18시,화요일,인천광역시 부평구 청천동,경상사고,0,0,2,0,차대차 - 측면충돌,안전운전불이행,건조,맑음,단일로 - 기타,승용,여,38세,상해없음,승합,남,34세,경상
2019100800100600,2019년 10월 8일 18시,화요일,인천광역시 서구 왕길동,중상사고,0,1,0,0,차대차 - 기타,안전운전불이행,건조,맑음,단일로 - 기타,자전거,남,71세,중상,화물,남,50세,상해없음
2019100800100601,2019년 10월 8일 18시,화요일,인천광역시 강화군 선원면,경상사고,0,0,1,0,차대차 - 기타,안전운전불이행,건조,맑음,교차로 - 교차로부근,승용,남,22세,상해없음,승용,여,39세,경상
2019100800100659,2019년 10월 8일 19시,화요일,인천광역시 서구 연희동,경상사고,0,0,1,0,차대차 - 기타,안전운전불이행,건조,맑음,교차로 - 교차로부근,승용,남,55세,기타불명,승용,남,39세,상해없음
2019100800100660,2019년 10월 8일 19시,화요일,인천광역시 서구 심곡동,경상사고,0,0,2,0,차대차 - 기타,안전운전불이행,건조,맑음,교차로 - 교차로안,승용,남,30세,경상,승합,남,53세,경상
2019100800100696,2019년 10월 8일 20시,화요일,인천광역시 미추홀구 용현동,부상신고사고,0,0,0,1,차대차 - 기타,안전운전불이행,건조,맑음,단일로 - 고가도로위,기타불명,기타불명,미분류,기타불명,이륜,남,26세,부상신고
2019100800100697,2019년 10월 8일 20시,화요일,인천광역시 서구 신현동,중상사고,0,1,1,0,차대차 - 기타,안전거리미확보,건조,맑음,단일로 - 기타,화물,남,45세,상해없음,이륜,남,16세,중상
2019100800100698,2019년 10월 8일 20시,화요일,인천광역시 부평구 부평동,경상사고,0,0,1,0,차대사람 - 기타,안전운전불이행,건조,맑음,단일로 - 기타,기타불명,기타불명,미분류,기타불명,보행자,여,46세,경상
2019100800100726,2019년 10월 8일 21시,화요일,인천광역시 계양구 작전동,중상사고,0,1,0,0,차대차 - 측면충돌,안전운전불이행,건조,맑음,교차로 - 교차로안,승용,남,39세,상해없음,이륜,남,22세,중상
2019100800100763,2019년 10월 8일 22시,화요일,인천광역시 미추홀구 숭의동,중상사고,0,1,0,0,차대차 - 기타,신호위반,건조,맑음,교차로 - 교차로안,승용,남,51세,상해없음,이륜,남,50세,중상
2019100800100764,2019년 10월 8일 22시,화요일,인천광역시 부평구 부평동,중상사고,0,1,0,0,차대사람 - 횡단중,보행자보호의무위반,건조,맑음,교차로 - 교차로부근,승합,남,67세,상해없음,보행자,여,31세,중상
2019100800100765,2019년 10월 8일 22시,화요일,인천광역시 서구 가정동,경상사고,0,0,3,0,차대차 - 기타,신호위반,건조,맑음,교차로 - 교차로안,이륜,남,18세,경상,승용,남,69세,경상
2019100900100039,2019년 10월 9일 00시,수요일,인천광역시 연수구 연수동,경상사고,0,0,2,0,차대차 - 정면충돌,중앙선침범,건조,맑음,단일로 - 기타,승용,여,38세,상해없음,승용,남,22세,경상
2019100900100040,2019년 10월 9일 00시,수요일,인천광역시 연수구 연수동,경상사고,0,0,1,0,차대차 - 측면충돌,불법유턴,건조,맑음,교차로 - 교차로안,승용,남,36세,상해없음,승용,남,52세,경상
2019100900100064,2019년 10월 9일 01시,수요일,인천광역시 남동구 간석동,경상사고,0,0,2,0,차대차 - 정면충돌,신호위반,건조,맑음,교차로 - 교차로안,승용,남,24세,상해없음,승용,남,64세,경상
2019100900100065,2019년 10월 9일 01시,수요일,인천광역시 서구 가좌동,경상사고,0,0,2,0,차대차 - 기타,신호위반,건조,맑음,교차로 - 교차로안,승용,남,30세,상해없음,화물,남,55세,경상
2019100900100104,2019년 10월 9일 05시,수요일,인천광역시 미추홀구 주안동,부상신고사고,0,0,0,1,차대사람 - 기타,안전운전불이행,건조,맑음,교차로 - 교차로안,기타불명,기타불명,미분류,기타불명,보행자,남,34세,부상신고
2019100900100118,2019년 10월 9일 06시,수요일,인천광역시 남동구 논현동,경상사고,0,0,1,0,차대차 - 기타,안전운전불이행,건조,맑음,단일로 - 기타,승용,남,29세,상해없음,승용,남,36세,경상
2019100900100135,2019년 10월 9일 07시,수요일,인천광역시 서구 청라동,경상사고,0,0,1,0,차대차 - 측면충돌,안전운전불이행,건조,맑음,교차로 - 교차로안,승용,여,41세,상해없음,승용,남,70세,경상
2019100900100159,2019년 10월 9일 08시,수요일,인천광역시 부평구 십정동,경상사고,0,0,8,0,차대차 - 추돌,안전운전불이행,건조,맑음,교차로 - 교차로부근,승용,남,24세,경상,승용,남,50세,경상
2019100900100185,2019년 10월 9일 09시,수요일,인천광역시 미추홀구 용현동,경상사고,0,0,1,0,차대사람 - 기타,안전운전불이행,건조,맑음,단일로 - 기타,승용,여,31세,상해없음,보행자,여,39세,경상
2019100900100243,2019년 10월 9일 11시,수요일,인천광역시 서구 연희동,중상사고,0,1,0,0,차대사람 - 횡단중,기타,건조,맑음,기타 - 기타,화물,남,27세,상해없음,보행자,남,71세,중상
2019100900100244,2019년 10월 9일 11시,수요일,인천광역시 남동구 장수동,중상사고,0,1,1,0,차대차 - 추돌,안전거리미확보,건조,맑음,단일로 - 기타,승용,남,30세,상해없음,승용,남,61세,중상
2019100900100274,2019년 10월 9일 12시,수요일,인천광역시 계양구 작전동,경상사고,0,0,1,0,차대차 - 측면충돌,교차로운행방법위반,건조,맑음,교차로 - 교차로부근,승용,여,44세,상해없음,이륜,남,48세,경상
2019100900100313,2019년 10월 9일 13시,수요일,인천광역시 서구 연희동,경상사고,0,0,2,0,차대차 - 후진중충돌,안전운전불이행,건조,맑음,교차로 - 교차로부근,승용,여,53세,상해없음,승용,남,36세,경상
2019100900100347,2019년 10월 9일 14시,수요일,인천광역시 서구 시천동,경상사고,0,0,1,0,차대차 - 측면충돌,안전운전불이행,건조,맑음,단일로 - 기타,승용,남,36세,상해없음,승용,남,48세,경상
2019100900100348,2019년 10월 9일 14시,수요일,인천광역시 부평구 부평동,경상사고,0,0,1,0,차대차 - 측면충돌,안전운전불이행,건조,맑음,교차로 - 교차로안,승용,여,30세,상해없음,이륜,남,37세,경상
2019100900100384,2019년 10월 9일 15시,수요일,인천광역시 계양구 계산동,중상사고,0,1,0,0,차대사람 - 횡단중,안전운전불이행,건조,맑음,단일로 - 기타,승용,남,54세,상해없음,보행자,여,46세,중상
2019100900100385,2019년 10월 9일 15시,수요일,인천광역시 연수구 동춘동,경상사고,0,0,1,0,차대차 - 측면충돌,차로위반,건조,맑음,단일로 - 기타,승용,남,42세,상해없음,승합,남,45세,경상
2019100900100462,2019년 10월 9일 17시,수요일,인천광역시 서구 석남동,중상사고,0,1,0,0,차대사람 - 차도통행중,안전운전불이행,건조,맑음,교차로 - 교차로횡단보도내,승용,남,31세,상해없음,보행자,남,48세,중상
2019100900100463,2019년 10월 9일 17시,수요일,인천광역시 계양구 계산동,경상사고,0,0,1,0,차대차 - 후진중충돌,중앙선침범,건조,맑음,교차로 - 교차로부근,승용,여,56세,상해없음,이륜,남,33세,경상
2019100900100504,2019년 10월 9일 18시,수요일,인천광역시 서구 가좌동,경상사고,0,0,1,0,차대차 - 측면충돌,안전운전불이행,건조,맑음,교차로 - 교차로부근,승용,남,62세,상해없음,승용,남,51세,경상
2019100900100505,2019년 10월 9일 18시,수요일,인천광역시 계양구 용종동,경상사고,0,0,2,0,차대차 - 측면충돌,안전거리미확보,건조,맑음,단일로 - 기타,승합,남,56세,상해없음,승용,여,43세,경상
2019100900100547,2019년 10월 9일 19시,수요일,인천광역시 서구 청라동,중상사고,0,1,0,0,차대차 - 기타,신호위반,건조,맑음,교차로 - 교차로부근,승용,남,53세,상해없음,이륜,남,34세,중상
2019100900100548,2019년 10월 9일 19시,수요일,인천광역시 서구 석남동,경상사고,0,0,1,0,차대차 - 기타,안전운전불이행,건조,맑음,단일로 - 기타,승용,여,64세,상해없음,이륜,남,50세,경상
2019100900100549,2019년 10월 9일 19시,수요일,인천광역시 연수구 옥련동,경상사고,0,0,1,0,차대차 - 측면충돌,안전운전불이행,건조,맑음,교차로 - 교차로안,승용,남,53세,상해없음,승합,남,60세,상해없음
2019100900100588,2019년 10월 9일 20시,수요일,인천광역시 서구 심곡동,경상사고,0,0,1,0,차대차 - 측면충돌,안전운전불이행,젖음/습기,맑음,단일로 - 지하차도(도로)내,승용,여,44세,상해없음,승용,여,53세,기타불명
2019100900100589,2019년 10월 9일 20시,수요일,인천광역시 서구 석남동,중상사고,0,1,0,0,차대차 - 기타,안전운전불이행,건조,맑음,교차로 - 교차로부근,승용,여,64세,기타불명,자전거,남,57세,중상
2019100900100612,2019년 10월 9일 21시,수요일,인천광역시 남동구 구월동,경상사고,0,0,2,0,차대차 - 정면충돌,안전운전불이행,건조,맑음,단일로 - 기타,승용,남,59세,상해없음,승용,남,42세,경상
2019100900100635,2019년 10월 9일 22시,수요일,인천광역시 서구 백석동,중상사고,0,1,3,0,차대차 - 정면충돌,중앙선침범,건조,맑음,단일로 - 교량,승용,남,28세,경상,승용,남,33세,중상
2019100900100636,2019년 10월 9일 22시,수요일,인천광역시 강화군 강화읍,중상사고,0,1,0,0,차대사람 - 길가장자리구역통행중,안전운전불이행,건조,맑음,교차로 - 교차로부근,승용,남,47세,상해없음,보행자,여,74세,중상
2019100900100655,2019년 10월 9일 23시,수요일,인천광역시 부평구 부평동,경상사고,0,0,1,0,차대사람 - 차도통행중,안전운전불이행,건조,맑음,단일로 - 기타,기타불명,기타불명,미분류,기타불명,보행자,남,40세,경상
2019101000100061,2019년 10월 10일 05시,목요일,인천광역시 부평구 십정동,경상사고,0,0,1,0,차대차 - 측면충돌,안전운전불이행,건조,맑음,교차로 - 교차로부근,승용,남,67세,상해없음,승용,여,51세,경상
2019101000100080,2019년 10월 10일 06시,목요일,인천광역시 서구 가정동,경상사고,0,0,1,0,차대차 - 측면충돌,신호위반,건조,맑음,교차로 - 교차로안,이륜,남,66세,경상,승용,여,33세,상해없음
2019101000100158,2019년 10월 10일 08시,목요일,인천광역시 연수구 선학동,중상사고,0,1,1,0,차대차 - 정면충돌,신호위반,건조,맑음,교차로 - 교차로안,승용,여,61세,상해없음,승용,남,60세,중상
2019101000100191,2019년 10월 10일 09시,목요일,인천광역시 부평구 산곡동,경상사고,0,0,1,0,차대차 - 기타,신호위반,건조,맑음,교차로 - 교차로안,승용,여,61세,상해없음,자전거,남,48세,경상
2019101000100192,2019년 10월 10일 09시,목요일,인천광역시 남동구 장수동,경상사고,0,0,1,0,차대차 - 추돌,신호위반,건조,흐림,단일로 - 지하차도(도로)내,승용,여,54세,기타불명,화물,남,63세,경상
2019101000100224,2019년 10월 10일 10시,목요일,인천광역시 미추홀구 도화동,경상사고,0,0,1,0,차대사람 - 기타,안전운전불이행,건조,맑음,단일로 - 기타,화물,남,52세,상해없음,보행자,남,75세,경상
2019101000100289,2019년 10월 10일 12시,목요일,인천광역시 동구 송림동,경상사고,0,0,2,0,차대차 - 측면충돌,안전거리미확보,건조,맑음,단일로 - 기타,승용,남,76세,상해없음,화물,남,24세,경상
2019101000100290,2019년 10월 10일 12시,목요일,인천광역시 남동구 구월동,경상사고,0,0,1,0,차대차 - 측면충돌,안전운전불이행,건조,맑음,기타 - 기타,화물,남,28세,상해없음,승용,여,66세,경상
2019101000100378,2019년 10월 10일 14시,목요일,인천광역시 미추홀구 도화동,중상사고,0,1,0,0,차대사람 - 횡단중,보행자보호의무위반,건조,맑음,교차로 - 교차로안,화물,남,45세,상해없음,보행자,남,66세,중상
2019101000100379,2019년 10월 10일 14시,목요일,인천광역시 서구 가정동,경상사고,0,0,1,0,차대사람 - 기타,안전운전불이행,건조,맑음,단일로 - 기타,승용,남,61세,상해없음,보행자,여,55세,경상
2019101000100421,2019년 10월 10일 15시,목요일,인천광역시 연수구 청학동,중상사고,0,2,0,0,차대차 - 측면충돌,안전거리미확보,건조,맑음,단일로 - 기타,승용,여,54세,상해없음,승용,여,51세,중상
2019101000100469,2019년 10월 10일 16시,목요일,인천광역시 서구 심곡동,사망사고,1,0,0,0,차대사람 - 횡단중,보행자보호의무위반,건조,맑음,교차로 - 교차로횡단보도내,화물,남,49세,상해없음,보행자,여,84세,사망
2019101000100507,2019년 10월 10일 17시,목요일,인천광역시 부평구 십정동,경상사고,0,0,1,0,차대차 - 추돌,안전운전불이행,건조,맑음,단일로 - 기타,승용,여,27세,상해없음,화물,남,26세,경상
2019101000100508,2019년 10월 10일 17시,목요일,인천광역시 연수구 송도동,경상사고,0,0,1,0,차대차 - 측면충돌,안전거리미확보,건조,맑음,교차로 - 교차로부근,승용,여,49세,상해없음,승용,여,39세,경상
2019101000100618,2019년 10월 10일 19시,목요일,인천광역시 부평구 부평동,부상신고사고,0,0,0,1,차대사람 - 횡단중,안전운전불이행,건조,흐림,교차로 - 교차로부근,기타불명,기타불명,미분류,기타불명,보행자,남,54세,부상신고
2019101000100619,2019년 10월 10일 19시,목요일,인천광역시 남동구 간석동,중상사고,0,1,0,0,차대사람 - 횡단중,보행자보호의무위반,건조,맑음,교차로 - 교차로횡단보도내,승용,여,43세,상해없음,보행자,남,64세,중상
2019101000100654,2019년 10월 10일 20시,목요일,인천광역시 미추홀구 숭의동,경상사고,0,0,1,0,차대차 - 측면충돌,신호위반,건조,맑음,교차로 - 교차로안,승용,남,30세,상해없음,화물,남,39세,경상
2019101000100655,2019년 10월 10일 20시,목요일,인천광역시 남동구 논현동,경상사고,0,0,1,0,차대차 - 측면충돌,교차로운행방법위반,건조,맑음,교차로 - 교차로안,화물,남,54세,상해없음,이륜,남,30세,경상
2019101000100689,2019년 10월 10일 21시,목요일,인천광역시 미추홀구 주안동,부상신고사고,0,0,0,1,차대사람 - 기타,안전운전불이행,건조,맑음,단일로 - 기타,기타불명,기타불명,미분류,기타불명,보행자,남,51세,부상신고
2019101000100714,2019년 10월 10일 22시,목요일,인천광역시 중구 운남동,경상사고,0,0,1,0,차대차 - 추돌,안전거리미확보,건조,맑음,단일로 - 기타,승용,남,34세,상해없음,승용,남,31세,경상
2019101000100715,2019년 10월 10일 22시,목요일,인천광역시 연수구 동춘동,경상사고,0,0,2,0,차대차 - 추돌,안전운전불이행,건조,맑음,교차로 - 교차로부근,승용,남,58세,상해없음,승용,여,48세,경상
2019101100100046,2019년 10월 11일 00시,금요일,인천광역시 부평구 부평동,경상사고,0,0,2,0,차대차 - 측면충돌,안전운전불이행,건조,맑음,교차로 - 교차로횡단보도내,승용,남,50세,상해없음,승용,남,30세,경상
2019101100100060,2019년 10월 11일 01시,금요일,인천광역시 남동구 간석동,경상사고,0,0,1,0,차대차 - 측면충돌,안전운전불이행,건조,맑음,단일로 - 기타,승용,여,58세,상해없음,승용,남,64세,경상
2019101100100073,2019년 10월 11일 03시,금요일,인천광역시 중구 운남동,부상신고사고,0,0,0,1,차대사람 - 기타,안전운전불이행,건조,맑음,단일로 - 기타,기타불명,기타불명,미분류,기타불명,보행자,남,30세,부상신고
2019101100100101,2019년 10월 11일 06시,금요일,인천광역시 옹진군 백령면,사망사고,1,1,0,0,차대사람 - 차도통행중,안전운전불이행,건조,기타,단일로 - 기타,승용,남,65세,상해없음,보행자,남,72세,사망
2019101100100247,2019년 10월 11일 10시,금요일,인천광역시 계양구 용종동,경상사고,0,0,2,0,차대차 - 측면충돌,안전운전불이행,건조,맑음,단일로 - 기타,승용,남,55세,상해없음,승용,남,55세,경상