사고번호,사고일시,요일,시군구,사고내용,사망자수,중상자수,경상자수,부상신고자수,사고유형,법규위반,노면상태,기상상태,도로형태,가해운전자 차종,가해운전자 성별,가해운전자 연령,가해운전자 상해정도,피해운전자 차종,피해운전자 성별,피해운전자 연령,피해운전자 상해정도
2019101100100285,2019년 10월 11일 11시,금요일,인천광역시 서구 가정동,경상사고,0,0,2,0,차대차 - 기타,안전거리미확보,건조,맑음,단일로 - 기타,화물,남,61세,상해없음,승용,남,71세,경상
2019101100100315,2019년 10월 11일 12시,금요일,인천광역시 미추홀구 도화동,중상사고,0,1,0,0,차대차 - 정면충돌,신호위반,건조,맑음,교차로 - 교차로안,화물,남,33세,상해없음,승용,남,54세,중상
2019101100100316,2019년 10월 11일 12시,금요일,인천광역시 남동구 만수동,중상사고,0,1,0,0,차대차 - 측면충돌,안전거리미확보,건조,맑음,단일로 - 기타,승용,여,23세,상해없음,승용,남,32세,중상
2019101100100317,2019년 10월 11일 12시,금요일,인천광역시 연수구 송도동,경상사고,0,0,1,0,차대차 - 측면충돌,교차로운행방법위반,건조,맑음,교차로 - 교차로안,승용,남,32세,상해없음,원동기,남,25세,경상
2019101100100348,2019년 10월 11일 13시,금요일,인천광역시 미추홀구 용현동,중상사고,0,1,0,0,차대차 - 추돌,안전운전불이행,건조,맑음,교차로 - 교차로부근,승합,남,64세,상해없음,승용,남,51세,중상
2019101100100379,2019년 10월 11일 14시,금요일,인천광역시 미추홀구 숭의동,경상사고,0,0,1,0,차대사람 - 횡단중,안전운전불이행,건조,맑음,교차로 - 교차로안,승용,남,68세,상해없음,보행자,여,7세,경상
2019101100100380,2019년 10월 11일 14시,금요일,인천광역시 남동구 구월동,경상사고,0,0,3,0,차대차 - 추돌,안전운전불이행,건조,맑음,단일로 - 기타,승용,남,56세,상해없음,승용,여,54세,경상
2019101100100381,2019년 10월 11일 14시,금요일,인천광역시 남동구 구월동,경상사고,0,0,1,0,차대차 - 측면충돌,안전운전불이행,건조,맑음,단일로 - 기타,승용,남,28세,상해없음,이륜,남,31세,경상
2019101100100382,2019년 10월 11일 14시,금요일,인천광역시 부평구 부평동,경상사고,0,0,1,0,차대차 - 측면충돌,안전거리미확보,건조,맑음,단일로 - 기타,승용,여,45세,상해없음,승용,여,58세,경상
2019101100100383,2019년 10월 11일 14시,금요일,인천광역시 남동구 서창동,경상사고,0,0,1,0,차대차 - 측면충돌,교차로운행방법위반,건조,맑음,교차로 - 교차로안,승용,여,39세,상해없음,승용,여,44세,경상
2019101100100423,2019년 10월 11일 15시,금요일,인천광역시 연수구 옥련동,중상사고,0,1,0,0,차대차 - 정면충돌,교차로운행방법위반,건조,맑음,교차로 - 교차로안,승용,남,27세,상해없음,이륜,남,37세,중상
2019101100100424,2019년 10월 11일 15시,금요일,인천광역시 연수구 동춘동,경상사고,0,0,1,0,차대사람 - 차도통행중,보행자보호의무위반,건조,맑음,교차로 - 교차로안,화물,남,72세,상해없음,보행자,여,8세,경상
2019101100100425,2019년 10월 11일 15시,금요일,인천광역시 부평구 삼산동,경상사고,0,0,1,0,차대차 - 측면충돌,교차로운행방법위반,건조,맑음,교차로 - 교차로안,승용,남,70세,상해없음,승용,여,34세,경상
2019101100100484,2019년 10월 11일 16시,금요일,인천광역시 중구 을왕동,경상사고,0,0,1,0,차대차 - 측면충돌,안전운전불이행,건조,맑음,교차로 - 교차로부근,승합,남,48세,상해없음,승용,남,48세,경상
2019101100100602,2019년 10월 11일 18시,금요일,인천광역시 서구 원창동,경상사고,0,0,1,0,차대차 - 추돌,안전운전불이행,건조,맑음,단일로 - 기타,화물,남,53세,상해없음,승용,여,56세,경상
2019101100100603,2019년 10월 11일 18시,금요일,인천광역시 서구 가좌동,경상사고,0,0,1,0,차대차 - 측면충돌,안전운전불이행,건조,맑음,교차로 - 교차로안,승용,남,68세,기타불명,승용,남,49세,경상
2019101100100604,2019년 10월 11일 18시,금요일,인천광역시 서구 청라동,경상사고,0,0,1,0,차대차 - 측면충돌,안전운전불이행,건조,맑음,단일로 - 기타,승용,남,31세,상해없음,승용,여,36세,경상
2019101100100605,2019년 10월 11일 18시,금요일,인천광역시 계양구 작전동,부상신고사고,0,0,0,1,차대사람 - 기타,안전운전불이행,건조,맑음,단일로 - 기타,승용,남,31세,상해없음,보행자,여,37세,부상신고
2019101100100667,2019년 10월 11일 19시,금요일,인천광역시 부평구 청천동,경상사고,0,0,1,0,차대차 - 측면충돌,안전운전불이행,건조,맑음,교차로 - 교차로부근,승용,남,41세,상해없음,승용,남,30세,경상
2019101100100711,2019년 10월 11일 20시,금요일,인천광역시 부평구 부평동,경상사고,0,0,2,0,차대차 - 측면충돌,안전운전불이행,건조,맑음,단일로 - 기타,승합,남,55세,상해없음,승용,남,51세,경상
2019101200100039,2019년 10월 12일 00시,토요일,인천광역시 연수구 선학동,경상사고,0,0,1,0,차대차 - 측면충돌,안전운전불이행,건조,맑음,단일로 - 기타,승용,여,18세,상해없음,승용,남,60세,경상
2019101200100060,2019년 10월 12일 01시,토요일,인천광역시 계양구 계산동,경상사고,0,0,1,0,차대사람 - 차도통행중,안전운전불이행,건조,맑음,단일로 - 기타,승용,남,38세,상해없음,보행자,남,60세,경상
2019101200100079,2019년 10월 12일 03시,토요일,인천광역시 남동구 구월동,사망사고,1,3,3,0,차대차 - 측면충돌,신호위반,건조,맑음,교차로 - 교차로안,승용,남,27세,중상,승용,남,51세,중상
2019101200100080,2019년 10월 12일 03시,토요일,인천광역시 남동구 간석동,중상사고,0,1,0,0,차대차 - 후진중충돌,안전운전불이행,건조,맑음,단일로 - 기타,승용,남,27세,상해없음,이륜,남,43세,중상
2019101200100105,2019년 10월 12일 05시,토요일,인천광역시 남동구 만수동,경상사고,0,0,1,0,차대차 - 기타,안전운전불이행,건조,맑음,교차로 - 교차로부근,기타불명,기타불명,미분류,기타불명,승용,여,40세,경상
2019101200100116,2019년 10월 12일 06시,토요일,인천광역시 부평구 부평동,경상사고,0,0,2,0,차대차 - 측면충돌,안전운전불이행,건조,맑음,교차로 - 교차로안,승용,남,24세,상해없음,승용,남,61세,경상
2019101200100154,2019년 10월 12일 08시,토요일,인천광역시 부평구 산곡동,중상사고,0,1,0,0,차대차 - 추돌,안전운전불이행,건조,맑음,단일로 - 기타,이륜,남,20세,기타불명,승용,남,55세,상해없음
2019101200100155,2019년 10월 12일 08시,토요일,인천광역시 서구 왕길동,중상사고,0,1,0,0,차대차 - 기타,신호위반,건조,맑음,교차로 - 교차로부근,승용,남,26세,상해없음,자전거,남,26세,중상
2019101200100156,2019년 10월 12일 08시,토요일,인천광역시 서구 왕길동,경상사고,0,0,1,0,차대차 - 추돌,안전운전불이행,건조,맑음,교차로 - 교차로안,건설기계,남,69세,상해없음,승용,남,33세,상해없음
2019101200100157,2019년 10월 12일 08시,토요일,인천광역시 연수구 송도동,중상사고,0,2,0,0,차대차 - 측면충돌,신호위반,건조,맑음,교차로 - 교차로안,화물,남,53세,상해없음,승용,여,53세,중상
2019101200100195,2019년 10월 12일 09시,토요일,인천광역시 미추홀구 주안동,경상사고,0,0,1,0,차대차 - 추돌,안전운전불이행,건조,맑음,기타 - 기타,승용,남,40세,상해없음,승용,남,58세,경상
2019101200100196,2019년 10월 12일 09시,토요일,인천광역시 서구 가좌동,경상사고,0,0,2,0,차대차 - 기타,안전운전불이행,건조,맑음,단일로 - 기타,승용,남,46세,경상,화물,남,49세,경상
2019101200100238,2019년 10월 12일 10시,토요일,인천광역시 남동구 고잔동,경상사고,0,0,1,0,차대차 - 측면충돌,안전운전불이행,건조,맑음,단일로 - 기타,기타불명,기타불명,미분류,기타불명,승용,여,53세,경상
2019101200100277,2019년 10월 12일 11시,토요일,인천광역시 미추홀구 주안동,부상신고사고,0,0,0,1,차대사람 - 횡단중,안전운전불이행,건조,맑음,단일로 - 기타,기타불명,기타불명,미분류,기타불명,보행자,여,51세,부상신고
2019101200100278,2019년 10월 12일 11시,토요일,인천광역시 서구 오류동,경상사고,0,0,1,0,차대차 - 측면충돌,안전운전불이행,건조,맑음,교차로 - 교차로안,화물,남,27세,상해없음,건설기계,남,67세,경상
2019101200100279,2019년 10월 12일 11시,토요일,인천광역시 연수구 송도동,중상사고,0,1,0,0,차대차 - 측면충돌,안전운전불이행,건조,맑음,단일로 - 기타,건설기계,남,44세,상해없음,승용,남,66세,중상
2019101200100378,2019년 10월 12일 13시,토요일,인천광역시 계양구 작전동,경상사고,0,0,1,0,차대사람 - 기타,안전운전불이행,건조,맑음,단일로 - 기타,개인형이동수단(PM),남,44세,상해없음,보행자,여,35세,경상
2019101200100424,2019년 10월 12일 14시,토요일,인천광역시 남동구 간석동,중상사고,0,1,0,0,차대사람 - 횡단중,신호위반,건조,맑음,교차로 - 교차로횡단보도내,화물,남,62세,상해없음,보행자,남,17세,중상
2019101200100425,2019년 10월 12일 14시,토요일,인천광역시 부평구 일신동,경상사고,0,0,2,0,차대차 - 기타,직진우회전진행방해,건조,맑음,교차로 - 교차로안,승용,남,23세,상해없음,승용,남,59세,상해없음
2019101200100426,2019년 10월 12일 14시,토요일,인천광역시 남동구 논현동,중상사고,0,1,0,0,차대차 - 기타,안전운전불이행,건조,맑음,단일로 - 기타,기타불명,기타불명,미분류,기타불명,승합,남,58세,상해없음
2019101200100539,2019년 10월 12일 16시,토요일,인천광역시 중구 답동,부상신고사고,0,0,0,1,차대차 - 측면충돌,신호위반,건조,맑음,교차로 - 교차로안,승용,남,42세,상해없음,이륜,남,22세,부상신고
2019101200100576,2019년 10월 12일 17시,토요일,인천광역시 남동구 간석동,경상사고,0,0,1,0,차대사람 - 횡단중,중앙선침범,건조,맑음,교차로 - 교차로부근,승용,남,60세,상해없음,보행자,여,42세,경상
2019101200100659,2019년 10월 12일 19시,토요일,인천광역시 부평구 일신동,중상사고,0,2,2,0,차대차 - 정면충돌,중앙선침범,건조,맑음,단일로 - 기타,승용,남,65세,경상,승합,남,58세,기타불명
2019101200100660,2019년 10월 12일 19시,토요일,인천광역시 연수구 옥련동,경상사고,0,0,3,0,차대차 - 추돌,안전운전불이행,건조,맑음,단일로 - 기타,승합,남,63세,상해없음,승용,여,37세,경상
2019101200100698,2019년 10월 12일 20시,토요일,인천광역시 부평구 십정동,중상사고,0,2,0,0,차대차 - 측면충돌,안전운전불이행,건조,맑음,단일로 - 기타,승용,남,50세,상해없음,이륜,남,34세,중상
2019101200100699,2019년 10월 12일 20시,토요일,인천광역시 남동구 서창동,중상사고,0,1,0,0,차대차 - 측면충돌,안전운전불이행,건조,맑음,교차로 - 교차로안,승용,남,55세,상해없음,이륜,남,31세,중상
2019101200100700,2019년 10월 12일 20시,토요일,인천광역시 부평구 일신동,경상사고,0,0,6,0,차대차 - 추돌,안전운전불이행,건조,맑음,단일로 - 기타,승용,남,37세,상해없음,승용,남,43세,경상
2019101200100756,2019년 10월 12일 22시,토요일,인천광역시 강화군 송해면,경상사고,0,0,2,0,차대차 - 측면충돌,안전운전불이행,건조,맑음,교차로 - 교차로부근,화물,남,21세,상해없음,승용,여,22세,경상
2019101200100781,2019년 10월 12일 23시,토요일,인천광역시 남동구 논현동,경상사고,0,0,1,0,차대차 - 측면충돌,안전운전불이행,건조,맑음,교차로 - 교차로안,승용,남,25세,상해없음,승용,남,47세,경상
2019101300100029,2019년 10월 13일 00시,일요일,인천광역시 계양구 임학동,경상사고,0,0,1,0,차대차 - 측면충돌,차로위반,건조,맑음,교차로 - 교차로부근,승용,남,71세,상해없음,이륜,남,21세,경상
2019101300100039,2019년 10월 13일 01시,일요일,인천광역시 연수구 송도동,중상사고,0,1,0,0,차대차 - 기타,신호위반,건조,맑음,교차로 - 교차로안,승용,여,24세,상해없음,승용,여,46세,중상
2019101300100040,2019년 10월 13일 01시,일요일,인천광역시 남동구 남촌동,경상사고,0,0,2,0,차대차 - 추돌,안전운전불이행,건조,맑음,교차로 - 교차로안,승용,남,26세,상해없음,승용,남,63세,경상
2019101300100052,2019년 10월 13일 02시,일요일,인천광역시 부평구 부평동,경상사고,0,0,2,0,차대차 - 기타,교차로운행방법위반,건조,맑음,교차로 - 교차로안,승용,남,71세,상해없음,승용,남,28세,경상
2019101300100081,2019년 10월 13일 05시,일요일,인천광역시 남동구 구월동,경상사고,0,0,1,0,차대사람 - 기타,보행자보호의무위반,건조,맑음,단일로 - 기타,승용,남,21세,상해없음,보행자,남,24세,경상
2019101300100135,2019년 10월 13일 09시,일요일,인천광역시 옹진군 영흥면,경상사고,0,0,10,0,차대차 - 측면충돌,안전운전불이행,건조,맑음,단일로 - 기타,승용,여,57세,경상,승합,남,46세,경상
2019101300100276,2019년 10월 13일 14시,일요일,인천광역시 서구 마전동,중상사고,0,1,0,0,차대사람 - 길가장자리구역통행중,안전운전불이행,건조,맑음,단일로 - 기타,이륜,남,23세,상해없음,보행자,남,5세,중상
2019101300100312,2019년 10월 13일 15시,일요일,인천광역시 강화군 길상면,중상사고,0,1,0,0,차대차 - 정면충돌,중앙선침범,건조,맑음,교차로 - 교차로안,승용,여,50세,상해없음,승용,남,56세,상해없음
2019101300100340,2019년 10월 13일 16시,일요일,인천광역시 중구 북성동1가,경상사고,0,0,4,0,차대차 - 추돌,안전운전불이행,건조,맑음,단일로 - 기타,승용,남,39세,상해없음,승용,남,31세,경상
2019101300100341,2019년 10월 13일 16시,일요일,인천광역시 서구 경서동,경상사고,0,0,1,0,차대차 - 측면충돌,안전운전불이행,건조,맑음,단일로 - 기타,화물,남,44세,상해없음,승용,남,39세,경상
2019101300100342,2019년 10월 13일 16시,일요일,인천광역시 계양구 작전동,경상사고,0,0,1,0,차대차 - 추돌,안전운전불이행,건조,맑음,교차로 - 교차로부근,이륜,남,47세,상해없음,이륜,남,51세,경상
2019101300100343,2019년 10월 13일 16시,일요일,인천광역시 강화군 강화읍,경상사고,0,0,2,0,차대차 - 측면충돌,안전운전불이행,건조,맑음,단일로 - 기타,승용,남,75세,상해없음,승용,남,24세,경상
2019101300100376,2019년 10월 13일 17시,일요일,인천광역시 중구 신흥동3가,중상사고,0,1,0,0,차대사람 - 기타,기타,건조,맑음,단일로 - 기타,승합,남,61세,상해없음,보행자,남,83세,중상
2019101300100377,2019년 10월 13일 17시,일요일,인천광역시 미추홀구 주안동,경상사고,0,0,1,0,차대차 - 정면충돌,중앙선침범,건조,맑음,단일로 - 기타,이륜,남,47세,상해없음,이륜,남,42세,경상
2019101300100413,2019년 10월 13일 18시,일요일,인천광역시 미추홀구 도화동,경상사고,0,0,4,0,차대차 - 기타,안전운전불이행,건조,맑음,교차로 - 교차로부근,승용,남,65세,상해없음,승용,여,34세,경상
2019101300100501,2019년 10월 13일 21시,일요일,인천광역시 연수구 송도동,중상사고,0,1,1,0,차대차 - 측면충돌,신호위반,건조,맑음,교차로 - 교차로안,승합,남,65세,상해없음,승용,남,32세,경상
2019101300100533,2019년 10월 13일 23시,일요일,인천광역시 남동구 논현동,중상사고,0,1,2,0,차대차 - 기타,중앙선침범,건조,맑음,단일로 - 기타,승용,남,28세,상해없음,승용,남,43세,경상
2019101400100036,2019년 10월 14일 00시,월요일,인천광역시 부평구 부개동,경상사고,0,0,2,0,차대차 - 기타,직진우회전진행방해,건조,맑음,교차로 - 교차로안,승용,남,68세,상해없음,승용,남,61세,상해없음
2019101400100102,2019년 10월 14일 07시,월요일,인천광역시 미추홀구 주안동,경상사고,0,0,1,0,차대차 - 측면충돌,안전운전불이행,건조,맑음,교차로 - 교차로안,승용,여,39세,상해없음,승용,남,32세,경상
2019101400100147,2019년 10월 14일 08시,월요일,인천광역시 남동구 구월동,경상사고,0,0,1,0,차대사람 - 길가장자리구역통행중,안전운전불이행,건조,맑음,단일로 - 기타,승용,여,27세,상해없음,보행자,여,56세,경상
2019101400100148,2019년 10월 14일 08시,월요일,인천광역시 서구 가좌동,경상사고,0,0,2,0,차대차 - 기타,안전운전불이행,건조,맑음,교차로 - 교차로부근,승용,여,29세,경상,승용,여,48세,경상
2019101400100223,2019년 10월 14일 10시,월요일,인천광역시 부평구 삼산동,경상사고,0,0,4,0,차대차 - 추돌,안전운전불이행,건조,맑음,단일로 - 기타,승용,남,51세,경상,승용,남,28세,경상
2019101400100224,2019년 10월 14일 10시,월요일,인천광역시 남동구 장수동,경상사고,0,0,1,0,차대차 - 측면충돌,차로위반,건조,맑음,단일로 - 기타,화물,남,57세,상해없음,승용,여,31세,경상
2019101400100225,2019년 10월 14일 10시,월요일,인천광역시 남동구 서창동,경상사고,0,0,1,0,차대차 - 측면충돌,안전거리미확보,건조,맑음,단일로 - 기타,자전거,남,76세,경상,화물,남,34세,상해없음
2019101400100266,2019년 10월 14일 11시,월요일,인천광역시 미추홀구 주안동,중상사고,0,1,0,0,차대사람 - 횡단중,보행자보호의무위반,건조,맑음,교차로 - 교차로안,건설기계,남,30세,상해없음,보행자,남,69세,중상
2019101400100267,2019년 10월 14일 11시,월요일,인천광역시 부평구 산곡동,경상사고,0,0,1,0,차대차 - 측면충돌,안전운전불이행,건조,맑음,단일로 - 기타,승용,남,77세,상해없음,승용,남,30세,경상
2019101400100307,2019년 10월 14일 12시,월요일,인천광역시 미추홀구 주안동,부상신고사고,0,0,0,1,차대사람 - 기타,안전운전불이행,건조,맑음,단일로 - 기타,승용,남,64세,상해없음,보행자,남,33세,부상신고
2019101400100308,2019년 10월 14일 12시,월요일,인천광역시 강화군 내가면,경상사고,0,0,1,0,차대사람 - 횡단중,보행자보호의무위반,건조,맑음,교차로 - 교차로횡단보도내,화물,남,76세,상해없음,보행자,남,72세,경상
2019101400100350,2019년 10월 14일 13시,월요일,인천광역시 부평구 부평동,중상사고,0,1,0,0,차대사람 - 횡단중,신호위반,건조,맑음,교차로 - 교차로부근,승용,여,56세,상해없음,보행자,여,81세,중상
2019101400100351,2019년 10월 14일 13시,월요일,인천광역시 부평구 구산동,경상사고,0,0,1,0,차대차 - 추돌,안전운전불이행,건조,맑음,단일로 - 기타,승용,남,56세,상해없음,승용,여,29세,경상
2019101400100424,2019년 10월 14일 15시,월요일,인천광역시 미추홀구 숭의동,경상사고,0,0,1,0,차대차 - 기타,안전운전불이행,건조,맑음,교차로 - 교차로안,화물,남,63세,상해없음,승용,여,41세,경상
2019101400100425,2019년 10월 14일 15시,월요일,인천광역시 계양구 계산동,경상사고,0,0,1,0,차량단독 - 기타,기타,건조,맑음,단일로 - 기타,승합,남,57세,상해없음,,,,
2019101400100477,2019년 10월 14일 16시,월요일,인천광역시 서구 검암동,경상사고,0,0,1,0,차대차 - 기타,안전운전불이행,건조,맑음,교차로 - 교차로안,승용,여,55세,상해없음,화물,남,25세,경상
2019101400100478,2019년 10월 14일 16시,월요일,인천광역시 계양구 병방동,경상사고,0,0,3,0,차대차 - 측면충돌,안전거리미확보,건조,맑음,단일로 - 기타,화물,남,75세,상해없음,승용,남,70세,경상
2019101400100532,2019년 10월 14일 17시,월요일,인천광역시 미추홀구 용현동,경상사고,0,0,1,0,차대사람 - 기타,안전운전불이행,건조,맑음,단일로 - 기타,승용,남,58세,상해없음,보행자,여,26세,경상
2019101400100533,2019년 10월 14일 17시,월요일,인천광역시 남동구 수산동,경상사고,0,0,1,0,차대차 - 추돌,안전운전불이행,건조,맑음,교차로 - 교차로안,승용,남,69세,상해없음,승용,남,34세,경상
2019101400100607,2019년 10월 14일 18시,월요일,인천광역시 중구 운남동,경상사고,0,0,1,0,차량단독 - 공작물충돌,안전운전불이행,건조,맑음,단일로 - 기타,승용,여,36세,경상,,,,
2019101400100654,2019년 10월 14일 19시,월요일,인천광역시 남동구 수산동,경상사고,0,0,1,0,차대차 - 측면충돌,안전운전불이행,건조,맑음,단일로 - 기타,승합,남,60세,상해없음,승용,남,46세,경상
2019101400100655,2019년 10월 14일 19시,월요일,인천광역시 계양구 효성동,경상사고,0,0,2,0,차대차 - 추돌,안전운전불이행,건조,맑음,단일로 - 기타,승용,남,26세,상해없음,승용,남,37세,경상
2019101400100696,2019년 10월 14일 20시,월요일,인천광역시 중구 운북동,경상사고,0,0,1,0,차대차 - 후진중충돌,안전운전불이행,건조,맑음,교차로 - 교차로부근,화물,남,54세,상해없음,승용,여,56세,경상
2019101400100697,2019년 10월 14일 20시,월요일,인천광역시 서구 마전동,경상사고,0,0,1,0,차대사람 - 횡단중,신호위반,건조,맑음,교차로 - 교차로횡단보도내,화물,남,31세,상해없음,보행자,여,59세,경상
2019101400100725,2019년 10월 14일 21시,월요일,인천광역시 연수구 청학동,중상사고,0,1,0,0,차대차 - 측면충돌,안전거리미확보,건조,맑음,단일로 - 기타,승용,남,58세,상해없음,이륜,남,65세,중상
2019101400100743,2019년 10월 14일 22시,월요일,인천광역시 서구 마전동,중상사고,0,1,0,0,차대사람 - 횡단중,안전운전불이행,건조,맑음,교차로 - 교차로횡단보도내,승합,남,73세,상해없음,보행자,남,16세,중상
2019101500100032,2019년 10월 15일 00시,화요일,인천광역시 연수구 송도동,중상사고,0,1,1,0,차대차 - 정면충돌,신호위반,건조,맑음,교차로 - 교차로안,승용,남,38세,상해없음,승용,남,26세,경상
2019101500100033,2019년 10월 15일 00시,화요일,인천광역시 남동구 운연동,경상사고,0,0,1,0,차대차 - 기타,안전거리미확보,건조,맑음,단일로 - 기타,화물,남,29세,상해없음,승합,남,57세,상해없음
2019101500100089,2019년 10월 15일 06시,화요일,인천광역시 부평구 십정동,경상사고,0,0,1,0,차대사람 - 길가장자리구역통행중,안전운전불이행,건조,맑음,단일로 - 기타,화물,남,49세,상해없음,보행자,남,20세,경상
2019101500100090,2019년 10월 15일 06시,화요일,인천광역시 계양구 계산동,경상사고,0,0,2,0,차대차 - 측면충돌,안전거리미확보,건조,맑음,단일로 - 기타,승용,남,60세,경상,승용,남,60세,경상
2019101500100113,2019년 10월 15일 07시,화요일,인천광역시 서구 당하동,경상사고,0,0,1,0,차대차 - 측면충돌,안전운전불이행,건조,맑음,교차로 - 교차로안,승용,여,50세,상해없음,승용,남,32세,경상
2019101500100152,2019년 10월 15일 08시,화요일,인천광역시 미추홀구 용현동,중상사고,0,1,0,0,차대사람 - 횡단중,신호위반,건조,맑음,교차로 - 교차로횡단보도내,승용,남,77세,상해없음,보행자,여,28세,중상
2019101500100153,2019년 10월 15일 08시,화요일,인천광역시 남동구 구월동,경상사고,0,0,1,0,차대차 - 측면충돌,차로위반,건조,맑음,교차로 - 교차로부근,승용,남,53세,상해없음,승용,남,33세,경상
2019101500100154,2019년 10월 15일 08시,화요일,인천광역시 서구 검암동,부상신고사고,0,0,0,1,차대사람 - 차도통행중,안전운전불이행,건조,맑음,단일로 - 기타,승용,남,66세,상해없음,보행자,남,13세,부상신고
2019101500100155,2019년 10월 15일 08시,화요일,인천광역시 계양구 효성동,경상사고,0,0,3,0,차대차 - 측면충돌,신호위반,건조,맑음,교차로 - 교차로안,승용,남,57세,상해없음,승합,남,55세,상해없음
2019101500100199,2019년 10월 15일 09시,화요일,인천광역시 중구 전동,중상사고,0,1,0,0,차대사람 - 횡단중,신호위반,건조,맑음,교차로 - 교차로횡단보도내,승합,남,75세,상해없음,보행자,여,76세,중상
2019101500100200,2019년 10월 15일 09시,화요일,인천광역시 남동구 간석동,경상사고,0,0,1,0,차대차 - 측면충돌,안전운전불이행,건조,맑음,교차로 - 교차로안,승용,여,33세,상해없음,승용,여,48세,경상
2019101500100201,2019년 10월 15일 09시,화요일,인천광역시 부평구 갈산동,경상사고,0,0,1,0,차량단독 - 기타,안전운전불이행,건조,맑음,단일로 - 기타,개인형이동수단(PM),남,79세,경상,,,,
2019101500100245,2019년 10월 15일 10시,화요일,인천광역시 연수구 청학동,사망사고,1,0,0,0,차대차 - 측면충돌,안전운전불이행,건조,맑음,교차로 - 교차로부근,승용,남,25세,상해없음,자전거,남,70세,사망
2019101500100246,2019년 10월 15일 10시,화요일,인천광역시 부평구 일신동,경상사고,0,0,2,0,차대차 - 기타,차로위반,건조,맑음,단일로 - 기타,승용,여,59세,상해없음,승용,여,57세,경상
2019101500100286,2019년 10월 15일 11시,화요일,인천광역시 계양구 작전동,중상사고,0,1,0,0,차대사람 - 횡단중,보행자보호의무위반,건조,맑음,교차로 - 교차로횡단보도내,승용,남,19세,상해없음,보행자,여,41세,중상
2019101500100401,2019년 10월 15일 14시,화요일,인천광역시 동구 송림동,경상사고,0,0,1,0,차대차 - 측면충돌,안전운전불이행,건조,맑음,단일로 - 기타,화물,남,36세,상해없음,승용,남,28세,경상
2019101500100402,2019년 10월 15일 14시,화요일,인천광역시 남동구 구월동,경상사고,0,0,1,0,차대차 - 측면충돌,안전운전불이행,건조,맑음,단일로 - 기타,화물,남,46세,상해없음,승용,여,52세,경상
2019101500100449,2019년 10월 15일 15시,화요일,인천광역시 중구 북성동1가,중상사고,0,1,0,0,차대사람 - 기타,안전운전불이행,건조,맑음,단일로 - 기타,화물,남,51세,상해없음,보행자,남,72세,중상
2019101500100450,2019년 10월 15일 15시,화요일,인천광역시 서구 경서동,경상사고,0,0,2,0,차대차 - 기타,안전운전불이행,건조,맑음,교차로 - 교차로부근,건설기계,남,31세,상해없음,화물,여,58세,경상
2019101500100451,2019년 10월 15일 15시,화요일,인천광역시 남동구 서창동,경상사고,0,0,1,0,차대사람 - 횡단중,안전운전불이행,건조,맑음,교차로 - 교차로안,승합,남,67세,상해없음,보행자,여,12세,경상
2019101500100495,2019년 10월 15일 16시,화요일,인천광역시 미추홀구 주안동,경상사고,0,0,1,0,차대차 - 추돌,안전운전불이행,건조,맑음,단일로 - 기타,승용,남,16세,상해없음,승용,남,42세,경상
2019101500100545,2019년 10월 15일 17시,화요일,인천광역시 미추홀구 주안동,경상사고,0,0,1,0,차대차 - 후진중충돌,안전운전불이행,건조,맑음,주차장 - 주차장,승용,남,35세,상해없음,승용,여,57세,경상
2019101500100607,2019년 10월 15일 18시,화요일,인천광역시 중구 운서동,경상사고,0,0,3,0,차대차 - 측면충돌,차로위반,건조,맑음,단일로 - 기타,승용,남,26세,상해없음,승용,여,25세,경상
2019101500100608,2019년 10월 15일 18시,화요일,인천광역시 미추홀구 도화동,경상사고,0,0,1,1,차대차 - 측면충돌,안전운전불이행,건조,맑음,교차로 - 교차로안,이륜,남,16세,부상신고,승용,남,39세,경상
2019101500100609,2019년 10월 15일 18시,화요일,인천광역시 미추홀구 도화동,경상사고,0,0,1,0,차대차 - 추돌,안전거리미확보,건조,맑음,단일로 - 기타,승용,남,24세,기타불명,승용,여,46세,경상
2019101500100610,2019년 10월 15일 18시,화요일,인천광역시 남동구 만수동,경상사고,0,0,1,0,차대차 - 측면충돌,안전거리미확보,건조,맑음,단일로 - 기타,승용,남,41세,상해없음,이륜,남,43세,경상
2019101500100611,2019년 10월 15일 18시,화요일,인천광역시 연수구 송도동,중상사고,0,1,0,0,차대차 - 기타,기타,건조,맑음,교차로 - 교차로안,원동기,남,18세,상해없음,자전거,여,66세,중상
2019101500100651,2019년 10월 15일 19시,화요일,인천광역시 미추홀구 문학동,경상사고,0,0,2,0,차대차 - 측면충돌,안전운전불이행,건조,기타,교차로 - 교차로부근,승용,여,41세,기타불명,승용,남,68세,경상
2019101500100652,2019년 10월 15일 19시,화요일,인천광역시 남동구 구월동,중상사고,0,1,0,0,차대차 - 측면충돌,신호위반,건조,맑음,교차로 - 교차로안,승용,여,67세,상해없음,승용,남,58세,상해없음