사고번호,사고일시,요일,시군구,사고내용,사망자수,중상자수,경상자수,부상신고자수,사고유형,법규위반,노면상태,기상상태,도로형태,가해운전자 차종,가해운전자 성별,가해운전자 연령,가해운전자 상해정도,피해운전자 차종,피해운전자 성별,피해운전자 연령,피해운전자 상해정도
2019102900100380,2019년 10월 29일 14시,화요일,인천광역시 남동구 구월동,중상사고,0,1,0,0,차대차 - 추돌,안전운전불이행,건조,맑음,교차로 - 교차로부근,승용,남,60세,상해없음,승용,남,51세,중상
2019102900100432,2019년 10월 29일 15시,화요일,인천광역시 미추홀구 주안동,경상사고,0,0,1,0,차대차 - 측면충돌,안전운전불이행,건조,맑음,단일로 - 기타,화물,남,43세,상해없음,승용,여,45세,경상
2019102900100522,2019년 10월 29일 17시,화요일,인천광역시 서구 신현동,경상사고,0,0,1,0,차대차 - 측면충돌,안전운전불이행,건조,맑음,교차로 - 교차로안,화물,남,63세,상해없음,이륜,남,38세,경상
2019102900100523,2019년 10월 29일 17시,화요일,인천광역시 계양구 계산동,경상사고,0,0,1,0,차량단독 - 기타,기타,건조,맑음,단일로 - 기타,승합,남,45세,상해없음,,,,
2019102900100524,2019년 10월 29일 17시,화요일,인천광역시 연수구 송도동,경상사고,0,0,1,0,차대차 - 측면충돌,교차로운행방법위반,건조,맑음,교차로 - 교차로안,승용,남,55세,상해없음,승용,남,36세,경상
2019102900100577,2019년 10월 29일 18시,화요일,인천광역시 서구 오류동,중상사고,0,1,0,0,차대사람 - 차도통행중,안전운전불이행,건조,맑음,단일로 - 기타,승용,남,39세,상해없음,보행자,여,79세,중상
2019102900100578,2019년 10월 29일 18시,화요일,인천광역시 서구 연희동,중상사고,0,1,0,0,차대차 - 추돌,안전운전불이행,건조,맑음,단일로 - 기타,화물,남,53세,상해없음,화물,남,30세,중상
2019102900100579,2019년 10월 29일 18시,화요일,인천광역시 서구 왕길동,경상사고,0,0,1,0,차대차 - 측면충돌,안전운전불이행,건조,맑음,기타 - 기타,원동기,남,35세,기타불명,승용,남,60세,상해없음
2019102900100580,2019년 10월 29일 18시,화요일,인천광역시 서구 석남동,경상사고,0,0,1,0,차대차 - 기타,안전운전불이행,건조,맑음,단일로 - 기타,승용,남,57세,상해없음,승용,남,61세,경상
2019102900100581,2019년 10월 29일 18시,화요일,인천광역시 연수구 연수동,중상사고,0,1,0,0,차대사람 - 횡단중,안전운전불이행,건조,맑음,교차로 - 교차로안,승용,남,52세,상해없음,보행자,여,70세,중상
2019102900100628,2019년 10월 29일 19시,화요일,인천광역시 미추홀구 주안동,경상사고,0,0,1,0,차대차 - 기타,안전운전불이행,건조,맑음,기타 - 기타,승용,남,51세,상해없음,승용,여,26세,경상
2019102900100629,2019년 10월 29일 19시,화요일,인천광역시 서구 신현동,경상사고,0,0,1,0,차대사람 - 기타,안전운전불이행,건조,맑음,단일로 - 기타,특수,남,38세,상해없음,보행자,남,52세,경상
2019102900100666,2019년 10월 29일 20시,화요일,인천광역시 남동구 간석동,경상사고,0,0,1,0,차대차 - 측면충돌,안전운전불이행,건조,맑음,기타 - 기타,승용,남,59세,상해없음,이륜,남,46세,경상
2019102900100716,2019년 10월 29일 22시,화요일,인천광역시 부평구 부평동,경상사고,0,0,2,0,차대차 - 측면충돌,안전운전불이행,건조,맑음,교차로 - 교차로안,승용,여,68세,상해없음,승용,여,21세,경상
2019103000100054,2019년 10월 30일 01시,수요일,인천광역시 부평구 부평동,중상사고,0,1,0,0,차대사람 - 횡단중,안전운전불이행,건조,맑음,단일로 - 기타,승용,남,60세,상해없음,보행자,여,32세,중상
2019103000100067,2019년 10월 30일 03시,수요일,인천광역시 서구 백석동,중상사고,0,1,0,0,차대차 - 정면충돌,신호위반,건조,흐림,교차로 - 교차로안,승용,남,54세,상해없음,이륜,남,25세,중상
2019103000100073,2019년 10월 30일 04시,수요일,인천광역시 동구 창영동,경상사고,0,0,1,0,차대차 - 추돌,안전운전불이행,건조,맑음,교차로 - 교차로횡단보도내,승용,남,45세,상해없음,승합,남,45세,경상
2019103000100086,2019년 10월 30일 05시,수요일,인천광역시 서구 백석동,경상사고,0,0,1,0,차대차 - 추돌,안전운전불이행,건조,맑음,교차로 - 교차로부근,승용,남,31세,상해없음,이륜,남,28세,경상
2019103000100136,2019년 10월 30일 07시,수요일,인천광역시 동구 송림동,경상사고,0,0,2,0,차대차 - 측면충돌,신호위반,건조,맑음,교차로 - 교차로안,화물,남,52세,상해없음,승용,남,53세,경상
2019103000100175,2019년 10월 30일 08시,수요일,인천광역시 중구 운서동,경상사고,0,0,1,1,차대차 - 측면충돌,안전거리미확보,건조,맑음,단일로 - 기타,승용,남,67세,부상신고,화물,남,41세,경상
2019103000100375,2019년 10월 30일 13시,수요일,인천광역시 중구 운서동,경상사고,0,0,1,0,차대차 - 측면충돌,중앙선침범,건조,맑음,단일로 - 기타,승용,남,77세,상해없음,이륜,남,44세,경상
2019103000100418,2019년 10월 30일 14시,수요일,인천광역시 중구 운서동,경상사고,0,0,2,0,차대차 - 측면충돌,안전운전불이행,건조,맑음,교차로 - 교차로안,승용,남,46세,상해없음,승용,여,27세,경상
2019103000100419,2019년 10월 30일 14시,수요일,인천광역시 남동구 만수동,경상사고,0,0,1,0,차량단독 - 기타,안전운전불이행,건조,맑음,교차로 - 교차로부근,승합,남,56세,상해없음,,,,
2019103000100420,2019년 10월 30일 14시,수요일,인천광역시 서구 가정동,중상사고,0,1,0,0,차대차 - 기타,신호위반,건조,맑음,교차로 - 교차로안,화물,남,57세,상해없음,이륜,남,51세,중상
2019103000100421,2019년 10월 30일 14시,수요일,인천광역시 남동구 논현동,경상사고,0,0,1,0,차대사람 - 기타,안전운전불이행,건조,맑음,단일로 - 기타,기타불명,기타불명,미분류,기타불명,보행자,남,6세,경상
2019103000100571,2019년 10월 30일 17시,수요일,인천광역시 미추홀구 도화동,중상사고,0,1,0,0,차대사람 - 차도통행중,안전운전불이행,건조,맑음,교차로 - 교차로안,승용,여,44세,상해없음,보행자,여,90세 이상,중상
2019103000100572,2019년 10월 30일 17시,수요일,인천광역시 남동구 구월동,경상사고,0,0,2,0,차대차 - 기타,안전운전불이행,건조,맑음,단일로 - 기타,승용,여,53세,상해없음,승용,남,42세,경상
2019103000100640,2019년 10월 30일 18시,수요일,인천광역시 연수구 청학동,경상사고,0,0,1,0,차대차 - 측면충돌,교차로운행방법위반,건조,맑음,교차로 - 교차로부근,승합,남,60세,상해없음,승용,남,64세,경상
2019103000100641,2019년 10월 30일 18시,수요일,인천광역시 남동구 논현동,경상사고,0,0,2,0,차대차 - 추돌,안전거리미확보,건조,맑음,단일로 - 기타,승용,남,40세,경상,승용,여,35세,상해없음
2019103000100733,2019년 10월 30일 20시,수요일,인천광역시 서구 청라동,경상사고,0,0,2,0,차대차 - 후진중충돌,안전운전불이행,건조,맑음,교차로 - 교차로안,승용,남,48세,상해없음,승용,남,25세,경상
2019103000100734,2019년 10월 30일 20시,수요일,인천광역시 부평구 부개동,경상사고,0,0,2,0,차대차 - 추돌,안전거리미확보,건조,맑음,단일로 - 기타,승용,여,33세,경상,승용,여,30세,상해없음
2019103000100766,2019년 10월 30일 21시,수요일,인천광역시 동구 송현동,경상사고,0,0,2,0,차대차 - 후진중충돌,안전거리미확보,건조,맑음,단일로 - 기타,화물,남,62세,상해없음,승용,남,59세,경상
2019103000100767,2019년 10월 30일 21시,수요일,인천광역시 미추홀구 학익동,부상신고사고,0,0,0,2,차대차 - 측면충돌,차로위반,건조,맑음,단일로 - 기타,승용,남,29세,상해없음,승용,남,26세,부상신고
2019103100100149,2019년 10월 31일 08시,목요일,인천광역시 서구 경서동,중상사고,0,1,0,0,차대차 - 측면충돌,안전운전불이행,건조,맑음,교차로 - 교차로안,승용,남,27세,상해없음,승용,남,34세,중상
2019103100100150,2019년 10월 31일 08시,목요일,인천광역시 남동구 남촌동,부상신고사고,0,0,0,1,차대사람 - 길가장자리구역통행중,안전운전불이행,건조,맑음,단일로 - 기타,기타불명,기타불명,미분류,기타불명,보행자,남,37세,부상신고
2019103100100151,2019년 10월 31일 08시,목요일,인천광역시 남동구 고잔동,경상사고,0,0,2,0,차대차 - 측면충돌,안전운전불이행,건조,맑음,단일로 - 기타,화물,남,50세,상해없음,승용,남,25세,경상
2019103100100196,2019년 10월 31일 09시,목요일,인천광역시 남동구 간석동,경상사고,0,0,1,0,차대차 - 추돌,교차로운행방법위반,건조,맑음,교차로 - 교차로안,기타불명,남,72세,기타불명,화물,남,55세,경상
2019103100100264,2019년 10월 31일 11시,목요일,인천광역시 남동구 구월동,경상사고,0,0,2,0,차대차 - 측면충돌,안전운전불이행,건조,맑음,단일로 - 기타,승용,남,65세,경상,승용,남,38세,경상
2019103100100379,2019년 10월 31일 14시,목요일,인천광역시 부평구 십정동,경상사고,0,0,1,0,차대차 - 측면충돌,안전운전불이행,건조,맑음,교차로 - 교차로안,화물,남,58세,상해없음,승용,남,45세,경상
2019103100100415,2019년 10월 31일 15시,목요일,인천광역시 계양구 작전동,중상사고,0,1,0,0,차대차 - 기타,안전운전불이행,건조,맑음,단일로 - 기타,승용,여,51세,상해없음,이륜,남,40세,중상
2019103100100465,2019년 10월 31일 16시,목요일,인천광역시 미추홀구 용현동,중상사고,0,1,0,0,차대사람 - 횡단중,안전운전불이행,건조,맑음,단일로 - 기타,화물,남,51세,상해없음,보행자,여,42세,중상
2019103100100466,2019년 10월 31일 16시,목요일,인천광역시 부평구 부평동,경상사고,0,0,3,0,차대차 - 측면충돌,신호위반,건조,맑음,교차로 - 교차로안,승용,여,59세,상해없음,승용,남,60세,경상
2019103100100467,2019년 10월 31일 16시,목요일,인천광역시 서구 백석동,중상사고,0,1,1,0,차대차 - 기타,신호위반,건조,맑음,교차로 - 교차로안,승용,남,63세,경상,승용,남,44세,중상
2019103100100522,2019년 10월 31일 17시,목요일,인천광역시 서구 가좌동,중상사고,0,1,0,0,차대차 - 기타,중앙선침범,건조,맑음,단일로 - 기타,승용,남,61세,상해없음,이륜,남,60세,중상
2019103100100588,2019년 10월 31일 18시,목요일,인천광역시 남동구 구월동,중상사고,0,1,0,0,차대차 - 측면충돌,중앙선침범,건조,맑음,단일로 - 기타,승용,남,40세,상해없음,이륜,남,38세,중상
2019103100100589,2019년 10월 31일 18시,목요일,인천광역시 서구 원당동,중상사고,0,1,0,0,차대사람 - 차도통행중,안전운전불이행,건조,맑음,교차로 - 교차로안,승용,남,51세,상해없음,보행자,남,40세,중상
2019103100100590,2019년 10월 31일 18시,목요일,인천광역시 서구 원창동,경상사고,0,0,3,0,차대차 - 기타,안전운전불이행,건조,맑음,단일로 - 기타,건설기계,남,48세,상해없음,승용,여,69세,경상
2019103100100591,2019년 10월 31일 18시,목요일,인천광역시 서구 오류동,경상사고,0,0,1,0,차대차 - 측면충돌,안전운전불이행,건조,맑음,교차로 - 교차로안,승용,남,51세,상해없음,승용,여,47세,경상
2019103100100592,2019년 10월 31일 18시,목요일,인천광역시 남동구 남촌동,중상사고,0,1,0,0,차대차 - 측면충돌,안전운전불이행,건조,맑음,교차로 - 교차로횡단보도내,승용,남,28세,상해없음,원동기,남,26세,중상
2019103100100629,2019년 10월 31일 19시,목요일,인천광역시 서구 석남동,경상사고,0,0,1,0,차대차 - 기타,안전운전불이행,건조,맑음,교차로 - 교차로부근,화물,남,65세,상해없음,이륜,남,37세,경상
2019103100100630,2019년 10월 31일 19시,목요일,인천광역시 서구 청라동,경상사고,0,0,1,0,차대차 - 측면충돌,안전운전불이행,건조,맑음,교차로 - 교차로안,승용,여,33세,상해없음,승용,남,61세,경상
2019103100100664,2019년 10월 31일 20시,목요일,인천광역시 서구 가좌동,사망사고,1,0,0,0,차대사람 - 기타,안전운전불이행,건조,맑음,단일로 - 기타,승합,남,28세,상해없음,보행자,남,53세,사망
2019103100100665,2019년 10월 31일 20시,목요일,인천광역시 연수구 옥련동,경상사고,0,0,1,0,차대사람 - 차도통행중,교차로운행방법위반,건조,맑음,교차로 - 교차로안,승용,여,47세,상해없음,보행자,여,57세,경상
2019110100100077,2019년 11월 1일 04시,금요일,인천광역시 미추홀구 숭의동,경상사고,0,0,4,0,차대차 - 추돌,안전거리미확보,건조,맑음,단일로 - 기타,승용,남,50세,기타불명,승용,남,37세,경상
2019110100100110,2019년 11월 1일 06시,금요일,인천광역시 중구 신흥동3가,경상사고,0,0,6,1,차대차 - 추돌,중앙선침범,건조,맑음,교차로 - 교차로횡단보도내,자전거,남,63세,부상신고,승용,남,20세,경상
2019110100100111,2019년 11월 1일 06시,금요일,인천광역시 서구 신현동,경상사고,0,0,1,0,차대차 - 추돌,안전운전불이행,건조,맑음,단일로 - 기타,화물,남,46세,상해없음,화물,남,39세,경상
2019110100100112,2019년 11월 1일 06시,금요일,인천광역시 연수구 선학동,중상사고,0,2,0,0,차대차 - 기타,안전운전불이행,건조,맑음,단일로 - 기타,승용,남,27세,상해없음,승용,여,61세,중상
2019110100100243,2019년 11월 1일 09시,금요일,인천광역시 연수구 청학동,경상사고,0,0,1,0,차대차 - 측면충돌,안전운전불이행,건조,맑음,교차로 - 교차로횡단보도내,화물,남,53세,상해없음,자전거,남,78세,경상
2019110100100264,2019년 11월 1일 10시,금요일,인천광역시 미추홀구 주안동,경상사고,0,0,1,0,차대사람 - 기타,안전운전불이행,건조,맑음,기타 - 기타,승합,남,55세,상해없음,보행자,여,63세,경상
2019110100100265,2019년 11월 1일 10시,금요일,인천광역시 계양구 계산동,부상신고사고,0,0,0,1,차대사람 - 보도통행중,안전운전불이행,건조,맑음,단일로 - 기타,승용,남,66세,상해없음,보행자,여,37세,부상신고
2019110100100266,2019년 11월 1일 10시,금요일,인천광역시 연수구 선학동,경상사고,0,0,1,0,차대차 - 기타,중앙선침범,건조,맑음,교차로 - 교차로부근,승용,남,53세,상해없음,화물,남,36세,경상
2019110100100267,2019년 11월 1일 10시,금요일,인천광역시 남동구 장수동,경상사고,0,0,1,0,차대차 - 측면충돌,교차로운행방법위반,건조,맑음,단일로 - 기타,승용,여,39세,경상,화물,남,45세,상해없음
2019110100100308,2019년 11월 1일 11시,금요일,인천광역시 서구 청라동,경상사고,0,0,1,1,차대차 - 측면충돌,안전운전불이행,건조,맑음,교차로 - 교차로부근,승용,여,30세,부상신고,이륜,남,25세,경상
2019110100100309,2019년 11월 1일 11시,금요일,인천광역시 계양구 계산동,중상사고,0,1,0,0,차대사람 - 기타,안전운전불이행,건조,맑음,교차로 - 교차로횡단보도내,승용,남,56세,상해없음,보행자,여,82세,중상
2019110100100351,2019년 11월 1일 12시,금요일,인천광역시 중구 운남동,중상사고,0,2,0,0,차대차 - 측면충돌,안전거리미확보,건조,맑음,단일로 - 기타,승용,남,60세,상해없음,승용,남,25세,중상
2019110100100352,2019년 11월 1일 12시,금요일,인천광역시 부평구 청천동,경상사고,0,0,1,0,차대차 - 기타,안전운전불이행,건조,맑음,단일로 - 기타,승용,남,59세,상해없음,승용,남,48세,경상
2019110100100353,2019년 11월 1일 12시,금요일,인천광역시 남동구 만수동,경상사고,0,0,1,0,차대차 - 측면충돌,불법유턴,건조,맑음,교차로 - 교차로부근,승용,여,40세,상해없음,승용,여,58세,경상
2019110100100387,2019년 11월 1일 13시,금요일,인천광역시 중구 유동,경상사고,0,0,3,0,차대차 - 추돌,안전운전불이행,건조,맑음,단일로 - 기타,화물,남,32세,상해없음,이륜,남,43세,경상
2019110100100388,2019년 11월 1일 13시,금요일,인천광역시 중구 운서동,중상사고,0,1,0,0,차대사람 - 횡단중,보행자보호의무위반,건조,맑음,교차로 - 교차로횡단보도내,승합,남,64세,상해없음,보행자,남,65세,중상
2019110100100389,2019년 11월 1일 13시,금요일,인천광역시 계양구 계산동,중상사고,0,1,0,0,차대차 - 후진중충돌,안전운전불이행,건조,맑음,주차장 - 주차장,승용,남,27세,상해없음,자전거,남,34세,중상
2019110100100390,2019년 11월 1일 13시,금요일,인천광역시 연수구 옥련동,중상사고,0,1,0,0,차대사람 - 횡단중,안전운전불이행,건조,맑음,단일로 - 기타,승용,여,40세,상해없음,보행자,여,64세,중상
2019110100100431,2019년 11월 1일 14시,금요일,인천광역시 미추홀구 주안동,부상신고사고,0,0,0,1,차대사람 - 기타,기타,건조,맑음,교차로 - 교차로부근,기타불명,기타불명,미분류,기타불명,보행자,남,77세,부상신고
2019110100100432,2019년 11월 1일 14시,금요일,인천광역시 서구 심곡동,경상사고,0,0,2,0,차대차 - 기타,기타,건조,맑음,주차장 - 주차장,승용,여,36세,상해없음,승용,여,33세,경상
2019110100100466,2019년 11월 1일 15시,금요일,인천광역시 동구 화수동,경상사고,0,0,1,0,차대사람 - 횡단중,보행자보호의무위반,건조,맑음,교차로 - 교차로횡단보도내,승용,남,58세,상해없음,보행자,여,10세,경상
2019110100100467,2019년 11월 1일 15시,금요일,인천광역시 서구 심곡동,경상사고,0,0,1,0,차대사람 - 차도통행중,신호위반,건조,맑음,교차로 - 교차로횡단보도내,승용,여,51세,상해없음,보행자,남,42세,경상
2019110100100468,2019년 11월 1일 15시,금요일,인천광역시 계양구 작전동,경상사고,0,0,1,0,차대사람 - 기타,안전운전불이행,건조,맑음,단일로 - 기타,승합,남,63세,상해없음,보행자,남,56세,경상
2019110100100558,2019년 11월 1일 17시,금요일,인천광역시 중구 항동7가,중상사고,0,1,4,0,차대차 - 측면충돌,기타,건조,맑음,단일로 - 기타,화물,남,60세,상해없음,승용,남,67세,경상
2019110100100559,2019년 11월 1일 17시,금요일,인천광역시 남동구 고잔동,중상사고,0,1,1,0,차대차 - 추돌,안전거리미확보,건조,맑음,단일로 - 기타,승용,남,26세,상해없음,승용,남,36세,경상
2019110100100627,2019년 11월 1일 18시,금요일,인천광역시 서구 원창동,경상사고,0,0,1,0,차대차 - 기타,안전운전불이행,건조,맑음,교차로 - 교차로안,승용,남,24세,경상,화물,남,37세,상해없음
2019110100100628,2019년 11월 1일 18시,금요일,인천광역시 계양구 용종동,경상사고,0,0,1,0,차대사람 - 횡단중,신호위반,건조,맑음,단일로 - 기타,이륜,남,33세,상해없음,보행자,여,8세,경상
2019110100100689,2019년 11월 1일 19시,금요일,인천광역시 미추홀구 도화동,중상사고,0,1,1,0,차대사람 - 횡단중,안전운전불이행,건조,맑음,단일로 - 기타,이륜,남,29세,경상,보행자,여,7세,중상
2019110100100690,2019년 11월 1일 19시,금요일,인천광역시 연수구 연수동,경상사고,0,0,1,0,차대차 - 추돌,신호위반,건조,맑음,교차로 - 교차로부근,이륜,남,30세,기타불명,승용,여,43세,경상
2019110100100728,2019년 11월 1일 20시,금요일,인천광역시 동구 송현동,부상신고사고,0,0,0,1,차대사람 - 기타,안전운전불이행,건조,맑음,단일로 - 기타,승용,남,30세,상해없음,보행자,남,45세,부상신고
2019110100100729,2019년 11월 1일 20시,금요일,인천광역시 남동구 만수동,경상사고,0,0,1,0,차대차 - 측면충돌,안전운전불이행,건조,맑음,교차로 - 교차로안,이륜,남,28세,상해없음,승용,남,62세,경상
2019110100100753,2019년 11월 1일 21시,금요일,인천광역시 부평구 부평동,경상사고,0,0,1,0,차대차 - 기타,신호위반,건조,맑음,단일로 - 기타,이륜,남,18세,상해없음,원동기,남,27세,경상
2019110100100783,2019년 11월 1일 22시,금요일,인천광역시 계양구 작전동,중상사고,0,1,0,0,차대사람 - 기타,안전운전불이행,건조,맑음,단일로 - 기타,승용,여,41세,상해없음,보행자,남,55세,중상
2019110100100803,2019년 11월 1일 23시,금요일,인천광역시 서구 당하동,경상사고,0,0,1,0,차대차 - 측면충돌,안전운전불이행,건조,맑음,교차로 - 교차로부근,승용,남,60세,상해없음,승합,남,41세,경상
2019110200100054,2019년 11월 2일 01시,토요일,인천광역시 미추홀구 주안동,경상사고,0,0,1,0,차대사람 - 기타,안전운전불이행,건조,맑음,기타 - 기타,승용,남,39세,상해없음,보행자,남,28세,경상
2019110200100075,2019년 11월 2일 03시,토요일,인천광역시 부평구 일신동,경상사고,0,0,1,0,차대차 - 측면충돌,안전거리미확보,건조,맑음,단일로 - 기타,승용,남,30세,상해없음,승용,남,62세,경상
2019110200100085,2019년 11월 2일 04시,토요일,인천광역시 연수구 송도동,경상사고,0,0,1,0,차대차 - 측면충돌,신호위반,건조,맑음,교차로 - 교차로안,승용,여,31세,상해없음,승용,남,55세,경상
2019110200100106,2019년 11월 2일 05시,토요일,인천광역시 미추홀구 숭의동,경상사고,0,0,2,0,차대차 - 추돌,기타,건조,맑음,교차로 - 교차로부근,승용,남,36세,상해없음,승용,남,56세,경상
2019110200100124,2019년 11월 2일 06시,토요일,인천광역시 중구 신생동,경상사고,0,0,3,0,차대차 - 측면충돌,안전운전불이행,건조,맑음,교차로 - 교차로부근,승용,남,42세,상해없음,승합,남,41세,경상
2019110200100164,2019년 11월 2일 08시,토요일,인천광역시 부평구 부개동,사망사고,1,0,0,0,차대차 - 기타,안전운전불이행,건조,맑음,기타 - 기타,승용,남,64세,상해없음,자전거,남,86세,사망
2019110200100198,2019년 11월 2일 09시,토요일,인천광역시 미추홀구 숭의동,경상사고,0,0,1,0,차대차 - 후진중충돌,안전운전불이행,건조,맑음,교차로 - 교차로부근,승용,남,59세,상해없음,승용,남,45세,경상
2019110200100240,2019년 11월 2일 10시,토요일,인천광역시 미추홀구 주안동,경상사고,0,0,1,0,차대차 - 측면충돌,안전운전불이행,건조,맑음,교차로 - 교차로안,화물,남,42세,상해없음,화물,남,58세,경상
2019110200100241,2019년 11월 2일 10시,토요일,인천광역시 계양구 작전동,경상사고,0,0,2,0,차대차 - 측면충돌,차로위반,건조,맑음,단일로 - 기타,화물,남,70세,상해없음,승용,남,62세,경상
2019110200100293,2019년 11월 2일 11시,토요일,인천광역시 서구 검암동,경상사고,0,0,1,0,차대사람 - 횡단중,안전운전불이행,건조,맑음,교차로 - 교차로부근,자전거,기타불명,미분류,기타불명,보행자,남,25세,경상
2019110200100336,2019년 11월 2일 12시,토요일,인천광역시 서구 왕길동,중상사고,0,1,0,0,차대차 - 측면충돌,안전운전불이행,건조,맑음,교차로 - 교차로안,화물,남,59세,상해없음,승용,남,26세,중상
2019110200100372,2019년 11월 2일 13시,토요일,인천광역시 부평구 삼산동,경상사고,0,0,1,0,차대차 - 후진중충돌,안전운전불이행,건조,맑음,기타 - 기타,승용,남,83세,상해없음,화물,남,51세,경상
2019110200100373,2019년 11월 2일 13시,토요일,인천광역시 남동구 만수동,경상사고,0,0,1,0,차대차 - 측면충돌,안전운전불이행,건조,맑음,교차로 - 교차로안,승용,남,68세,상해없음,승용,남,44세,경상
2019110200100411,2019년 11월 2일 14시,토요일,인천광역시 남동구 구월동,경상사고,0,0,4,0,차대차 - 추돌,안전운전불이행,건조,맑음,단일로 - 기타,승용,남,59세,상해없음,승용,남,33세,경상
2019110200100453,2019년 11월 2일 15시,토요일,인천광역시 미추홀구 용현동,경상사고,0,0,1,0,차대사람 - 기타,안전운전불이행,건조,맑음,단일로 - 기타,승용,남,35세,상해없음,보행자,남,50세,경상
2019110200100454,2019년 11월 2일 15시,토요일,인천광역시 남동구 간석동,경상사고,0,0,2,0,차대차 - 측면충돌,안전운전불이행,건조,맑음,주차장 - 주차장,승용,여,50세,상해없음,승용,남,24세,경상
2019110200100493,2019년 11월 2일 16시,토요일,인천광역시 계양구 작전동,경상사고,0,0,2,0,차대차 - 측면충돌,안전거리미확보,건조,맑음,교차로 - 교차로안,승용,남,60세,상해없음,승합,남,53세,경상
2019110200100539,2019년 11월 2일 17시,토요일,인천광역시 부평구 산곡동,경상사고,0,0,1,0,차대차 - 기타,안전운전불이행,건조,맑음,단일로 - 기타,승용,남,62세,상해없음,이륜,남,22세,경상
2019110200100540,2019년 11월 2일 17시,토요일,인천광역시 계양구 계산동,경상사고,0,0,1,0,차대차 - 측면충돌,안전운전불이행,건조,맑음,교차로 - 교차로안,화물,남,34세,상해없음,자전거,남,61세,경상
2019110200100598,2019년 11월 2일 18시,토요일,인천광역시 계양구 계산동,경상사고,0,0,1,0,차대차 - 측면충돌,교차로운행방법위반,건조,맑음,교차로 - 교차로안,승용,여,46세,기타불명,승용,남,57세,경상
2019110200100643,2019년 11월 2일 19시,토요일,인천광역시 미추홀구 용현동,경상사고,0,0,1,0,차대차 - 후진중충돌,안전운전불이행,건조,흐림,교차로 - 교차로부근,승용,남,58세,상해없음,이륜,남,36세,경상
2019110200100716,2019년 11월 2일 21시,토요일,인천광역시 계양구 계산동,경상사고,0,0,1,0,차대차 - 기타,안전운전불이행,건조,맑음,단일로 - 기타,화물,남,63세,기타불명,이륜,남,33세,경상
2019110200100717,2019년 11월 2일 21시,토요일,인천광역시 계양구 계산동,경상사고,0,0,1,0,차대차 - 기타,안전운전불이행,건조,맑음,단일로 - 기타,승용,남,67세,상해없음,승용,남,32세,기타불명
2019110200100738,2019년 11월 2일 22시,토요일,인천광역시 부평구 십정동,경상사고,0,0,1,0,차대차 - 기타,신호위반,건조,맑음,교차로 - 교차로안,승용,남,22세,상해없음,이륜,남,47세,경상
2019110200100739,2019년 11월 2일 22시,토요일,인천광역시 부평구 청천동,중상사고,0,1,0,0,차대차 - 측면충돌,안전운전불이행,건조,맑음,교차로 - 교차로부근,승합,남,38세,상해없음,승용,남,46세,중상
2019110200100757,2019년 11월 2일 23시,토요일,인천광역시 중구 신흥동3가,중상사고,0,1,3,0,차대차 - 측면충돌,안전거리미확보,건조,맑음,교차로 - 교차로부근,승용,남,59세,상해없음,승용,여,50세,중상
2019110200100758,2019년 11월 2일 23시,토요일,인천광역시 동구 창영동,경상사고,0,0,2,0,차대차 - 추돌,안전운전불이행,건조,맑음,단일로 - 기타,승용,남,57세,상해없음,특수,남,40세,기타불명
2019110200100759,2019년 11월 2일 23시,토요일,인천광역시 부평구 십정동,경상사고,0,0,1,0,차대사람 - 길가장자리구역통행중,안전운전불이행,건조,맑음,단일로 - 기타,기타불명,기타불명,미분류,기타불명,보행자,남,22세,경상
2019110300100043,2019년 11월 3일 00시,일요일,인천광역시 미추홀구 주안동,부상신고사고,0,0,0,1,차대사람 - 기타,안전운전불이행,건조,맑음,단일로 - 기타,승용,남,32세,상해없음,보행자,남,28세,부상신고
2019110300100044,2019년 11월 3일 00시,일요일,인천광역시 미추홀구 주안동,경상사고,0,0,1,0,차대차 - 추돌,안전운전불이행,건조,맑음,기타 - 기타,승용,남,31세,상해없음,화물,남,50세,경상
2019110300100054,2019년 11월 3일 01시,일요일,인천광역시 미추홀구 주안동,중상사고,0,1,0,0,차대사람 - 횡단중,안전운전불이행,건조,맑음,기타 - 기타,승용,남,59세,상해없음,보행자,여,53세,중상
2019110300100071,2019년 11월 3일 03시,일요일,인천광역시 남동구 남촌동,경상사고,0,0,1,0,차대차 - 측면충돌,안전거리미확보,건조,맑음,단일로 - 기타,승용,남,60세,상해없음,승용,남,26세,경상
2019110300100077,2019년 11월 3일 04시,일요일,인천광역시 계양구 작전동,경상사고,0,0,2,0,차대차 - 기타,안전운전불이행,건조,맑음,교차로 - 교차로부근,승용,남,36세,상해없음,승용,남,63세,경상
2019110300100078,2019년 11월 3일 04시,일요일,인천광역시 부평구 부평동,경상사고,0,0,3,0,차대차 - 추돌,안전운전불이행,건조,맑음,교차로 - 교차로부근,승용,남,25세,상해없음,승용,남,50세,경상
2019110300100143,2019년 11월 3일 09시,일요일,인천광역시 계양구 계산동,중상사고,0,1,0,0,차대사람 - 보도통행중,안전운전불이행,건조,맑음,단일로 - 기타,승용,남,58세,상해없음,보행자,여,80세,중상