사고번호,사고일시,요일,시군구,사고내용,사망자수,중상자수,경상자수,부상신고자수,사고유형,법규위반,노면상태,기상상태,도로형태,가해운전자 차종,가해운전자 성별,가해운전자 연령,가해운전자 상해정도,피해운전자 차종,피해운전자 성별,피해운전자 연령,피해운전자 상해정도
2019110700100316,2019년 11월 7일 12시,목요일,인천광역시 남동구 서창동,경상사고,0,0,1,0,차대차 - 측면충돌,안전거리미확보,건조,맑음,단일로 - 기타,화물,남,66세,상해없음,특수,남,50세,경상
2019110700100359,2019년 11월 7일 13시,목요일,인천광역시 부평구 십정동,경상사고,0,0,1,0,차대차 - 측면충돌,안전운전불이행,건조,맑음,교차로 - 교차로부근,승용,남,61세,상해없음,승용,남,46세,경상
2019110700100360,2019년 11월 7일 13시,목요일,인천광역시 서구 가좌동,경상사고,0,0,1,0,차대사람 - 기타,안전운전불이행,건조,맑음,단일로 - 기타,승용,남,23세,상해없음,보행자,남,28세,경상
2019110700100432,2019년 11월 7일 15시,목요일,인천광역시 남동구 간석동,중상사고,0,1,2,0,차대차 - 측면충돌,안전거리미확보,건조,맑음,단일로 - 기타,승용,남,27세,상해없음,승합,남,53세,상해없음
2019110700100433,2019년 11월 7일 15시,목요일,인천광역시 계양구 작전동,경상사고,0,0,1,0,차대차 - 후진중충돌,안전운전불이행,건조,맑음,단일로 - 기타,승합,남,58세,상해없음,승용,남,30세,경상
2019110700100434,2019년 11월 7일 15시,목요일,인천광역시 강화군 선원면,경상사고,0,0,1,0,차대차 - 측면충돌,중앙선침범,건조,맑음,교차로 - 교차로부근,승용,여,36세,상해없음,승용,남,44세,경상
2019110700100486,2019년 11월 7일 16시,목요일,인천광역시 미추홀구 도화동,경상사고,0,0,1,0,차대차 - 측면충돌,안전운전불이행,건조,맑음,교차로 - 교차로안,승용,남,34세,상해없음,승용,남,52세,경상
2019110700100487,2019년 11월 7일 16시,목요일,인천광역시 서구 경서동,경상사고,0,0,1,0,차대차 - 기타,안전운전불이행,건조,맑음,기타 - 기타,화물,남,48세,상해없음,승용,남,41세,경상
2019110700100488,2019년 11월 7일 16시,목요일,인천광역시 강화군 강화읍,경상사고,0,0,1,0,차대차 - 측면충돌,안전운전불이행,건조,맑음,교차로 - 교차로안,승용,남,62세,상해없음,화물,남,63세,경상
2019110700100489,2019년 11월 7일 16시,목요일,인천광역시 연수구 송도동,경상사고,0,0,1,0,차대차 - 기타,교차로운행방법위반,건조,맑음,교차로 - 교차로안,승용,남,59세,상해없음,승용,남,36세,경상
2019110700100530,2019년 11월 7일 17시,목요일,인천광역시 서구 가좌동,경상사고,0,0,1,0,차대차 - 측면충돌,안전운전불이행,건조,맑음,교차로 - 교차로부근,승용,남,52세,상해없음,승용,남,33세,경상
2019110700100531,2019년 11월 7일 17시,목요일,인천광역시 계양구 작전동,경상사고,0,0,2,0,차대차 - 추돌,안전운전불이행,건조,맑음,단일로 - 기타,승용,남,44세,상해없음,승용,남,41세,경상
2019110700100593,2019년 11월 7일 18시,목요일,인천광역시 중구 운서동,경상사고,0,0,3,0,차대차 - 측면충돌,안전거리미확보,건조,맑음,단일로 - 기타,승용,남,37세,상해없음,승용,여,26세,경상
2019110700100594,2019년 11월 7일 18시,목요일,인천광역시 미추홀구 문학동,경상사고,0,0,1,0,차대사람 - 길가장자리구역통행중,안전운전불이행,건조,맑음,교차로 - 교차로안,승용,남,45세,상해없음,보행자,여,29세,경상
2019110700100595,2019년 11월 7일 18시,목요일,인천광역시 남동구 간석동,경상사고,0,0,1,0,차대차 - 추돌,안전운전불이행,건조,맑음,교차로 - 교차로부근,승합,남,42세,상해없음,승용,여,39세,경상
2019110700100596,2019년 11월 7일 18시,목요일,인천광역시 서구 검암동,경상사고,0,0,1,0,차대차 - 추돌,안전운전불이행,건조,맑음,교차로 - 교차로부근,승용,남,33세,상해없음,승용,남,34세,경상
2019110700100597,2019년 11월 7일 18시,목요일,인천광역시 연수구 동춘동,경상사고,0,0,1,0,차대차 - 측면충돌,교차로운행방법위반,건조,맑음,교차로 - 교차로안,승합,남,58세,상해없음,승용,남,24세,경상
2019110700100653,2019년 11월 7일 19시,목요일,인천광역시 남동구 구월동,중상사고,0,1,0,0,차대차 - 측면충돌,안전거리미확보,건조,흐림,단일로 - 기타,승용,남,59세,상해없음,이륜,남,32세,중상
2019110700100721,2019년 11월 7일 21시,목요일,인천광역시 미추홀구 주안동,중상사고,0,1,0,0,차대사람 - 차도통행중,안전운전불이행,건조,맑음,단일로 - 기타,승용,여,44세,상해없음,보행자,남,55세,중상
2019110700100722,2019년 11월 7일 21시,목요일,인천광역시 부평구 십정동,경상사고,0,0,1,0,차량단독 - 기타,안전운전불이행,건조,맑음,단일로 - 기타,자전거,남,72세,경상,,,,
2019110700100723,2019년 11월 7일 21시,목요일,인천광역시 계양구 효성동,중상사고,0,1,0,0,차대차 - 정면충돌,교차로운행방법위반,건조,맑음,교차로 - 교차로안,승용,남,58세,상해없음,이륜,남,49세,중상
2019110700100750,2019년 11월 7일 22시,목요일,인천광역시 남동구 고잔동,경상사고,0,0,1,0,차대차 - 추돌,안전운전불이행,건조,맑음,교차로 - 교차로부근,승용,여,30세,상해없음,승용,여,59세,경상
2019110700100772,2019년 11월 7일 23시,목요일,인천광역시 부평구 청천동,경상사고,0,0,1,0,차대차 - 측면충돌,안전운전불이행,건조,맑음,단일로 - 기타,승용,남,53세,상해없음,승합,남,61세,경상
2019110800100031,2019년 11월 8일 00시,금요일,인천광역시 중구 운남동,경상사고,0,0,1,0,차대차 - 추돌,안전운전불이행,건조,맑음,단일로 - 기타,승용,남,28세,상해없음,승용,남,46세,경상
2019110800100032,2019년 11월 8일 00시,금요일,인천광역시 연수구 옥련동,경상사고,0,0,3,0,차대차 - 측면충돌,신호위반,건조,맑음,교차로 - 교차로부근,승용,남,64세,상해없음,승용,남,25세,경상
2019110800100045,2019년 11월 8일 01시,금요일,인천광역시 중구 신흥동3가,중상사고,0,1,0,0,차대사람 - 횡단중,안전운전불이행,건조,맑음,교차로 - 교차로안,승용,남,46세,상해없음,보행자,남,50세,중상
2019110800100046,2019년 11월 8일 01시,금요일,인천광역시 계양구 작전동,경상사고,0,0,1,0,차대차 - 추돌,안전거리미확보,건조,맑음,교차로 - 교차로안,승용,남,28세,기타불명,승용,남,57세,경상
2019110800100081,2019년 11월 8일 05시,금요일,인천광역시 미추홀구 도화동,경상사고,0,0,1,0,차대차 - 측면충돌,안전운전불이행,건조,맑음,단일로 - 기타,승용,남,31세,상해없음,승용,남,60세,경상
2019110800100082,2019년 11월 8일 05시,금요일,인천광역시 서구 석남동,경상사고,0,0,1,0,차대차 - 기타,안전운전불이행,건조,맑음,교차로 - 교차로부근,승용,남,22세,상해없음,승용,여,55세,경상
2019110800100128,2019년 11월 8일 07시,금요일,인천광역시 미추홀구 도화동,경상사고,0,0,1,0,차대차 - 측면충돌,안전운전불이행,건조,맑음,교차로 - 교차로부근,기타불명,기타불명,미분류,기타불명,승용,남,34세,경상
2019110800100129,2019년 11월 8일 07시,금요일,인천광역시 연수구 선학동,경상사고,0,0,1,0,차대차 - 측면충돌,안전운전불이행,건조,맑음,단일로 - 지하차도(도로)내,이륜,남,27세,상해없음,승용,남,55세,경상
2019110800100190,2019년 11월 8일 08시,금요일,인천광역시 미추홀구 주안동,경상사고,0,0,1,0,차대사람 - 횡단중,보행자보호의무위반,건조,맑음,교차로 - 교차로횡단보도내,승용,여,47세,상해없음,보행자,여,43세,경상
2019110800100191,2019년 11월 8일 08시,금요일,인천광역시 서구 가정동,경상사고,0,0,1,0,차대차 - 기타,안전운전불이행,건조,맑음,기타 - 기타,승용,남,54세,상해없음,승용,여,41세,경상
2019110800100241,2019년 11월 8일 09시,금요일,인천광역시 미추홀구 숭의동,경상사고,0,0,1,0,차대차 - 후진중충돌,안전운전불이행,건조,맑음,단일로 - 기타,화물,남,59세,상해없음,승합,여,45세,경상
2019110800100242,2019년 11월 8일 09시,금요일,인천광역시 서구 가정동,경상사고,0,0,2,0,차대차 - 추돌,기타,건조,맑음,교차로 - 교차로부근,승용,남,59세,경상,화물,남,58세,경상
2019110800100243,2019년 11월 8일 09시,금요일,인천광역시 연수구 연수동,경상사고,0,0,1,0,차대차 - 후진중충돌,안전운전불이행,건조,맑음,단일로 - 기타,승용,남,53세,상해없음,승용,남,63세,상해없음
2019110800100308,2019년 11월 8일 11시,금요일,인천광역시 중구 답동,경상사고,0,0,1,0,차대차 - 측면충돌,안전운전불이행,건조,맑음,단일로 - 기타,화물,남,21세,상해없음,화물,남,56세,경상
2019110800100309,2019년 11월 8일 11시,금요일,인천광역시 계양구 계산동,중상사고,0,1,0,0,차대사람 - 차도통행중,안전운전불이행,건조,맑음,교차로 - 교차로안,승용,남,47세,상해없음,보행자,여,80세,중상
2019110800100310,2019년 11월 8일 11시,금요일,인천광역시 계양구 계산동,중상사고,0,1,0,0,차대사람 - 기타,안전운전불이행,건조,맑음,단일로 - 기타,승용,여,56세,상해없음,보행자,여,80세,중상
2019110800100352,2019년 11월 8일 12시,금요일,인천광역시 남동구 구월동,경상사고,0,0,1,0,차대차 - 측면충돌,안전운전불이행,건조,맑음,교차로 - 교차로안,화물,남,78세,상해없음,승용,남,63세,경상
2019110800100436,2019년 11월 8일 14시,금요일,인천광역시 서구 불로동,경상사고,0,0,2,0,차대차 - 정면충돌,중앙선침범,건조,맑음,기타 - 기타,승용,남,36세,경상,승용,남,43세,경상
2019110800100437,2019년 11월 8일 14시,금요일,인천광역시 서구 백석동,경상사고,0,0,1,0,차대차 - 추돌,안전운전불이행,건조,맑음,교차로 - 교차로부근,화물,남,63세,상해없음,승용,여,41세,경상
2019110800100438,2019년 11월 8일 14시,금요일,인천광역시 계양구 용종동,부상신고사고,0,0,0,1,차대차 - 측면충돌,안전운전불이행,건조,맑음,교차로 - 교차로부근,승용,여,54세,기타불명,자전거,남,10세,부상신고
2019110800100439,2019년 11월 8일 14시,금요일,인천광역시 남동구 논현동,경상사고,0,0,1,0,차대차 - 측면충돌,안전운전불이행,건조,맑음,단일로 - 기타,화물,남,55세,상해없음,이륜,남,36세,경상
2019110800100484,2019년 11월 8일 15시,금요일,인천광역시 미추홀구 주안동,경상사고,0,0,2,0,차대차 - 측면충돌,안전운전불이행,건조,맑음,단일로 - 기타,승용,여,29세,경상,승용,여,58세,경상
2019110800100485,2019년 11월 8일 15시,금요일,인천광역시 남동구 논현동,경상사고,0,0,1,0,차대차 - 기타,안전운전불이행,건조,맑음,단일로 - 기타,승용,여,39세,상해없음,승용,남,41세,경상
2019110800100577,2019년 11월 8일 17시,금요일,인천광역시 미추홀구 주안동,경상사고,0,0,2,0,차대차 - 후진중충돌,안전운전불이행,건조,맑음,교차로 - 교차로안,승용,남,32세,경상,승용,여,39세,경상
2019110800100578,2019년 11월 8일 17시,금요일,인천광역시 서구 오류동,중상사고,0,1,0,0,차대차 - 기타,안전운전불이행,건조,맑음,교차로 - 교차로안,승합,남,80세,기타불명,승용,남,64세,중상
2019110800100579,2019년 11월 8일 17시,금요일,인천광역시 서구 청라동,경상사고,0,0,1,0,차대차 - 정면충돌,안전운전불이행,건조,맑음,교차로 - 교차로안,승용,여,53세,상해없음,승용,여,41세,경상
2019110800100580,2019년 11월 8일 17시,금요일,인천광역시 계양구 작전동,중상사고,0,2,0,0,차대차 - 기타,신호위반,건조,맑음,교차로 - 교차로부근,승용,남,66세,상해없음,승용,남,59세,중상
2019110800100581,2019년 11월 8일 17시,금요일,인천광역시 계양구 서운동,경상사고,0,0,1,0,차대차 - 추돌,안전거리미확보,건조,맑음,단일로 - 기타,화물,남,53세,상해없음,승용,남,52세,경상
2019110800100656,2019년 11월 8일 18시,금요일,인천광역시 동구 송현동,중상사고,0,1,0,0,차대사람 - 보도통행중,안전운전불이행,건조,맑음,단일로 - 기타,승합,남,48세,상해없음,보행자,남,56세,중상
2019110800100657,2019년 11월 8일 18시,금요일,인천광역시 남동구 논현동,경상사고,0,0,2,0,차대차 - 측면충돌,안전운전불이행,건조,맑음,교차로 - 교차로부근,승용,여,37세,경상,승용,남,51세,경상
2019110800100715,2019년 11월 8일 19시,금요일,인천광역시 부평구 부평동,경상사고,0,0,2,0,차대차 - 기타,안전운전불이행,건조,맑음,교차로 - 교차로부근,승용,남,63세,상해없음,화물,남,52세,경상
2019110800100716,2019년 11월 8일 19시,금요일,인천광역시 계양구 동양동,경상사고,0,0,1,0,차대차 - 측면충돌,교차로운행방법위반,건조,맑음,교차로 - 교차로안,승용,남,45세,기타불명,승용,남,52세,경상
2019110800100798,2019년 11월 8일 21시,금요일,인천광역시 부평구 부평동,경상사고,0,0,2,0,차대차 - 후진중충돌,안전운전불이행,건조,맑음,단일로 - 기타,승용,남,56세,상해없음,승용,남,31세,경상
2019110800100799,2019년 11월 8일 21시,금요일,인천광역시 계양구 계산동,경상사고,0,0,1,0,차대차 - 측면충돌,안전운전불이행,건조,맑음,교차로 - 교차로부근,이륜,남,31세,경상,승용,남,69세,상해없음
2019110800100800,2019년 11월 8일 21시,금요일,인천광역시 연수구 청학동,경상사고,0,0,1,0,차대차 - 측면충돌,교차로운행방법위반,건조,맑음,교차로 - 교차로안,승용,남,51세,상해없음,승용,남,27세,경상
2019110800100822,2019년 11월 8일 22시,금요일,인천광역시 서구 왕길동,중상사고,0,1,0,0,차대차 - 추돌,안전운전불이행,건조,맑음,교차로 - 교차로부근,이륜,남,19세,상해없음,이륜,남,55세,중상
2019110800100823,2019년 11월 8일 22시,금요일,인천광역시 연수구 송도동,경상사고,0,0,1,0,차대차 - 추돌,안전운전불이행,건조,맑음,단일로 - 기타,승용,남,34세,상해없음,승용,여,38세,경상
2019110800100824,2019년 11월 8일 22시,금요일,인천광역시 남동구 논현동,경상사고,0,0,1,0,차대사람 - 차도통행중,안전운전불이행,건조,맑음,교차로 - 교차로부근,기타불명,기타불명,미분류,기타불명,보행자,남,48세,경상
2019110900100052,2019년 11월 9일 01시,토요일,인천광역시 서구 청라동,경상사고,0,0,2,0,차대차 - 추돌,안전운전불이행,건조,맑음,교차로 - 교차로부근,승용,남,49세,기타불명,승용,남,35세,경상
2019110900100053,2019년 11월 9일 01시,토요일,인천광역시 서구 청라동,중상사고,0,1,0,0,차대차 - 측면충돌,신호위반,건조,맑음,교차로 - 교차로안,승용,남,53세,상해없음,승용,여,64세,중상
2019110900100054,2019년 11월 9일 01시,토요일,인천광역시 계양구 병방동,경상사고,0,0,1,0,차대차 - 추돌,안전운전불이행,건조,맑음,교차로 - 교차로부근,승용,남,51세,상해없음,승용,남,30세,경상
2019110900100055,2019년 11월 9일 01시,토요일,인천광역시 연수구 동춘동,경상사고,0,0,1,0,차대차 - 추돌,안전운전불이행,건조,맑음,교차로 - 교차로부근,승용,남,38세,상해없음,승합,남,55세,상해없음
2019110900100066,2019년 11월 9일 02시,토요일,인천광역시 미추홀구 관교동,경상사고,0,0,3,0,차대차 - 추돌,안전운전불이행,건조,맑음,교차로 - 교차로안,승용,남,49세,상해없음,승용,남,32세,경상
2019110900100079,2019년 11월 9일 03시,토요일,인천광역시 미추홀구 주안동,중상사고,0,1,0,0,차대차 - 추돌,안전운전불이행,건조,맑음,교차로 - 교차로부근,승용,남,24세,상해없음,승합,남,58세,중상
2019110900100080,2019년 11월 9일 03시,토요일,인천광역시 남동구 구월동,경상사고,0,0,1,0,차대사람 - 길가장자리구역통행중,안전운전불이행,건조,맑음,기타 - 기타,승용,남,46세,상해없음,보행자,남,26세,경상
2019110900100081,2019년 11월 9일 03시,토요일,인천광역시 남동구 간석동,경상사고,0,0,1,0,차대차 - 측면충돌,안전거리미확보,건조,맑음,단일로 - 기타,승용,남,34세,상해없음,승용,남,63세,경상
2019110900100107,2019년 11월 9일 05시,토요일,인천광역시 남동구 간석동,경상사고,0,0,1,0,차대차 - 측면충돌,신호위반,건조,맑음,교차로 - 교차로안,승용,남,63세,상해없음,승용,남,65세,경상
2019110900100160,2019년 11월 9일 08시,토요일,인천광역시 서구 청라동,경상사고,0,0,1,0,차대차 - 측면충돌,안전운전불이행,건조,맑음,단일로 - 기타,승용,남,62세,상해없음,승용,남,59세,경상
2019110900100161,2019년 11월 9일 08시,토요일,인천광역시 연수구 청학동,경상사고,0,0,1,0,차대차 - 추돌,안전운전불이행,건조,맑음,단일로 - 기타,승용,여,31세,상해없음,승용,여,36세,경상
2019110900100199,2019년 11월 9일 09시,토요일,인천광역시 중구 중앙동4가,중상사고,0,1,0,0,차대사람 - 횡단중,보행자보호의무위반,건조,맑음,교차로 - 교차로안,승용,남,66세,상해없음,보행자,여,83세,중상
2019110900100200,2019년 11월 9일 09시,토요일,인천광역시 미추홀구 숭의동,경상사고,0,0,2,0,차대차 - 측면충돌,교차로운행방법위반,건조,맑음,교차로 - 교차로안,승용,여,38세,경상,승용,남,28세,경상
2019110900100201,2019년 11월 9일 09시,토요일,인천광역시 남동구 간석동,중상사고,0,1,0,0,차대사람 - 횡단중,보행자보호의무위반,건조,맑음,교차로 - 교차로횡단보도내,승용,남,60세,상해없음,보행자,여,62세,중상
2019110900100234,2019년 11월 9일 10시,토요일,인천광역시 부평구 부평동,경상사고,0,0,1,0,차대차 - 추돌,안전운전불이행,건조,맑음,단일로 - 기타,승용,남,32세,상해없음,승용,남,65세,경상
2019110900100285,2019년 11월 9일 11시,토요일,인천광역시 서구 가좌동,중상사고,0,1,0,0,차대차 - 측면충돌,교차로운행방법위반,건조,맑음,교차로 - 교차로부근,화물,남,55세,상해없음,승합,남,48세,중상
2019110900100286,2019년 11월 9일 11시,토요일,인천광역시 서구 불로동,경상사고,0,0,3,0,차대차 - 추돌,안전운전불이행,건조,맑음,교차로 - 교차로부근,승용,남,36세,상해없음,승용,남,32세,경상
2019110900100329,2019년 11월 9일 12시,토요일,인천광역시 중구 중산동,경상사고,0,0,1,0,차대차 - 추돌,신호위반,건조,맑음,교차로 - 교차로안,승용,여,43세,상해없음,승용,남,35세,경상
2019110900100330,2019년 11월 9일 12시,토요일,인천광역시 남동구 간석동,경상사고,0,0,2,0,차대차 - 기타,안전거리미확보,건조,맑음,단일로 - 기타,화물,남,66세,상해없음,화물,남,41세,경상
2019110900100331,2019년 11월 9일 12시,토요일,인천광역시 계양구 효성동,경상사고,0,0,1,0,차대사람 - 기타,안전운전불이행,건조,맑음,단일로 - 기타,승용,여,23세,상해없음,보행자,여,30세,경상
2019110900100375,2019년 11월 9일 13시,토요일,인천광역시 남동구 간석동,경상사고,0,0,2,0,차대차 - 추돌,안전거리미확보,건조,맑음,교차로 - 교차로부근,승합,남,50세,상해없음,승용,남,62세,경상
2019110900100376,2019년 11월 9일 13시,토요일,인천광역시 남동구 간석동,경상사고,0,0,1,0,차대차 - 측면충돌,안전운전불이행,건조,맑음,기타 - 기타,승용,남,59세,상해없음,승용,남,58세,경상
2019110900100377,2019년 11월 9일 13시,토요일,인천광역시 강화군 선원면,경상사고,0,0,1,0,차대차 - 기타,안전운전불이행,건조,맑음,교차로 - 교차로안,승용,남,79세,상해없음,승용,남,67세,경상
2019110900100475,2019년 11월 9일 15시,토요일,인천광역시 중구 중산동,경상사고,0,0,1,0,차대차 - 추돌,안전운전불이행,건조,맑음,교차로 - 교차로부근,원동기,남,47세,상해없음,승용,여,41세,경상
2019110900100476,2019년 11월 9일 15시,토요일,인천광역시 부평구 갈산동,중상사고,0,1,2,0,차대차 - 추돌,안전운전불이행,건조,맑음,단일로 - 지하차도(도로)내,건설기계,남,47세,상해없음,승용,남,47세,중상
2019110900100507,2019년 11월 9일 16시,토요일,인천광역시 계양구 병방동,경상사고,0,0,1,0,차대차 - 추돌,안전거리미확보,건조,맑음,단일로 - 기타,승용,남,46세,상해없음,승용,여,51세,경상
2019110900100547,2019년 11월 9일 17시,토요일,인천광역시 계양구 오류동,중상사고,0,2,4,0,차대차 - 추돌,중앙선침범,건조,맑음,단일로 - 기타,승용,남,34세,상해없음,승용,여,49세,경상
2019110900100648,2019년 11월 9일 19시,토요일,인천광역시 서구 가정동,경상사고,0,0,1,0,차대차 - 기타,안전운전불이행,건조,맑음,교차로 - 교차로안,승용,여,20세,기타불명,승합,남,61세,경상
2019110900100675,2019년 11월 9일 20시,토요일,인천광역시 미추홀구 관교동,경상사고,0,0,1,0,차대차 - 측면충돌,안전운전불이행,건조,맑음,단일로 - 기타,승합,남,41세,상해없음,승용,남,35세,경상
2019110900100676,2019년 11월 9일 20시,토요일,인천광역시 연수구 송도동,경상사고,0,0,2,0,차대차 - 측면충돌,안전운전불이행,건조,맑음,단일로 - 기타,승용,여,20세,상해없음,승용,여,24세,경상
2019110900100724,2019년 11월 9일 22시,토요일,인천광역시 서구 오류동,중상사고,0,1,0,0,차대사람 - 기타,안전운전불이행,건조,맑음,교차로 - 교차로안,승용,남,41세,상해없음,보행자,남,41세,중상
2019110900100737,2019년 11월 9일 23시,토요일,인천광역시 부평구 청천동,부상신고사고,0,0,0,1,차대사람 - 기타,안전운전불이행,건조,맑음,단일로 - 기타,승용,남,38세,기타불명,보행자,남,25세,부상신고
2019110900100738,2019년 11월 9일 23시,토요일,인천광역시 남동구 구월동,경상사고,0,0,1,0,차대차 - 측면충돌,안전운전불이행,건조,맑음,교차로 - 교차로안,이륜,남,42세,상해없음,이륜,남,20세,경상
2019110900100739,2019년 11월 9일 23시,토요일,인천광역시 부평구 부평동,경상사고,0,0,1,0,차대사람 - 기타,안전운전불이행,건조,맑음,단일로 - 기타,기타불명,기타불명,미분류,기타불명,보행자,여,25세,경상
2019111000100037,2019년 11월 10일 00시,일요일,인천광역시 미추홀구 주안동,경상사고,0,0,1,0,차대차 - 후진중충돌,안전운전불이행,건조,맑음,교차로 - 교차로안,승용,남,35세,상해없음,승용,남,62세,상해없음
2019111000100038,2019년 11월 10일 00시,일요일,인천광역시 미추홀구 도화동,경상사고,0,0,1,0,차량단독 - 기타,안전운전불이행,건조,맑음,교차로 - 교차로부근,승용,남,52세,상해없음,,,,
2019111000100064,2019년 11월 10일 02시,일요일,인천광역시 서구 가좌동,경상사고,0,0,1,0,차대사람 - 기타,안전운전불이행,건조,맑음,단일로 - 기타,승용,남,57세,상해없음,보행자,남,57세,경상
2019111000100065,2019년 11월 10일 02시,일요일,인천광역시 서구 석남동,경상사고,0,0,1,0,차량단독 - 기타,안전운전불이행,건조,맑음,기타 - 기타,화물,남,32세,경상,,,,
2019111000100080,2019년 11월 10일 03시,일요일,인천광역시 미추홀구 주안동,경상사고,0,0,1,0,차대사람 - 기타,안전운전불이행,건조,맑음,단일로 - 기타,승용,남,20세,상해없음,보행자,남,22세,경상
2019111000100081,2019년 11월 10일 03시,일요일,인천광역시 남동구 구월동,경상사고,0,0,1,0,차대차 - 기타,안전운전불이행,건조,맑음,단일로 - 기타,이륜,남,16세,경상,승용,남,31세,기타불명
2019111000100082,2019년 11월 10일 03시,일요일,인천광역시 서구 불로동,중상사고,0,1,0,0,차량단독 - 기타,안전운전불이행,건조,맑음,교차로 - 교차로안,이륜,남,17세,중상,,,,
2019111000100083,2019년 11월 10일 03시,일요일,인천광역시 서구 석남동,중상사고,0,1,1,0,차대차 - 기타,안전운전불이행,건조,맑음,교차로 - 교차로부근,이륜,남,15세,중상,승용,남,61세,경상
2019111000100100,2019년 11월 10일 05시,일요일,인천광역시 남동구 만수동,중상사고,0,1,3,0,차대차 - 측면충돌,안전운전불이행,건조,맑음,교차로 - 교차로안,승용,남,26세,경상,이륜,남,23세,중상
2019111000100101,2019년 11월 10일 05시,일요일,인천광역시 서구 마전동,경상사고,0,0,1,0,차대차 - 기타,안전운전불이행,건조,맑음,단일로 - 기타,이륜,남,28세,경상,승용,남,66세,상해없음
2019111000100106,2019년 11월 10일 06시,일요일,인천광역시 미추홀구 숭의동,중상사고,0,1,0,0,차대사람 - 횡단중,보행자보호의무위반,건조,맑음,교차로 - 교차로횡단보도내,화물,남,51세,상해없음,보행자,여,61세,중상
2019111000100124,2019년 11월 10일 07시,일요일,인천광역시 부평구 부평동,경상사고,0,0,1,0,차대사람 - 횡단중,신호위반,건조,맑음,단일로 - 기타,이륜,남,24세,상해없음,보행자,남,56세,경상
2019111000100137,2019년 11월 10일 08시,일요일,인천광역시 미추홀구 주안동,경상사고,0,0,2,0,차대차 - 기타,안전운전불이행,건조,맑음,교차로 - 교차로부근,승합,남,20세,상해없음,승용,남,56세,경상
2019111000100138,2019년 11월 10일 08시,일요일,인천광역시 남동구 만수동,중상사고,0,1,0,0,차대차 - 기타,교차로운행방법위반,건조,맑음,교차로 - 교차로안,이륜,남,51세,기타불명,이륜,남,29세,중상
2019111000100139,2019년 11월 10일 08시,일요일,인천광역시 서구 원창동,경상사고,0,0,2,0,차대차 - 기타,안전운전불이행,건조,맑음,단일로 - 기타,화물,남,32세,상해없음,승용,남,51세,경상
2019111000100181,2019년 11월 10일 10시,일요일,인천광역시 연수구 송도동,경상사고,0,0,1,0,차대차 - 측면충돌,교차로운행방법위반,건조,맑음,교차로 - 교차로안,승용,남,52세,상해없음,이륜,남,32세,경상
2019111000100206,2019년 11월 10일 11시,일요일,인천광역시 중구 운서동,경상사고,0,0,1,0,차대차 - 측면충돌,안전운전불이행,건조,맑음,단일로 - 기타,승용,남,28세,상해없음,승용,남,34세,경상
2019111000100207,2019년 11월 10일 11시,일요일,인천광역시 미추홀구 관교동,중상사고,0,1,0,0,차량단독 - 기타,기타,건조,맑음,단일로 - 기타,승합,남,44세,기타불명,,,,
2019111000100253,2019년 11월 10일 13시,일요일,인천광역시 중구 중산동,경상사고,0,0,4,0,차대차 - 측면충돌,안전운전불이행,건조,맑음,단일로 - 기타,승용,남,67세,경상,승용,여,35세,경상
2019111000100285,2019년 11월 10일 14시,일요일,인천광역시 서구 가정동,경상사고,0,0,2,0,차대차 - 기타,신호위반,건조,맑음,단일로 - 기타,화물,남,60세,상해없음,승용,남,47세,경상
2019111000100313,2019년 11월 10일 15시,일요일,인천광역시 중구 용동,경상사고,0,0,1,0,차대사람 - 기타,안전운전불이행,건조,맑음,단일로 - 기타,화물,남,49세,상해없음,보행자,남,77세,경상
2019111000100314,2019년 11월 10일 15시,일요일,인천광역시 계양구 계산동,경상사고,0,0,1,0,차대차 - 추돌,안전운전불이행,건조,맑음,교차로 - 교차로부근,승용,남,52세,상해없음,승합,남,46세,경상
2019111000100428,2019년 11월 10일 18시,일요일,인천광역시 계양구 작전동,경상사고,0,0,1,0,차대차 - 측면충돌,안전운전불이행,젖음/습기,비,교차로 - 교차로부근,승용,남,57세,상해없음,이륜,남,40세,경상
2019111000100429,2019년 11월 10일 18시,일요일,인천광역시 계양구 작전동,경상사고,0,0,3,0,차대차 - 측면충돌,교차로운행방법위반,젖음/습기,비,교차로 - 교차로안,승용,남,67세,상해없음,승용,남,40세,경상
2019111000100430,2019년 11월 10일 18시,일요일,인천광역시 연수구 송도동,경상사고,0,0,2,0,차대차 - 측면충돌,안전거리미확보,젖음/습기,비,단일로 - 기타,승용,남,30세,상해없음,승용,남,62세,경상
2019111000100431,2019년 11월 10일 18시,일요일,인천광역시 부평구 부평동,중상사고,0,1,0,0,차대사람 - 보도통행중,보행자보호의무위반,젖음/습기,비,교차로 - 교차로부근,승용,남,25세,상해없음,보행자,여,49세,중상
2019111000100498,2019년 11월 10일 19시,일요일,인천광역시 서구 마전동,경상사고,0,0,2,0,차대차 - 기타,안전운전불이행,젖음/습기,비,단일로 - 기타,승용,남,54세,상해없음,승용,남,31세,경상