사고번호,사고일시,요일,시군구,사고내용,사망자수,중상자수,경상자수,부상신고자수,사고유형,법규위반,노면상태,기상상태,도로형태,가해운전자 차종,가해운전자 성별,가해운전자 연령,가해운전자 상해정도,피해운전자 차종,피해운전자 성별,피해운전자 연령,피해운전자 상해정도
2019111000100499,2019년 11월 10일 19시,일요일,인천광역시 강화군 선원면,경상사고,0,0,2,0,차대차 - 추돌,안전운전불이행,젖음/습기,비,기타 - 기타,승용,남,66세,상해없음,승용,여,57세,경상
2019111000100555,2019년 11월 10일 20시,일요일,인천광역시 계양구 임학동,경상사고,0,0,1,0,차대차 - 추돌,안전거리미확보,젖음/습기,비,단일로 - 기타,이륜,남,26세,상해없음,이륜,남,53세,경상
2019111000100626,2019년 11월 10일 22시,일요일,인천광역시 서구 청라동,경상사고,0,0,1,0,차대사람 - 기타,안전운전불이행,젖음/습기,비,기타 - 기타,이륜,남,27세,상해없음,보행자,남,23세,경상
2019111100100039,2019년 11월 11일 00시,월요일,인천광역시 미추홀구 숭의동,중상사고,0,1,0,0,차대사람 - 횡단중,안전운전불이행,젖음/습기,비,교차로 - 교차로횡단보도내,이륜,남,38세,상해없음,보행자,여,39세,중상
2019111100100040,2019년 11월 11일 00시,월요일,인천광역시 서구 마전동,경상사고,0,0,1,0,차대차 - 측면충돌,안전운전불이행,젖음/습기,비,교차로 - 교차로횡단보도내,승용,여,45세,상해없음,승용,남,28세,경상
2019111100100057,2019년 11월 11일 02시,월요일,인천광역시 남동구 남촌동,경상사고,0,0,1,0,차대차 - 추돌,안전운전불이행,젖음/습기,맑음,교차로 - 교차로안,승용,남,27세,상해없음,승용,남,56세,경상
2019111100100064,2019년 11월 11일 04시,월요일,인천광역시 남동구 남촌동,경상사고,0,0,1,0,차대차 - 기타,신호위반,건조,맑음,교차로 - 교차로안,승용,남,42세,상해없음,이륜,남,58세,경상
2019111100100074,2019년 11월 11일 05시,월요일,인천광역시 서구 신현동,경상사고,0,0,6,0,차대차 - 측면충돌,안전운전불이행,건조,맑음,교차로 - 교차로부근,화물,남,70세,경상,승합,남,48세,경상
2019111100100100,2019년 11월 11일 06시,월요일,인천광역시 부평구 부평동,경상사고,0,0,3,0,차대차 - 정면충돌,중앙선침범,젖음/습기,흐림,교차로 - 교차로부근,승용,남,30세,상해없음,화물,남,58세,상해없음
2019111100100125,2019년 11월 11일 07시,월요일,인천광역시 미추홀구 학익동,중상사고,0,1,0,0,차대차 - 후진중충돌,안전운전불이행,젖음/습기,흐림,단일로 - 기타,승용,남,54세,상해없음,승용,남,47세,중상
2019111100100126,2019년 11월 11일 07시,월요일,인천광역시 계양구 작전동,중상사고,0,1,0,0,차대사람 - 횡단중,보행자보호의무위반,건조,흐림,교차로 - 교차로부근,승합,남,66세,상해없음,보행자,남,66세,중상
2019111100100127,2019년 11월 11일 07시,월요일,인천광역시 강화군 양사면,경상사고,0,0,1,0,차대사람 - 기타,안전운전불이행,건조,흐림,단일로 - 기타,승합,남,48세,상해없음,보행자,남,70세,경상
2019111100100128,2019년 11월 11일 07시,월요일,인천광역시 부평구 부개동,경상사고,0,0,1,0,차대차 - 정면충돌,안전운전불이행,건조,맑음,교차로 - 교차로안,승용,남,40세,상해없음,승합,남,51세,경상
2019111100100216,2019년 11월 11일 09시,월요일,인천광역시 계양구 병방동,중상사고,0,1,0,0,차대사람 - 횡단중,보행자보호의무위반,건조,맑음,단일로 - 기타,승용,여,72세,상해없음,보행자,남,45세,중상
2019111100100217,2019년 11월 11일 09시,월요일,인천광역시 계양구 효성동,중상사고,0,1,0,0,차대차 - 측면충돌,안전거리미확보,건조,맑음,단일로 - 기타,승용,여,50세,기타불명,승용,남,72세,중상
2019111100100303,2019년 11월 11일 11시,월요일,인천광역시 중구 신흥동3가,경상사고,0,0,1,0,차대차 - 추돌,안전거리미확보,건조,맑음,단일로 - 기타,승용,남,63세,상해없음,화물,남,49세,경상
2019111100100304,2019년 11월 11일 11시,월요일,인천광역시 남동구 구월동,경상사고,0,0,2,0,차대차 - 추돌,안전운전불이행,건조,맑음,기타 - 기타,승용,남,44세,상해없음,승용,남,54세,경상
2019111100100305,2019년 11월 11일 11시,월요일,인천광역시 서구 검암동,중상사고,0,1,0,0,차대차 - 추돌,안전운전불이행,건조,맑음,단일로 - 기타,승용,남,29세,상해없음,농기계,남,73세,중상
2019111100100341,2019년 11월 11일 12시,월요일,인천광역시 남동구 간석동,경상사고,0,0,1,0,차대차 - 기타,안전운전불이행,건조,맑음,교차로 - 교차로부근,승용,여,37세,상해없음,승용,남,49세,경상
2019111100100342,2019년 11월 11일 12시,월요일,인천광역시 부평구 삼산동,경상사고,0,0,1,0,차대사람 - 횡단중,보행자보호의무위반,건조,맑음,교차로 - 교차로안,승용,여,48세,상해없음,보행자,남,24세,경상
2019111100100343,2019년 11월 11일 12시,월요일,인천광역시 부평구 부평동,중상사고,0,1,0,0,차대사람 - 횡단중,보행자보호의무위반,건조,맑음,교차로 - 교차로횡단보도내,승용,여,62세,상해없음,보행자,여,80세,중상
2019111100100386,2019년 11월 11일 13시,월요일,인천광역시 미추홀구 주안동,경상사고,0,0,1,0,차대차 - 측면충돌,안전운전불이행,건조,맑음,단일로 - 기타,승용,남,58세,상해없음,승용,남,63세,경상
2019111100100387,2019년 11월 11일 13시,월요일,인천광역시 남동구 만수동,경상사고,0,0,1,0,차대차 - 측면충돌,교차로운행방법위반,건조,맑음,교차로 - 교차로안,승합,남,39세,상해없음,승용,여,48세,경상
2019111100100388,2019년 11월 11일 13시,월요일,인천광역시 서구 검암동,사망사고,1,0,0,0,차대차 - 추돌,과속,건조,맑음,단일로 - 교량,승용,남,27세,상해없음,농기계,남,78세,사망
2019111100100419,2019년 11월 11일 14시,월요일,인천광역시 남동구 만수동,경상사고,0,0,2,0,차대차 - 기타,안전운전불이행,건조,맑음,단일로 - 기타,승용,여,57세,상해없음,승합,남,54세,경상
2019111100100464,2019년 11월 11일 15시,월요일,인천광역시 미추홀구 학익동,경상사고,0,0,2,0,차대차 - 측면충돌,안전운전불이행,건조,맑음,교차로 - 교차로안,승용,남,70세,상해없음,승용,남,48세,경상
2019111100100561,2019년 11월 11일 17시,월요일,인천광역시 남동구 논현동,중상사고,0,2,0,0,차대차 - 측면충돌,교차로운행방법위반,건조,맑음,교차로 - 교차로안,개인형이동수단(PM),여,67세,중상,이륜,남,35세,중상
2019111100100615,2019년 11월 11일 18시,월요일,인천광역시 계양구 서운동,사망사고,1,0,0,0,차량단독 - 기타,안전운전불이행,건조,맑음,기타 - 기타,이륜,남,34세,사망,,,,
2019111100100616,2019년 11월 11일 18시,월요일,인천광역시 남동구 논현동,경상사고,0,0,1,0,차대차 - 측면충돌,교차로운행방법위반,건조,맑음,교차로 - 교차로안,승용,여,63세,상해없음,자전거,남,47세,경상
2019111100100688,2019년 11월 11일 20시,월요일,인천광역시 서구 가좌동,부상신고사고,0,0,0,1,차대차 - 측면충돌,신호위반,건조,맑음,교차로 - 교차로안,화물,남,51세,상해없음,승용,남,53세,부상신고
2019111100100763,2019년 11월 11일 23시,월요일,인천광역시 미추홀구 도화동,부상신고사고,0,0,0,1,차대차 - 측면충돌,안전운전불이행,건조,맑음,교차로 - 교차로부근,승용,남,34세,상해없음,승용,남,66세,부상신고
2019111100100764,2019년 11월 11일 23시,월요일,인천광역시 남동구 구월동,경상사고,0,0,1,0,차대차 - 측면충돌,안전운전불이행,건조,맑음,교차로 - 교차로부근,승용,남,57세,상해없음,승용,남,24세,경상
2019111100100765,2019년 11월 11일 23시,월요일,인천광역시 남동구 간석동,중상사고,0,1,1,0,차대차 - 측면충돌,신호위반,건조,맑음,교차로 - 교차로안,승용,남,60세,상해없음,승용,여,63세,중상
2019111200100031,2019년 11월 12일 00시,화요일,인천광역시 미추홀구 용현동,경상사고,0,0,1,0,차대차 - 추돌,안전운전불이행,건조,맑음,기타 - 기타,승용,여,25세,상해없음,승용,남,36세,경상
2019111200100032,2019년 11월 12일 00시,화요일,인천광역시 서구 청라동,경상사고,0,0,3,0,차대차 - 추돌,안전운전불이행,건조,맑음,교차로 - 교차로부근,승용,여,51세,상해없음,승용,여,50세,경상
2019111200100048,2019년 11월 12일 01시,화요일,인천광역시 계양구 계산동,중상사고,0,1,0,0,차대사람 - 횡단중,안전운전불이행,건조,맑음,단일로 - 기타,승합,남,63세,상해없음,보행자,여,81세,중상
2019111200100085,2019년 11월 12일 06시,화요일,인천광역시 계양구 병방동,경상사고,0,0,1,0,차대차 - 추돌,안전운전불이행,건조,맑음,단일로 - 기타,승용,남,56세,상해없음,승용,남,34세,경상
2019111200100104,2019년 11월 12일 07시,화요일,인천광역시 남동구 장수동,중상사고,0,1,0,0,차대차 - 추돌,안전운전불이행,건조,맑음,단일로 - 교량,승용,남,37세,상해없음,승용,남,41세,중상
2019111200100155,2019년 11월 12일 08시,화요일,인천광역시 부평구 청천동,경상사고,0,0,1,0,차대사람 - 길가장자리구역통행중,안전운전불이행,건조,맑음,단일로 - 기타,승용,여,35세,상해없음,보행자,여,44세,경상
2019111200100156,2019년 11월 12일 08시,화요일,인천광역시 부평구 삼산동,경상사고,0,0,1,0,차대차 - 측면충돌,안전거리미확보,건조,맑음,단일로 - 교량,건설기계,남,49세,상해없음,승용,남,37세,경상
2019111200100197,2019년 11월 12일 09시,화요일,인천광역시 부평구 청천동,경상사고,0,0,1,0,차대차 - 정면충돌,안전운전불이행,건조,맑음,교차로 - 교차로안,화물,남,51세,상해없음,승용,남,40세,경상
2019111200100225,2019년 11월 12일 10시,화요일,인천광역시 남동구 만수동,중상사고,0,1,0,0,차대사람 - 기타,안전운전불이행,건조,맑음,교차로 - 교차로안,승용,여,53세,상해없음,보행자,여,53세,중상
2019111200100255,2019년 11월 12일 11시,화요일,인천광역시 미추홀구 숭의동,경상사고,0,0,1,0,차대차 - 기타,안전운전불이행,건조,맑음,교차로 - 교차로안,이륜,남,40세,경상,승용,남,53세,상해없음
2019111200100285,2019년 11월 12일 12시,화요일,인천광역시 서구 경서동,경상사고,0,0,2,0,차대차 - 기타,안전운전불이행,기타,맑음,단일로 - 기타,승용,남,22세,경상,화물,남,59세,경상
2019111200100286,2019년 11월 12일 12시,화요일,인천광역시 서구 심곡동,경상사고,0,0,1,0,차대사람 - 기타,안전운전불이행,건조,맑음,단일로 - 기타,승용,남,62세,상해없음,보행자,남,21세,경상
2019111200100380,2019년 11월 12일 15시,화요일,인천광역시 미추홀구 용현동,중상사고,0,1,0,0,차대차 - 기타,기타,건조,맑음,단일로 - 기타,승용,여,69세,상해없음,개인형이동수단(PM),여,34세,중상
2019111200100418,2019년 11월 12일 16시,화요일,인천광역시 부평구 산곡동,경상사고,0,0,1,0,차대차 - 측면충돌,안전운전불이행,건조,맑음,단일로 - 기타,승합,남,70세,상해없음,승용,여,47세,경상
2019111200100569,2019년 11월 12일 19시,화요일,인천광역시 남동구 구월동,경상사고,0,0,1,0,차대차 - 측면충돌,교차로운행방법위반,건조,맑음,교차로 - 교차로안,승용,남,66세,상해없음,승용,남,36세,경상
2019111200100594,2019년 11월 12일 20시,화요일,인천광역시 남동구 구월동,경상사고,0,0,1,0,차대사람 - 횡단중,기타,건조,맑음,단일로 - 기타,이륜,여,61세,상해없음,보행자,남,22세,경상
2019111300100059,2019년 11월 13일 04시,수요일,인천광역시 부평구 청천동,경상사고,0,0,1,0,차대차 - 측면충돌,신호위반,건조,맑음,교차로 - 교차로안,승용,여,50세,상해없음,승용,남,67세,경상
2019111300100060,2019년 11월 13일 04시,수요일,인천광역시 부평구 부개동,중상사고,0,1,1,0,차대차 - 추돌,안전운전불이행,건조,맑음,단일로 - 기타,승용,남,19세,상해없음,승용,남,53세,경상
2019111300100155,2019년 11월 13일 08시,수요일,인천광역시 남동구 간석동,경상사고,0,0,3,0,차대차 - 측면충돌,신호위반,건조,맑음,교차로 - 교차로안,승용,남,50세,상해없음,승용,남,30세,경상
2019111300100181,2019년 11월 13일 09시,수요일,인천광역시 부평구 일신동,중상사고,0,1,0,0,차대차 - 추돌,안전운전불이행,건조,흐림,단일로 - 교량,승용,남,37세,상해없음,화물,남,34세,중상
2019111300100207,2019년 11월 13일 10시,수요일,인천광역시 서구 가정동,경상사고,0,0,1,0,차대차 - 측면충돌,안전운전불이행,건조,맑음,교차로 - 교차로안,화물,남,62세,상해없음,승용,남,29세,경상
2019111300100269,2019년 11월 13일 12시,수요일,인천광역시 서구 가정동,경상사고,0,0,1,0,차대차 - 기타,안전운전불이행,건조,맑음,교차로 - 교차로부근,승용,남,62세,상해없음,승용,여,48세,경상
2019111300100270,2019년 11월 13일 12시,수요일,인천광역시 남동구 논현동,경상사고,0,0,1,0,차대차 - 기타,안전운전불이행,건조,맑음,단일로 - 기타,승용,여,55세,상해없음,이륜,남,37세,경상
2019111300100304,2019년 11월 13일 13시,수요일,인천광역시 서구 검암동,중상사고,0,1,0,0,차대차 - 추돌,안전거리미확보,건조,맑음,교차로 - 교차로부근,승용,여,44세,상해없음,승용,남,67세,중상
2019111300100328,2019년 11월 13일 14시,수요일,인천광역시 서구 청라동,경상사고,0,0,2,0,차대차 - 기타,안전운전불이행,젖음/습기,비,단일로 - 기타,승용,여,44세,상해없음,승용,남,27세,경상
2019111300100366,2019년 11월 13일 15시,수요일,인천광역시 남동구 만수동,중상사고,0,1,0,0,차대사람 - 횡단중,보행자보호의무위반,젖음/습기,비,교차로 - 교차로횡단보도내,화물,남,46세,상해없음,보행자,여,55세,중상
2019111300100367,2019년 11월 13일 15시,수요일,인천광역시 서구 심곡동,중상사고,0,1,0,0,차량단독 - 기타,안전운전불이행,젖음/습기,비,교차로 - 교차로부근,승합,남,64세,상해없음,,,,
2019111300100368,2019년 11월 13일 15시,수요일,인천광역시 연수구 송도동,경상사고,0,0,1,1,차대사람 - 차도통행중,안전운전불이행,젖음/습기,맑음,교차로 - 교차로안,승용,남,68세,상해없음,보행자,여,15세,경상
2019111300100407,2019년 11월 13일 16시,수요일,인천광역시 중구 신흥동3가,경상사고,0,0,1,0,차대차 - 측면충돌,안전거리미확보,젖음/습기,비,단일로 - 기타,건설기계,남,49세,상해없음,승용,남,48세,경상
2019111300100408,2019년 11월 13일 16시,수요일,인천광역시 미추홀구 주안동,경상사고,0,0,1,0,차대차 - 측면충돌,안전운전불이행,젖음/습기,비,단일로 - 기타,승용,여,46세,상해없음,화물,남,74세,경상
2019111300100458,2019년 11월 13일 17시,수요일,인천광역시 중구 중산동,경상사고,0,0,1,0,차대차 - 측면충돌,안전운전불이행,건조,맑음,기타 - 기타,승용,여,30세,상해없음,승용,여,48세,경상
2019111300100459,2019년 11월 13일 17시,수요일,인천광역시 연수구 동춘동,경상사고,0,0,1,0,차대차 - 기타,안전운전불이행,젖음/습기,비,단일로 - 기타,승용,남,66세,상해없음,이륜,남,39세,경상
2019111300100460,2019년 11월 13일 17시,수요일,인천광역시 연수구 송도동,경상사고,0,0,1,0,차대차 - 측면충돌,안전운전불이행,건조,맑음,단일로 - 기타,화물,남,23세,상해없음,승용,남,25세,경상
2019111300100533,2019년 11월 13일 18시,수요일,인천광역시 남동구 구월동,경상사고,0,0,1,0,차대사람 - 보도통행중,보행자보호의무위반,건조,맑음,교차로 - 교차로횡단보도내,승용,여,40세,상해없음,보행자,여,73세,경상
2019111300100534,2019년 11월 13일 18시,수요일,인천광역시 남동구 간석동,경상사고,0,0,2,0,차대차 - 측면충돌,안전운전불이행,건조,맑음,기타 - 기타,특수,남,58세,상해없음,승용,여,57세,경상
2019111300100535,2019년 11월 13일 18시,수요일,인천광역시 서구 마전동,경상사고,0,0,1,0,차대사람 - 기타,안전운전불이행,젖음/습기,비,교차로 - 교차로안,화물,남,52세,상해없음,보행자,남,55세,경상
2019111300100536,2019년 11월 13일 18시,수요일,인천광역시 강화군 선원면,경상사고,0,0,1,0,차대사람 - 횡단중,신호위반,건조,흐림,교차로 - 교차로횡단보도내,승용,여,58세,상해없음,보행자,남,63세,경상
2019111300100608,2019년 11월 13일 19시,수요일,인천광역시 중구 답동,중상사고,0,1,0,0,차대차 - 추돌,안전운전불이행,건조,맑음,교차로 - 교차로안,화물,남,51세,상해없음,자전거,여,59세,중상
2019111300100609,2019년 11월 13일 19시,수요일,인천광역시 부평구 부평동,경상사고,0,0,1,0,차대차 - 추돌,안전운전불이행,젖음/습기,맑음,단일로 - 기타,승용,여,47세,상해없음,이륜,남,31세,경상
2019111300100610,2019년 11월 13일 19시,수요일,인천광역시 서구 석남동,중상사고,0,1,0,0,차대차 - 후진중충돌,안전운전불이행,건조,맑음,교차로 - 교차로부근,화물,남,34세,상해없음,이륜,남,69세,중상
2019111300100660,2019년 11월 13일 20시,수요일,인천광역시 연수구 연수동,경상사고,0,0,2,0,차량단독 - 기타,안전운전불이행,건조,맑음,교차로 - 교차로부근,승용,남,63세,상해없음,,,,
2019111300100688,2019년 11월 13일 21시,수요일,인천광역시 계양구 효성동,경상사고,0,0,1,0,차대차 - 측면충돌,안전운전불이행,건조,맑음,단일로 - 기타,자전거,남,28세,상해없음,이륜,남,30세,경상
2019111300100689,2019년 11월 13일 21시,수요일,인천광역시 부평구 부평동,경상사고,0,0,1,0,차대차 - 추돌,안전운전불이행,건조,맑음,교차로 - 교차로안,승용,남,59세,상해없음,승용,여,44세,경상
2019111300100713,2019년 11월 13일 22시,수요일,인천광역시 남동구 구월동,중상사고,0,1,0,0,차대사람 - 횡단중,보행자보호의무위반,건조,맑음,교차로 - 교차로횡단보도내,승용,남,64세,상해없음,보행자,여,61세,중상
2019111300100732,2019년 11월 13일 23시,수요일,인천광역시 서구 검암동,중상사고,0,1,0,0,차대차 - 기타,신호위반,건조,맑음,교차로 - 교차로안,개인형이동수단(PM),남,68세,중상,승용,남,35세,상해없음
2019111400100057,2019년 11월 14일 03시,목요일,인천광역시 부평구 부평동,경상사고,0,0,1,0,차대차 - 기타,안전운전불이행,건조,맑음,단일로 - 기타,승용,여,44세,상해없음,자전거,남,39세,경상
2019111400100062,2019년 11월 14일 04시,목요일,인천광역시 미추홀구 주안동,중상사고,0,1,0,0,차대사람 - 기타,안전운전불이행,건조,맑음,단일로 - 기타,화물,남,41세,상해없음,보행자,남,67세,중상
2019111400100084,2019년 11월 14일 06시,목요일,인천광역시 중구 운서동,경상사고,0,0,1,0,차대차 - 측면충돌,기타,건조,맑음,교차로 - 교차로부근,승용,남,29세,경상,승용,남,56세,상해없음
2019111400100106,2019년 11월 14일 07시,목요일,인천광역시 부평구 산곡동,경상사고,0,0,1,0,차대차 - 측면충돌,안전운전불이행,건조,맑음,단일로 - 기타,승용,남,62세,상해없음,승용,남,30세,경상
2019111400100161,2019년 11월 14일 08시,목요일,인천광역시 미추홀구 도화동,중상사고,0,1,2,0,차량단독 - 기타,안전운전불이행,건조,맑음,단일로 - 기타,승합,남,63세,상해없음,,,,
2019111400100162,2019년 11월 14일 08시,목요일,인천광역시 강화군 강화읍,중상사고,0,1,0,0,차대사람 - 횡단중,보행자보호의무위반,건조,맑음,단일로 - 기타,승용,남,60세,상해없음,보행자,여,82세,중상
2019111400100251,2019년 11월 14일 10시,목요일,인천광역시 남동구 논현동,경상사고,0,0,1,0,차대차 - 측면충돌,안전운전불이행,건조,맑음,단일로 - 기타,승용,여,28세,상해없음,승용,남,68세,경상
2019111400100291,2019년 11월 14일 11시,목요일,인천광역시 남동구 구월동,경상사고,0,0,2,0,차대차 - 측면충돌,안전운전불이행,건조,맑음,단일로 - 기타,승용,남,61세,상해없음,승용,남,28세,경상
2019111400100292,2019년 11월 14일 11시,목요일,인천광역시 서구 왕길동,경상사고,0,0,1,0,차대차 - 추돌,안전운전불이행,건조,맑음,교차로 - 교차로부근,승용,남,37세,상해없음,승용,남,58세,경상
2019111400100293,2019년 11월 14일 11시,목요일,인천광역시 강화군 강화읍,경상사고,0,0,1,0,차대차 - 기타,신호위반,건조,맑음,교차로 - 교차로안,화물,남,59세,기타불명,화물,여,46세,기타불명
2019111400100326,2019년 11월 14일 12시,목요일,인천광역시 중구 운서동,중상사고,0,1,1,0,차대차 - 측면충돌,안전운전불이행,건조,맑음,단일로 - 기타,화물,남,46세,상해없음,승용,남,58세,중상
2019111400100327,2019년 11월 14일 12시,목요일,인천광역시 미추홀구 학익동,경상사고,0,0,1,0,차대차 - 측면충돌,교차로운행방법위반,건조,맑음,교차로 - 교차로안,승용,여,64세,상해없음,승용,남,26세,경상
2019111400100328,2019년 11월 14일 12시,목요일,인천광역시 서구 오류동,경상사고,0,0,1,0,차대차 - 측면충돌,안전운전불이행,건조,맑음,단일로 - 기타,건설기계,남,53세,상해없음,승용,여,38세,경상
2019111400100329,2019년 11월 14일 12시,목요일,인천광역시 서구 청라동,중상사고,0,1,1,1,차대차 - 측면충돌,안전운전불이행,건조,맑음,교차로 - 교차로안,승용,여,22세,부상신고,승용,남,51세,중상
2019111400100369,2019년 11월 14일 13시,목요일,인천광역시 서구 청라동,경상사고,0,0,1,0,차대차 - 기타,기타,건조,맑음,단일로 - 기타,건설기계,남,56세,상해없음,승용,남,38세,경상
2019111400100448,2019년 11월 14일 15시,목요일,인천광역시 서구 마전동,경상사고,0,0,1,0,차대사람 - 횡단중,보행자보호의무위반,건조,맑음,교차로 - 교차로횡단보도내,승용,여,47세,상해없음,보행자,여,8세,경상
2019111400100502,2019년 11월 14일 16시,목요일,인천광역시 남동구 간석동,중상사고,0,1,0,0,차대사람 - 횡단중,보행자보호의무위반,건조,맑음,교차로 - 교차로횡단보도내,승용,남,73세,상해없음,보행자,여,75세,중상
2019111400100503,2019년 11월 14일 16시,목요일,인천광역시 계양구 병방동,경상사고,0,0,1,0,차대사람 - 기타,신호위반,건조,맑음,단일로 - 기타,승용,남,78세,상해없음,보행자,여,7세,경상
2019111400100504,2019년 11월 14일 16시,목요일,인천광역시 연수구 옥련동,경상사고,0,0,1,0,차대차 - 추돌,안전운전불이행,젖음/습기,비,단일로 - 기타,이륜,남,34세,상해없음,승용,여,30세,경상
2019111400100566,2019년 11월 14일 17시,목요일,인천광역시 부평구 청천동,중상사고,0,1,0,0,차대사람 - 횡단중,안전운전불이행,건조,맑음,교차로 - 교차로횡단보도내,화물,남,47세,상해없음,보행자,여,69세,중상
2019111400100567,2019년 11월 14일 17시,목요일,인천광역시 서구 오류동,중상사고,0,1,0,0,차대차 - 기타,중앙선침범,건조,맑음,기타 - 기타,이륜,남,37세,상해없음,승용,남,28세,중상
2019111400100629,2019년 11월 14일 18시,목요일,인천광역시 남동구 구월동,중상사고,0,1,0,0,차대차 - 측면충돌,안전운전불이행,건조,흐림,교차로 - 교차로부근,기타불명,기타불명,미분류,기타불명,승합,남,56세,상해없음
2019111400100630,2019년 11월 14일 18시,목요일,인천광역시 서구 오류동,경상사고,0,0,1,0,차대차 - 측면충돌,안전운전불이행,건조,맑음,교차로 - 교차로안,자전거,남,59세,경상,승용,남,56세,상해없음
2019111400100681,2019년 11월 14일 19시,목요일,인천광역시 서구 왕길동,경상사고,0,0,1,0,차대차 - 기타,안전거리미확보,건조,맑음,단일로 - 기타,승용,남,40세,상해없음,승용,남,30세,경상
2019111400100720,2019년 11월 14일 20시,목요일,인천광역시 계양구 계산동,경상사고,0,0,1,0,차대차 - 측면충돌,교차로운행방법위반,건조,맑음,교차로 - 교차로안,이륜,남,45세,상해없음,이륜,남,42세,경상
2019111400100742,2019년 11월 14일 21시,목요일,인천광역시 부평구 부평동,중상사고,0,1,0,0,차대차 - 측면충돌,안전운전불이행,건조,흐림,단일로 - 기타,승용,남,27세,상해없음,이륜,남,32세,중상
2019111400100770,2019년 11월 14일 22시,목요일,인천광역시 연수구 선학동,중상사고,0,1,0,0,차대차 - 추돌,안전운전불이행,건조,흐림,단일로 - 기타,승용,남,29세,상해없음,승용,남,62세,중상
2019111500100039,2019년 11월 15일 00시,금요일,인천광역시 미추홀구 주안동,경상사고,0,0,2,0,차대차 - 측면충돌,안전운전불이행,건조,맑음,교차로 - 교차로안,승용,남,28세,상해없음,승용,남,45세,경상
2019111500100055,2019년 11월 15일 02시,금요일,인천광역시 연수구 송도동,중상사고,0,1,0,0,차대사람 - 횡단중,신호위반,젖음/습기,흐림,교차로 - 교차로안,이륜,남,24세,상해없음,보행자,남,40세,중상
2019111500100100,2019년 11월 15일 06시,금요일,인천광역시 서구 심곡동,경상사고,0,0,1,0,차대차 - 기타,안전운전불이행,젖음/습기,비,단일로 - 기타,화물,남,50세,상해없음,승용,남,42세,경상
2019111500100101,2019년 11월 15일 06시,금요일,인천광역시 부평구 삼산동,중상사고,0,1,0,0,차대차 - 측면충돌,교차로운행방법위반,젖음/습기,비,교차로 - 교차로안,승용,남,53세,상해없음,자전거,남,32세,중상
2019111500100130,2019년 11월 15일 07시,금요일,인천광역시 부평구 구산동,경상사고,0,0,1,0,차대차 - 기타,교차로운행방법위반,젖음/습기,비,교차로 - 교차로부근,승합,남,64세,상해없음,승용,남,57세,상해없음
2019111500100177,2019년 11월 15일 08시,금요일,인천광역시 미추홀구 용현동,경상사고,0,0,1,0,차대차 - 기타,안전운전불이행,건조,기타,단일로 - 기타,기타불명,기타불명,미분류,기타불명,기타불명,기타불명,미분류,기타불명
2019111500100178,2019년 11월 15일 08시,금요일,인천광역시 서구 경서동,중상사고,0,1,0,0,차대차 - 측면충돌,중앙선침범,젖음/습기,비,교차로 - 교차로부근,승용,남,29세,상해없음,승용,남,58세,상해없음
2019111500100179,2019년 11월 15일 08시,금요일,인천광역시 연수구 동춘동,경상사고,0,0,1,0,차대사람 - 횡단중,보행자보호의무위반,젖음/습기,비,교차로 - 교차로안,승합,남,60세,상해없음,보행자,남,84세,경상
2019111500100180,2019년 11월 15일 08시,금요일,인천광역시 부평구 갈산동,경상사고,0,0,1,0,차대차 - 기타,안전운전불이행,젖음/습기,비,단일로 - 기타,승용,남,20세,상해없음,승용,남,59세,경상
2019111500100230,2019년 11월 15일 09시,금요일,인천광역시 중구 운서동,경상사고,0,0,1,0,차대차 - 측면충돌,신호위반,건조,맑음,교차로 - 교차로안,승용,남,56세,상해없음,승용,남,33세,경상
2019111500100231,2019년 11월 15일 09시,금요일,인천광역시 남동구 논현동,경상사고,0,0,1,0,차대차 - 추돌,안전운전불이행,젖음/습기,비,교차로 - 교차로안,승용,남,32세,상해없음,승용,남,29세,경상
2019111500100232,2019년 11월 15일 09시,금요일,인천광역시 남동구 논현동,경상사고,0,0,2,0,차대차 - 추돌,안전운전불이행,건조,맑음,단일로 - 기타,승합,남,54세,상해없음,승용,남,68세,경상
2019111500100274,2019년 11월 15일 10시,금요일,인천광역시 미추홀구 주안동,경상사고,0,0,1,0,차대사람 - 횡단중,안전운전불이행,젖음/습기,비,교차로 - 교차로안,화물,남,66세,상해없음,보행자,남,28세,경상
2019111500100275,2019년 11월 15일 10시,금요일,인천광역시 남동구 만수동,경상사고,0,0,1,0,차대차 - 측면충돌,안전거리미확보,건조,맑음,교차로 - 교차로부근,승용,남,56세,상해없음,승용,여,49세,경상
2019111500100323,2019년 11월 15일 11시,금요일,인천광역시 중구 운북동,중상사고,0,1,1,0,차대차 - 정면충돌,신호위반,젖음/습기,흐림,교차로 - 교차로안,화물,남,33세,상해없음,승용,남,65세,경상
2019111500100324,2019년 11월 15일 11시,금요일,인천광역시 서구 청라동,경상사고,0,0,1,0,차대차 - 추돌,안전운전불이행,건조,맑음,단일로 - 지하차도(도로)내,화물,남,33세,상해없음,건설기계,남,56세,경상