사고번호,사고일시,요일,시군구,사고내용,사망자수,중상자수,경상자수,부상신고자수,사고유형,법규위반,노면상태,기상상태,도로형태,가해운전자 차종,가해운전자 성별,가해운전자 연령,가해운전자 상해정도,피해운전자 차종,피해운전자 성별,피해운전자 연령,피해운전자 상해정도
2019111500100325,2019년 11월 15일 11시,금요일,인천광역시 연수구 연수동,경상사고,0,0,1,0,차대차 - 기타,신호위반,건조,맑음,교차로 - 교차로부근,승용,여,58세,상해없음,승용,여,45세,경상
2019111500100326,2019년 11월 15일 11시,금요일,인천광역시 연수구 송도동,경상사고,0,0,3,0,차대차 - 측면충돌,안전운전불이행,젖음/습기,흐림,교차로 - 교차로부근,승용,여,63세,경상,승용,여,64세,경상
2019111500100327,2019년 11월 15일 11시,금요일,인천광역시 연수구 송도동,부상신고사고,0,0,0,1,차대차 - 추돌,안전거리미확보,젖음/습기,비,단일로 - 기타,화물,남,36세,상해없음,승용,남,58세,부상신고
2019111500100411,2019년 11월 15일 13시,금요일,인천광역시 부평구 십정동,경상사고,0,0,1,0,차대차 - 기타,안전운전불이행,건조,맑음,단일로 - 기타,화물,남,65세,상해없음,승용,남,35세,경상
2019111500100412,2019년 11월 15일 13시,금요일,인천광역시 연수구 옥련동,경상사고,0,0,1,0,차대차 - 기타,중앙선침범,젖음/습기,비,교차로 - 교차로부근,이륜,남,19세,상해없음,이륜,남,56세,경상
2019111500100455,2019년 11월 15일 14시,금요일,인천광역시 부평구 부평동,경상사고,0,0,1,0,차대사람 - 차도통행중,안전운전불이행,젖음/습기,비,단일로 - 기타,이륜,남,57세,상해없음,보행자,남,25세,경상
2019111500100456,2019년 11월 15일 14시,금요일,인천광역시 계양구 계산동,경상사고,0,0,1,0,차대차 - 기타,안전거리미확보,젖음/습기,흐림,교차로 - 교차로부근,승용,여,39세,상해없음,승용,남,50세,경상
2019111500100497,2019년 11월 15일 15시,금요일,인천광역시 미추홀구 주안동,중상사고,0,1,0,0,차대차 - 후진중충돌,안전운전불이행,건조,맑음,단일로 - 기타,승용,남,59세,상해없음,승용,남,25세,중상
2019111500100498,2019년 11월 15일 15시,금요일,인천광역시 계양구 동양동,중상사고,0,1,0,0,차대사람 - 횡단중,보행자보호의무위반,젖음/습기,흐림,교차로 - 교차로횡단보도내,승합,남,66세,상해없음,보행자,여,21세,중상
2019111500100538,2019년 11월 15일 16시,금요일,인천광역시 남동구 구월동,경상사고,0,0,1,0,차대사람 - 보도통행중,기타,젖음/습기,비,단일로 - 기타,승용,남,55세,상해없음,보행자,남,57세,경상
2019111500100539,2019년 11월 15일 16시,금요일,인천광역시 남동구 간석동,중상사고,0,1,0,0,차대차 - 추돌,안전운전불이행,젖음/습기,비,단일로 - 기타,승용,남,56세,상해없음,화물,남,50세,중상
2019111500100540,2019년 11월 15일 16시,금요일,인천광역시 계양구 작전동,경상사고,0,0,1,0,차대차 - 측면충돌,신호위반,젖음/습기,비,교차로 - 교차로안,승용,여,46세,상해없음,승합,남,40세,경상
2019111500100541,2019년 11월 15일 16시,금요일,인천광역시 연수구 동춘동,경상사고,0,0,1,0,차대차 - 측면충돌,안전운전불이행,젖음/습기,비,단일로 - 기타,승용,여,30세,상해없음,승용,남,26세,경상
2019111500100605,2019년 11월 15일 17시,금요일,인천광역시 남동구 구월동,경상사고,0,0,1,0,차대차 - 측면충돌,차로위반,젖음/습기,비,단일로 - 기타,승용,여,57세,상해없음,승용,남,47세,경상
2019111500100606,2019년 11월 15일 17시,금요일,인천광역시 연수구 연수동,경상사고,0,0,1,0,차대차 - 측면충돌,안전운전불이행,젖음/습기,비,교차로 - 교차로부근,승용,여,64세,상해없음,승용,남,29세,경상
2019111500100693,2019년 11월 15일 18시,금요일,인천광역시 미추홀구 도화동,경상사고,0,0,1,0,차대사람 - 횡단중,보행자보호의무위반,건조,맑음,단일로 - 기타,승용,남,54세,상해없음,보행자,남,18세,경상
2019111500100694,2019년 11월 15일 18시,금요일,인천광역시 부평구 부평동,중상사고,0,1,1,0,차대차 - 측면충돌,안전운전불이행,건조,맑음,단일로 - 기타,승용,남,32세,상해없음,승용,남,60세,중상
2019111500100695,2019년 11월 15일 18시,금요일,인천광역시 남동구 구월동,경상사고,0,0,3,0,차대차 - 추돌,안전운전불이행,젖음/습기,비,교차로 - 교차로부근,승용,남,82세,상해없음,승용,남,54세,경상
2019111500100696,2019년 11월 15일 18시,금요일,인천광역시 서구 석남동,경상사고,0,0,1,0,차대사람 - 횡단중,보행자보호의무위반,건조,맑음,교차로 - 교차로횡단보도내,승용,남,59세,상해없음,보행자,여,48세,경상
2019111500100697,2019년 11월 15일 18시,금요일,인천광역시 연수구 동춘동,경상사고,0,0,1,0,차대차 - 측면충돌,안전운전불이행,건조,맑음,교차로 - 교차로안,화물,남,56세,상해없음,승용,남,39세,경상
2019111500100698,2019년 11월 15일 18시,금요일,인천광역시 남동구 논현동,경상사고,0,0,1,0,차대차 - 추돌,안전운전불이행,젖음/습기,비,교차로 - 교차로부근,승합,남,58세,상해없음,이륜,남,47세,경상
2019111500100761,2019년 11월 15일 19시,금요일,인천광역시 남동구 논현동,경상사고,0,0,3,0,차대차 - 측면충돌,신호위반,젖음/습기,비,교차로 - 교차로안,승용,남,71세,상해없음,승용,남,44세,경상
2019111500100819,2019년 11월 15일 20시,금요일,인천광역시 남동구 구월동,경상사고,0,0,1,0,차대차 - 측면충돌,교차로운행방법위반,젖음/습기,비,교차로 - 교차로안,승용,여,65세,상해없음,승용,남,54세,경상
2019111500100865,2019년 11월 15일 21시,금요일,인천광역시 남동구 간석동,경상사고,0,0,1,0,차대차 - 기타,안전운전불이행,젖음/습기,비,교차로 - 교차로부근,승용,남,70세,상해없음,이륜,남,49세,경상
2019111500100901,2019년 11월 15일 22시,금요일,인천광역시 서구 원창동,경상사고,0,0,1,0,차대차 - 측면충돌,안전운전불이행,건조,맑음,단일로 - 기타,화물,남,46세,상해없음,승용,남,27세,경상
2019111500100926,2019년 11월 15일 23시,금요일,인천광역시 미추홀구 주안동,경상사고,0,0,1,0,차대차 - 기타,안전운전불이행,건조,맑음,교차로 - 교차로안,승용,남,24세,상해없음,승용,여,37세,경상
2019111500100927,2019년 11월 15일 23시,금요일,인천광역시 남동구 간석동,경상사고,0,0,1,0,차대사람 - 횡단중,안전운전불이행,건조,맑음,교차로 - 교차로부근,승용,남,28세,상해없음,보행자,여,26세,경상
2019111600100046,2019년 11월 16일 01시,토요일,인천광역시 남동구 고잔동,경상사고,0,0,2,1,차량단독 - 기타,안전운전불이행,건조,맑음,단일로 - 기타,승용,남,15세,상해없음,,,,
2019111600100112,2019년 11월 16일 06시,토요일,인천광역시 서구 가좌동,경상사고,0,0,1,0,차대차 - 측면충돌,신호위반,건조,맑음,교차로 - 교차로안,승용,남,37세,상해없음,승용,남,26세,경상
2019111600100161,2019년 11월 16일 08시,토요일,인천광역시 부평구 부평동,경상사고,0,0,1,0,차대사람 - 기타,안전운전불이행,건조,맑음,단일로 - 기타,승용,남,26세,상해없음,보행자,여,39세,경상
2019111600100265,2019년 11월 16일 11시,토요일,인천광역시 남동구 구월동,경상사고,0,0,1,0,차대차 - 기타,차로위반,젖음/습기,비,단일로 - 기타,승용,남,74세,상해없음,이륜,남,25세,경상
2019111600100299,2019년 11월 16일 12시,토요일,인천광역시 서구 당하동,경상사고,0,0,2,0,차대차 - 기타,안전운전불이행,건조,맑음,교차로 - 교차로안,화물,남,81세,상해없음,승합,남,58세,경상
2019111600100300,2019년 11월 16일 12시,토요일,인천광역시 부평구 삼산동,경상사고,0,0,1,0,차대차 - 추돌,안전운전불이행,건조,맑음,단일로 - 기타,승용,남,60세,상해없음,승합,남,66세,기타불명
2019111600100301,2019년 11월 16일 12시,토요일,인천광역시 부평구 부개동,경상사고,0,0,1,0,차대차 - 측면충돌,교차로운행방법위반,건조,맑음,단일로 - 기타,승합,남,30세,상해없음,승용,여,28세,경상
2019111600100426,2019년 11월 16일 15시,토요일,인천광역시 미추홀구 숭의동,부상신고사고,0,0,0,1,차대사람 - 기타,안전운전불이행,건조,맑음,기타 - 기타,기타불명,기타불명,미분류,기타불명,보행자,남,45세,부상신고
2019111600100427,2019년 11월 16일 15시,토요일,인천광역시 서구 청라동,경상사고,0,0,1,0,차대차 - 기타,안전운전불이행,건조,맑음,교차로 - 교차로안,이륜,남,26세,경상,화물,남,39세,상해없음
2019111600100472,2019년 11월 16일 16시,토요일,인천광역시 남동구 구월동,경상사고,0,0,5,1,차대차 - 기타,안전거리미확보,건조,맑음,단일로 - 기타,승용,남,22세,상해없음,승합,남,49세,상해없음
2019111600100567,2019년 11월 16일 18시,토요일,인천광역시 남동구 간석동,중상사고,0,1,0,0,차대차 - 기타,안전운전불이행,건조,맑음,단일로 - 기타,기타불명,기타불명,미분류,기타불명,이륜,남,20세,중상
2019111600100568,2019년 11월 16일 18시,토요일,인천광역시 서구 당하동,경상사고,0,0,1,0,차대차 - 측면충돌,안전운전불이행,건조,맑음,단일로 - 기타,이륜,남,24세,상해없음,이륜,남,47세,경상
2019111600100569,2019년 11월 16일 18시,토요일,인천광역시 남동구 수산동,중상사고,0,1,0,0,차대사람 - 횡단중,보행자보호의무위반,건조,맑음,교차로 - 교차로안,승용,남,58세,상해없음,보행자,남,46세,중상
2019111600100614,2019년 11월 16일 19시,토요일,인천광역시 서구 공촌동,경상사고,0,0,2,0,차대차 - 추돌,안전운전불이행,건조,맑음,단일로 - 기타,화물,남,62세,상해없음,승용,남,34세,경상
2019111600100615,2019년 11월 16일 19시,토요일,인천광역시 남동구 장수동,경상사고,0,0,4,0,차대차 - 추돌,안전운전불이행,젖음/습기,흐림,단일로 - 기타,승용,남,36세,상해없음,승용,남,37세,경상
2019111600100701,2019년 11월 16일 22시,토요일,인천광역시 부평구 부평동,중상사고,0,1,0,0,차량단독 - 공작물충돌,기타,건조,맑음,단일로 - 기타,승합,남,47세,상해없음,,,,
2019111600100723,2019년 11월 16일 23시,토요일,인천광역시 계양구 계산동,경상사고,0,0,1,0,차대사람 - 보도통행중,보행자보호의무위반,젖음/습기,기타,단일로 - 기타,이륜,남,19세,상해없음,보행자,남,57세,경상
2019111700100042,2019년 11월 17일 00시,일요일,인천광역시 남동구 구월동,경상사고,0,0,1,0,차대차 - 측면충돌,안전운전불이행,건조,맑음,교차로 - 교차로안,승용,남,33세,상해없음,승용,남,38세,경상
2019111700100078,2019년 11월 17일 02시,일요일,인천광역시 미추홀구 주안동,경상사고,0,0,1,0,차대사람 - 기타,안전운전불이행,건조,맑음,교차로 - 교차로부근,승용,남,22세,상해없음,보행자,남,33세,경상
2019111700100103,2019년 11월 17일 05시,일요일,인천광역시 서구 가정동,중상사고,0,1,0,0,차량단독 - 공작물충돌,안전운전불이행,건조,맑음,교차로 - 교차로안,승용,남,70세,상해없음,,,,
2019111700100113,2019년 11월 17일 06시,일요일,인천광역시 서구 금곡동,경상사고,0,0,1,0,차대차 - 기타,기타,건조,맑음,단일로 - 기타,승용,남,30세,경상,화물,남,49세,상해없음
2019111700100135,2019년 11월 17일 08시,일요일,인천광역시 남동구 만수동,경상사고,0,0,2,0,차대차 - 측면충돌,안전운전불이행,건조,맑음,기타 - 기타,승용,남,34세,경상,화물,남,59세,기타불명
2019111700100165,2019년 11월 17일 10시,일요일,인천광역시 연수구 선학동,경상사고,0,0,2,0,차대차 - 기타,안전운전불이행,젖음/습기,비,단일로 - 기타,화물,남,67세,상해없음,승용,여,54세,기타불명
2019111700100191,2019년 11월 17일 11시,일요일,인천광역시 남동구 논현동,경상사고,0,0,2,0,차대차 - 측면충돌,신호위반,건조,맑음,교차로 - 교차로안,승용,여,52세,상해없음,승합,남,57세,경상
2019111700100326,2019년 11월 17일 16시,일요일,인천광역시 계양구 작전동,경상사고,0,0,1,0,차대차 - 정면충돌,신호위반,건조,맑음,교차로 - 교차로안,승용,남,64세,상해없음,이륜,남,33세,경상
2019111700100367,2019년 11월 17일 17시,일요일,인천광역시 계양구 효성동,경상사고,0,0,1,0,차대차 - 측면충돌,차로위반,젖음/습기,비,단일로 - 기타,승합,남,59세,기타불명,승용,남,63세,경상
2019111700100368,2019년 11월 17일 17시,일요일,인천광역시 남동구 남촌동,경상사고,0,0,1,0,차대사람 - 횡단중,신호위반,젖음/습기,비,교차로 - 교차로안,승용,남,62세,상해없음,보행자,여,60세,경상
2019111700100369,2019년 11월 17일 17시,일요일,인천광역시 남동구 서창동,경상사고,0,0,1,0,차대사람 - 횡단중,중앙선침범,젖음/습기,비,교차로 - 교차로안,승용,남,47세,상해없음,보행자,남,70세,경상
2019111700100424,2019년 11월 17일 18시,일요일,인천광역시 중구 운서동,경상사고,0,0,1,0,차대차 - 측면충돌,안전운전불이행,젖음/습기,비,교차로 - 교차로부근,승용,남,34세,상해없음,승용,남,38세,경상
2019111700100425,2019년 11월 17일 18시,일요일,인천광역시 연수구 동춘동,경상사고,0,0,1,0,차대사람 - 보도통행중,기타,젖음/습기,맑음,단일로 - 기타,원동기,남,41세,상해없음,보행자,여,20세,경상
2019111700100426,2019년 11월 17일 18시,일요일,인천광역시 연수구 연수동,경상사고,0,0,1,0,차대차 - 측면충돌,안전운전불이행,젖음/습기,비,단일로 - 기타,승용,남,63세,상해없음,승용,여,42세,경상
2019111700100427,2019년 11월 17일 18시,일요일,인천광역시 연수구 송도동,경상사고,0,0,3,0,차대차 - 측면충돌,교차로운행방법위반,젖음/습기,비,교차로 - 교차로안,승용,남,54세,상해없음,승용,남,31세,경상
2019111700100489,2019년 11월 17일 19시,일요일,인천광역시 서구 청라동,중상사고,0,1,0,0,차대차 - 기타,안전운전불이행,젖음/습기,비,단일로 - 기타,승용,남,34세,상해없음,이륜,남,27세,중상
2019111700100534,2019년 11월 17일 20시,일요일,인천광역시 남동구 논현동,경상사고,0,0,3,0,차대차 - 측면충돌,교차로운행방법위반,건조,맑음,교차로 - 교차로안,승용,남,64세,상해없음,승용,남,26세,경상
2019111700100580,2019년 11월 17일 22시,일요일,인천광역시 서구 석남동,중상사고,0,1,0,0,차대차 - 정면충돌,안전운전불이행,건조,맑음,교차로 - 교차로부근,승용,남,36세,상해없음,승용,여,59세,중상
2019111700100581,2019년 11월 17일 22시,일요일,인천광역시 계양구 용종동,중상사고,0,1,0,0,차대사람 - 기타,안전운전불이행,젖음/습기,비,단일로 - 기타,승용,남,44세,상해없음,보행자,남,81세,중상
2019111700100600,2019년 11월 17일 23시,일요일,인천광역시 미추홀구 주안동,경상사고,0,0,1,0,차대차 - 측면충돌,교차로운행방법위반,젖음/습기,비,교차로 - 교차로안,승용,남,68세,상해없음,이륜,남,51세,경상
2019111800100060,2019년 11월 18일 02시,월요일,인천광역시 연수구 송도동,경상사고,0,0,4,0,차대차 - 추돌,안전운전불이행,젖음/습기,비,단일로 - 교량,승용,남,25세,상해없음,승용,남,52세,경상
2019111800100064,2019년 11월 18일 03시,월요일,인천광역시 서구 원창동,경상사고,0,0,2,0,차대차 - 기타,안전운전불이행,건조,맑음,기타 - 기타,승용,남,34세,상해없음,승용,남,47세,경상
2019111800100068,2019년 11월 18일 04시,월요일,인천광역시 남동구 만수동,경상사고,0,0,1,0,차대차 - 측면충돌,안전운전불이행,건조,맑음,교차로 - 교차로안,승용,남,26세,상해없음,승용,남,25세,경상
2019111800100069,2019년 11월 18일 04시,월요일,인천광역시 서구 청라동,경상사고,0,0,3,0,차대차 - 기타,신호위반,건조,맑음,교차로 - 교차로안,승용,남,57세,경상,승용,여,29세,경상
2019111800100178,2019년 11월 18일 08시,월요일,인천광역시 남동구 구월동,경상사고,0,0,1,0,차대사람 - 기타,안전운전불이행,건조,맑음,교차로 - 교차로안,승용,남,48세,상해없음,보행자,여,24세,경상
2019111800100179,2019년 11월 18일 08시,월요일,인천광역시 서구 불로동,경상사고,0,0,3,0,차대차 - 기타,안전운전불이행,건조,맑음,교차로 - 교차로안,승용,여,49세,상해없음,승용,여,36세,경상
2019111800100180,2019년 11월 18일 08시,월요일,인천광역시 남동구 만수동,중상사고,0,1,0,0,차대차 - 측면충돌,신호위반,건조,맑음,교차로 - 교차로안,승합,남,66세,상해없음,이륜,남,41세,중상
2019111800100277,2019년 11월 18일 11시,월요일,인천광역시 부평구 부평동,중상사고,0,1,0,0,차대사람 - 횡단중,안전운전불이행,건조,맑음,교차로 - 교차로횡단보도내,승용,남,60세,기타불명,보행자,여,65세,중상
2019111800100278,2019년 11월 18일 11시,월요일,인천광역시 남동구 서창동,경상사고,0,0,2,0,차대차 - 측면충돌,안전거리미확보,건조,맑음,단일로 - 기타,화물,남,41세,상해없음,승용,남,34세,경상
2019111800100310,2019년 11월 18일 12시,월요일,인천광역시 부평구 부평동,경상사고,0,0,1,0,차대차 - 추돌,안전운전불이행,건조,맑음,단일로 - 기타,승용,남,61세,상해없음,승용,남,48세,경상
2019111800100335,2019년 11월 18일 13시,월요일,인천광역시 부평구 부평동,경상사고,0,0,1,0,차대차 - 측면충돌,안전운전불이행,건조,맑음,단일로 - 기타,자전거,남,84세,경상,화물,남,37세,상해없음
2019111800100336,2019년 11월 18일 13시,월요일,인천광역시 남동구 장수동,경상사고,0,0,1,0,차대차 - 측면충돌,교차로운행방법위반,건조,맑음,단일로 - 기타,건설기계,남,57세,상해없음,승용,남,58세,경상
2019111800100428,2019년 11월 18일 15시,월요일,인천광역시 미추홀구 주안동,경상사고,0,0,1,0,차대차 - 기타,안전운전불이행,건조,맑음,교차로 - 교차로안,승용,여,57세,상해없음,승용,남,64세,상해없음
2019111800100458,2019년 11월 18일 16시,월요일,인천광역시 계양구 효성동,경상사고,0,0,1,0,차대사람 - 기타,안전운전불이행,건조,맑음,기타 - 기타,승합,남,63세,상해없음,보행자,여,74세,경상
2019111800100459,2019년 11월 18일 16시,월요일,인천광역시 계양구 상야동,경상사고,0,0,1,0,차대사람 - 횡단중,보행자보호의무위반,건조,맑음,교차로 - 교차로안,승용,남,53세,상해없음,보행자,여,48세,경상
2019111800100460,2019년 11월 18일 16시,월요일,인천광역시 남동구 도림동,경상사고,0,0,1,0,차대차 - 측면충돌,교차로운행방법위반,건조,맑음,교차로 - 교차로안,승용,남,52세,상해없음,승용,여,61세,경상
2019111800100508,2019년 11월 18일 17시,월요일,인천광역시 부평구 부평동,경상사고,0,0,2,0,차대차 - 추돌,안전운전불이행,건조,맑음,단일로 - 기타,승용,남,67세,상해없음,승용,남,27세,경상
2019111800100580,2019년 11월 18일 18시,월요일,인천광역시 중구 운서동,경상사고,0,0,1,0,차대차 - 추돌,신호위반,건조,맑음,단일로 - 기타,승합,남,51세,상해없음,승용,남,28세,경상
2019111800100581,2019년 11월 18일 18시,월요일,인천광역시 부평구 부평동,경상사고,0,0,1,0,차대사람 - 횡단중,안전운전불이행,건조,맑음,교차로 - 교차로부근,승합,남,63세,상해없음,보행자,남,48세,경상
2019111800100582,2019년 11월 18일 18시,월요일,인천광역시 부평구 산곡동,중상사고,0,1,0,0,차대사람 - 차도통행중,안전운전불이행,건조,흐림,단일로 - 기타,승용,여,57세,상해없음,보행자,여,43세,중상
2019111800100583,2019년 11월 18일 18시,월요일,인천광역시 계양구 효성동,중상사고,0,1,1,0,차대사람 - 횡단중,보행자보호의무위반,건조,맑음,교차로 - 교차로부근,승합,남,72세,상해없음,보행자,남,43세,중상
2019111800100623,2019년 11월 18일 19시,월요일,인천광역시 미추홀구 도화동,중상사고,0,1,0,0,차대차 - 측면충돌,안전운전불이행,건조,맑음,교차로 - 교차로안,승용,여,27세,상해없음,승용,남,44세,중상
2019111800100624,2019년 11월 18일 19시,월요일,인천광역시 서구 청라동,중상사고,0,1,2,0,차대차 - 측면충돌,신호위반,건조,맑음,교차로 - 교차로안,승용,여,35세,상해없음,특수,남,57세,경상
2019111800100652,2019년 11월 18일 20시,월요일,인천광역시 서구 가좌동,경상사고,0,0,1,0,차대차 - 추돌,안전운전불이행,건조,맑음,단일로 - 기타,승용,여,38세,상해없음,승용,남,24세,경상
2019111900100058,2019년 11월 19일 02시,화요일,인천광역시 남동구 구월동,경상사고,0,0,2,0,차대차 - 측면충돌,신호위반,건조,맑음,교차로 - 교차로부근,승용,남,65세,상해없음,승용,남,49세,경상
2019111900100059,2019년 11월 19일 02시,화요일,인천광역시 서구 왕길동,중상사고,0,1,0,0,차대차 - 정면충돌,중앙선침범,건조,맑음,교차로 - 교차로부근,승용,남,35세,상해없음,승용,남,50세,중상
2019111900100060,2019년 11월 19일 02시,화요일,인천광역시 서구 연희동,중상사고,0,1,1,0,차대차 - 측면충돌,안전운전불이행,건조,맑음,교차로 - 교차로안,승용,남,42세,경상,승용,여,31세,중상
2019111900100067,2019년 11월 19일 03시,화요일,인천광역시 남동구 간석동,경상사고,0,0,1,0,차대사람 - 횡단중,보행자보호의무위반,건조,맑음,교차로 - 교차로횡단보도내,승용,남,66세,상해없음,보행자,남,30세,경상
2019111900100129,2019년 11월 19일 07시,화요일,인천광역시 연수구 선학동,중상사고,0,1,0,0,차대차 - 측면충돌,안전운전불이행,건조,맑음,단일로 - 기타,승용,남,47세,상해없음,이륜,남,34세,중상
2019111900100182,2019년 11월 19일 08시,화요일,인천광역시 미추홀구 도화동,경상사고,0,0,1,0,차대사람 - 기타,안전운전불이행,건조,맑음,단일로 - 기타,승용,여,67세,상해없음,보행자,여,10세,경상
2019111900100183,2019년 11월 19일 08시,화요일,인천광역시 남동구 만수동,경상사고,0,0,1,0,차대사람 - 보도통행중,보행자보호의무위반,건조,맑음,교차로 - 교차로횡단보도내,승용,여,24세,상해없음,보행자,남,14세,경상
2019111900100184,2019년 11월 19일 08시,화요일,인천광역시 남동구 장수동,경상사고,0,0,2,0,차대차 - 추돌,교차로운행방법위반,건조,맑음,교차로 - 교차로부근,승합,남,53세,상해없음,화물,남,47세,경상
2019111900100220,2019년 11월 19일 09시,화요일,인천광역시 서구 마전동,경상사고,0,0,1,0,차대차 - 추돌,안전운전불이행,건조,맑음,교차로 - 교차로부근,승용,남,37세,상해없음,승용,여,36세,경상
2019111900100270,2019년 11월 19일 10시,화요일,인천광역시 부평구 부평동,경상사고,0,0,1,0,차대차 - 추돌,안전운전불이행,건조,맑음,단일로 - 기타,승용,남,54세,상해없음,승용,여,34세,경상
2019111900100271,2019년 11월 19일 10시,화요일,인천광역시 연수구 옥련동,중상사고,0,1,1,0,차대차 - 기타,기타,건조,맑음,교차로 - 교차로안,승합,남,66세,상해없음,승용,남,70세,경상
2019111900100389,2019년 11월 19일 13시,화요일,인천광역시 부평구 부평동,경상사고,0,0,1,0,차대사람 - 횡단중,안전운전불이행,건조,맑음,단일로 - 기타,승용,남,45세,상해없음,보행자,남,45세,경상
2019111900100390,2019년 11월 19일 13시,화요일,인천광역시 남동구 만수동,경상사고,0,0,1,0,차대차 - 측면충돌,교차로운행방법위반,건조,맑음,교차로 - 교차로안,승용,여,53세,상해없음,승용,여,49세,경상
2019111900100416,2019년 11월 19일 14시,화요일,인천광역시 남동구 서창동,경상사고,0,0,1,0,차대차 - 측면충돌,안전운전불이행,건조,맑음,교차로 - 교차로안,화물,남,58세,상해없음,승용,남,66세,경상
2019111900100468,2019년 11월 19일 15시,화요일,인천광역시 서구 석남동,경상사고,0,0,1,0,차대차 - 측면충돌,안전운전불이행,건조,맑음,교차로 - 교차로안,화물,남,53세,상해없음,승용,남,42세,경상
2019111900100469,2019년 11월 19일 15시,화요일,인천광역시 서구 불로동,중상사고,0,1,0,0,차대차 - 기타,안전운전불이행,건조,맑음,교차로 - 교차로부근,승용,남,47세,기타불명,승합,남,48세,상해없음
2019111900100470,2019년 11월 19일 15시,화요일,인천광역시 부평구 구산동,경상사고,0,0,1,0,차대차 - 추돌,안전운전불이행,건조,맑음,단일로 - 기타,승용,남,49세,상해없음,승용,여,46세,경상
2019111900100506,2019년 11월 19일 16시,화요일,인천광역시 연수구 송도동,경상사고,0,0,2,0,차대차 - 추돌,안전운전불이행,건조,맑음,교차로 - 교차로부근,승용,여,53세,상해없음,승용,남,73세,경상
2019111900100507,2019년 11월 19일 16시,화요일,인천광역시 남동구 만수동,중상사고,0,1,0,0,차대차 - 측면충돌,안전운전불이행,건조,맑음,단일로 - 기타,승용,남,58세,기타불명,승용,여,33세,중상
2019111900100545,2019년 11월 19일 17시,화요일,인천광역시 남동구 간석동,경상사고,0,0,1,0,차대사람 - 횡단중,안전운전불이행,건조,흐림,교차로 - 교차로안,승용,남,34세,상해없음,보행자,남,32세,경상
2019111900100620,2019년 11월 19일 18시,화요일,인천광역시 남동구 구월동,경상사고,0,0,6,0,차대차 - 추돌,신호위반,건조,맑음,교차로 - 교차로안,승용,여,54세,상해없음,승용,남,28세,경상
2019111900100621,2019년 11월 19일 18시,화요일,인천광역시 서구 석남동,중상사고,0,1,1,0,차대차 - 기타,신호위반,건조,맑음,교차로 - 교차로안,승용,여,49세,상해없음,이륜,남,59세,중상
2019111900100622,2019년 11월 19일 18시,화요일,인천광역시 서구 왕길동,경상사고,0,0,4,0,차대차 - 측면충돌,안전운전불이행,건조,맑음,교차로 - 교차로부근,승용,남,51세,상해없음,승용,남,38세,경상
2019111900100671,2019년 11월 19일 19시,화요일,인천광역시 미추홀구 주안동,중상사고,0,1,0,0,차대차 - 측면충돌,신호위반,건조,맑음,교차로 - 교차로안,승용,남,23세,상해없음,이륜,남,26세,중상
2019111900100672,2019년 11월 19일 19시,화요일,인천광역시 부평구 부평동,경상사고,0,0,1,0,차대사람 - 횡단중,안전운전불이행,건조,맑음,교차로 - 교차로안,승용,남,30세,상해없음,보행자,여,33세,경상
2019111900100708,2019년 11월 19일 20시,화요일,인천광역시 서구 연희동,중상사고,0,1,0,0,차대차 - 측면충돌,안전운전불이행,건조,맑음,단일로 - 기타,승용,남,36세,상해없음,이륜,남,44세,중상
2019111900100768,2019년 11월 19일 22시,화요일,인천광역시 남동구 논현동,중상사고,0,1,0,0,차대차 - 측면충돌,교차로운행방법위반,건조,맑음,교차로 - 교차로안,승용,여,25세,상해없음,이륜,남,31세,중상
2019111900100782,2019년 11월 19일 23시,화요일,인천광역시 남동구 장수동,경상사고,0,0,3,0,차대차 - 추돌,안전운전불이행,건조,맑음,단일로 - 기타,승용,남,28세,상해없음,승용,여,41세,경상
2019112000100052,2019년 11월 20일 01시,수요일,인천광역시 계양구 임학동,경상사고,0,0,3,0,차대차 - 정면충돌,중앙선침범,건조,맑음,교차로 - 교차로부근,승용,여,52세,상해없음,승용,남,59세,경상
2019112000100082,2019년 11월 20일 05시,수요일,인천광역시 부평구 갈산동,중상사고,0,1,0,0,차대사람 - 횡단중,보행자보호의무위반,건조,맑음,교차로 - 교차로횡단보도내,승용,남,39세,기타불명,보행자,남,62세,중상
2019112000100102,2019년 11월 20일 06시,수요일,인천광역시 서구 원창동,중상사고,0,1,0,0,차대차 - 정면충돌,중앙선침범,건조,맑음,단일로 - 기타,승용,남,63세,상해없음,승용,남,51세,중상
2019112000100187,2019년 11월 20일 08시,수요일,인천광역시 서구 연희동,경상사고,0,0,1,0,차대차 - 측면충돌,안전거리미확보,건조,맑음,교차로 - 교차로안,승용,남,60세,상해없음,승용,남,65세,경상
2019112000100229,2019년 11월 20일 09시,수요일,인천광역시 미추홀구 주안동,경상사고,0,0,1,0,차대차 - 기타,안전운전불이행,건조,맑음,교차로 - 교차로안,승용,남,51세,상해없음,승용,여,28세,경상