사고번호,사고일시,요일,시군구,사고내용,사망자수,중상자수,경상자수,부상신고자수,사고유형,법규위반,노면상태,기상상태,도로형태,가해운전자 차종,가해운전자 성별,가해운전자 연령,가해운전자 상해정도,피해운전자 차종,피해운전자 성별,피해운전자 연령,피해운전자 상해정도
2019120400100224,2019년 12월 4일 08시,수요일,인천광역시 계양구 오류동,경상사고,0,0,2,0,차대차 - 측면충돌,직진우회전진행방해,건조,맑음,교차로 - 교차로안,승용,여,50세,경상,승용,남,35세,경상
2019120400100267,2019년 12월 4일 09시,수요일,인천광역시 미추홀구 주안동,부상신고사고,0,0,0,1,차대사람 - 기타,안전운전불이행,건조,맑음,단일로 - 기타,승용,여,62세,기타불명,보행자,여,67세,부상신고
2019120400100268,2019년 12월 4일 09시,수요일,인천광역시 남동구 간석동,경상사고,0,0,2,0,차대차 - 추돌,안전운전불이행,건조,맑음,단일로 - 기타,승용,남,37세,상해없음,승용,여,70세,경상
2019120400100354,2019년 12월 4일 11시,수요일,인천광역시 미추홀구 주안동,중상사고,0,1,0,0,차대사람 - 차도통행중,교차로운행방법위반,건조,맑음,교차로 - 교차로안,승용,남,50세,상해없음,보행자,여,66세,중상
2019120400100355,2019년 12월 4일 11시,수요일,인천광역시 강화군 선원면,경상사고,0,0,1,0,차대차 - 측면충돌,안전운전불이행,건조,맑음,교차로 - 교차로안,승합,남,51세,기타불명,화물,남,27세,경상
2019120400100384,2019년 12월 4일 12시,수요일,인천광역시 미추홀구 용현동,경상사고,0,0,1,0,차대차 - 측면충돌,안전운전불이행,건조,맑음,교차로 - 교차로부근,승용,여,32세,상해없음,승용,여,61세,경상
2019120400100385,2019년 12월 4일 12시,수요일,인천광역시 부평구 산곡동,경상사고,0,0,2,0,차대차 - 추돌,안전운전불이행,건조,맑음,단일로 - 기타,승용,남,49세,상해없음,승용,남,35세,경상
2019120400100414,2019년 12월 4일 13시,수요일,인천광역시 중구 운남동,경상사고,0,0,2,0,차대차 - 추돌,안전거리미확보,건조,맑음,단일로 - 기타,이륜,남,20세,경상,승용,여,43세,경상
2019120400100437,2019년 12월 4일 14시,수요일,인천광역시 미추홀구 주안동,중상사고,0,1,0,0,차대사람 - 횡단중,신호위반,건조,맑음,단일로 - 기타,승용,남,27세,상해없음,보행자,여,52세,중상
2019120400100438,2019년 12월 4일 14시,수요일,인천광역시 서구 연희동,경상사고,0,0,2,0,차대차 - 추돌,안전운전불이행,건조,맑음,단일로 - 기타,이륜,남,16세,상해없음,승용,여,37세,경상
2019120400100500,2019년 12월 4일 16시,수요일,인천광역시 부평구 십정동,경상사고,0,0,2,0,차대차 - 추돌,안전거리미확보,건조,맑음,단일로 - 기타,화물,남,59세,상해없음,승용,여,63세,경상
2019120400100501,2019년 12월 4일 16시,수요일,인천광역시 남동구 구월동,중상사고,0,1,0,0,차대차 - 측면충돌,안전거리미확보,건조,맑음,단일로 - 기타,화물,남,61세,상해없음,이륜,남,40세,중상
2019120400100502,2019년 12월 4일 16시,수요일,인천광역시 서구 원창동,경상사고,0,0,1,0,차대차 - 정면충돌,신호위반,건조,맑음,교차로 - 교차로안,승용,남,61세,상해없음,승용,남,32세,경상
2019120400100503,2019년 12월 4일 16시,수요일,인천광역시 부평구 삼산동,중상사고,0,1,0,0,차대사람 - 차도통행중,안전운전불이행,건조,맑음,단일로 - 기타,승용,여,34세,상해없음,보행자,남,54세,중상
2019120400100555,2019년 12월 4일 17시,수요일,인천광역시 남동구 만수동,경상사고,0,0,1,0,차대차 - 후진중충돌,안전운전불이행,건조,맑음,단일로 - 기타,승용,여,53세,상해없음,승용,여,51세,경상
2019120400100606,2019년 12월 4일 18시,수요일,인천광역시 서구 연희동,경상사고,0,0,1,0,차대차 - 기타,안전운전불이행,건조,맑음,교차로 - 교차로부근,기타불명,기타불명,미분류,기타불명,승용,남,36세,경상
2019120400100607,2019년 12월 4일 18시,수요일,인천광역시 서구 청라동,경상사고,0,0,1,0,차대차 - 측면충돌,안전운전불이행,건조,맑음,교차로 - 교차로안,승용,여,34세,상해없음,승용,남,33세,경상
2019120400100608,2019년 12월 4일 18시,수요일,인천광역시 부평구 갈산동,경상사고,0,0,1,0,차대사람 - 기타,안전운전불이행,건조,맑음,단일로 - 기타,화물,남,49세,상해없음,보행자,여,27세,경상
2019120400100647,2019년 12월 4일 19시,수요일,인천광역시 서구 가정동,경상사고,0,0,2,0,차대차 - 측면충돌,안전운전불이행,건조,맑음,교차로 - 교차로부근,승용,남,58세,상해없음,승용,남,25세,경상
2019120400100648,2019년 12월 4일 19시,수요일,인천광역시 부평구 부개동,경상사고,0,0,1,0,차대차 - 후진중충돌,안전운전불이행,건조,맑음,단일로 - 기타,승용,남,43세,상해없음,승용,남,33세,경상
2019120400100649,2019년 12월 4일 19시,수요일,인천광역시 부평구 부개동,경상사고,0,0,4,0,차대차 - 측면충돌,교차로운행방법위반,건조,맑음,단일로 - 기타,승용,남,51세,상해없음,승용,남,28세,경상
2019120400100724,2019년 12월 4일 22시,수요일,인천광역시 계양구 임학동,경상사고,0,0,1,0,차대차 - 추돌,안전거리미확보,건조,맑음,단일로 - 기타,이륜,남,19세,상해없음,승용,남,54세,상해없음
2019120400100744,2019년 12월 4일 23시,수요일,인천광역시 부평구 삼산동,경상사고,0,0,1,0,차대차 - 추돌,안전운전불이행,건조,맑음,교차로 - 교차로부근,승용,남,33세,상해없음,승용,남,32세,경상
2019120500100042,2019년 12월 5일 00시,목요일,인천광역시 서구 공촌동,중상사고,0,1,0,0,차대사람 - 횡단중,안전운전불이행,건조,맑음,교차로 - 교차로부근,승용,남,65세,상해없음,보행자,남,51세,중상
2019120500100118,2019년 12월 5일 07시,목요일,인천광역시 남동구 구월동,경상사고,0,0,2,0,차대차 - 측면충돌,안전거리미확보,건조,맑음,단일로 - 기타,승용,남,65세,기타불명,승용,남,32세,경상
2019120500100161,2019년 12월 5일 08시,목요일,인천광역시 부평구 십정동,경상사고,0,0,2,0,차대차 - 측면충돌,안전거리미확보,건조,맑음,교차로 - 교차로안,승용,여,60세,상해없음,승합,남,60세,경상
2019120500100162,2019년 12월 5일 08시,목요일,인천광역시 계양구 작전동,경상사고,0,0,1,0,차대차 - 기타,차로위반,건조,맑음,단일로 - 기타,승용,남,29세,상해없음,승용,남,50세,경상
2019120500100227,2019년 12월 5일 10시,목요일,인천광역시 부평구 부평동,중상사고,0,1,0,0,차대사람 - 길가장자리구역통행중,안전운전불이행,건조,맑음,단일로 - 기타,화물,남,29세,상해없음,보행자,여,35세,중상
2019120500100259,2019년 12월 5일 11시,목요일,인천광역시 부평구 부평동,사망사고,1,0,0,0,차대사람 - 횡단중,안전운전불이행,건조,맑음,단일로 - 기타,건설기계,남,55세,상해없음,보행자,여,81세,사망
2019120500100289,2019년 12월 5일 12시,목요일,인천광역시 부평구 부평동,중상사고,0,1,0,0,차대사람 - 횡단중,보행자보호의무위반,건조,맑음,교차로 - 교차로안,승용,여,34세,상해없음,보행자,남,33세,중상
2019120500100290,2019년 12월 5일 12시,목요일,인천광역시 계양구 임학동,경상사고,0,0,1,0,차대차 - 기타,중앙선침범,건조,맑음,단일로 - 기타,이륜,남,17세,상해없음,승용,여,57세,경상
2019120500100320,2019년 12월 5일 13시,목요일,인천광역시 미추홀구 문학동,중상사고,0,1,0,0,차대차 - 기타,안전운전불이행,건조,맑음,단일로 - 기타,승용,남,35세,상해없음,이륜,남,41세,중상
2019120500100321,2019년 12월 5일 13시,목요일,인천광역시 부평구 삼산동,경상사고,0,0,1,0,차량단독 - 기타,안전운전불이행,건조,맑음,교차로 - 교차로안,승합,남,60세,상해없음,,,,
2019120500100355,2019년 12월 5일 14시,목요일,인천광역시 미추홀구 학익동,부상신고사고,0,0,0,1,차대사람 - 기타,안전운전불이행,건조,맑음,단일로 - 기타,승용,남,68세,상해없음,보행자,남,29세,부상신고
2019120500100356,2019년 12월 5일 14시,목요일,인천광역시 계양구 병방동,중상사고,0,1,0,0,차대차 - 측면충돌,안전운전불이행,건조,맑음,단일로 - 기타,승용,여,64세,상해없음,승용,남,57세,중상
2019120500100397,2019년 12월 5일 15시,목요일,인천광역시 미추홀구 도화동,경상사고,0,0,1,0,차대차 - 측면충돌,안전운전불이행,건조,맑음,교차로 - 교차로안,승용,남,64세,상해없음,승용,남,60세,경상
2019120500100398,2019년 12월 5일 15시,목요일,인천광역시 부평구 산곡동,경상사고,0,0,2,0,차대차 - 추돌,안전운전불이행,건조,맑음,단일로 - 기타,승용,여,45세,상해없음,승용,여,52세,경상
2019120500100430,2019년 12월 5일 16시,목요일,인천광역시 부평구 산곡동,경상사고,0,0,1,0,차대차 - 측면충돌,안전운전불이행,건조,맑음,단일로 - 기타,승용,남,43세,기타불명,승용,여,61세,경상
2019120500100431,2019년 12월 5일 16시,목요일,인천광역시 서구 가좌동,중상사고,0,1,0,0,차대사람 - 횡단중,보행자보호의무위반,건조,맑음,교차로 - 교차로횡단보도내,승용,여,37세,상해없음,보행자,여,83세,중상
2019120500100432,2019년 12월 5일 16시,목요일,인천광역시 연수구 연수동,중상사고,0,1,0,0,차대사람 - 횡단중,안전운전불이행,건조,맑음,교차로 - 교차로횡단보도내,승용,여,52세,상해없음,보행자,여,76세,중상
2019120500100486,2019년 12월 5일 17시,목요일,인천광역시 중구 운서동,경상사고,0,0,1,0,차대사람 - 횡단중,보행자보호의무위반,건조,맑음,교차로 - 교차로횡단보도내,승용,남,72세,상해없음,보행자,여,46세,경상
2019120500100487,2019년 12월 5일 17시,목요일,인천광역시 남동구 논현동,경상사고,0,0,1,0,차대차 - 측면충돌,안전운전불이행,건조,맑음,기타 - 기타,승용,남,67세,상해없음,승용,남,48세,경상
2019120500100548,2019년 12월 5일 18시,목요일,인천광역시 연수구 송도동,사망사고,1,0,0,0,차량단독 - 공작물충돌,안전운전불이행,건조,맑음,단일로 - 기타,이륜,남,18세,사망,,,,
2019120500100583,2019년 12월 5일 19시,목요일,인천광역시 남동구 간석동,중상사고,0,1,0,0,차대사람 - 횡단중,안전운전불이행,건조,흐림,교차로 - 교차로부근,화물,남,57세,상해없음,보행자,남,81세,중상
2019120500100584,2019년 12월 5일 19시,목요일,인천광역시 계양구 계산동,경상사고,0,0,1,0,차대차 - 후진중충돌,안전운전불이행,건조,맑음,교차로 - 교차로안,승용,여,50세,상해없음,승용,남,36세,경상
2019120500100585,2019년 12월 5일 19시,목요일,인천광역시 남동구 논현동,경상사고,0,0,1,0,차대차 - 기타,안전운전불이행,건조,맑음,단일로 - 기타,기타불명,기타불명,미분류,기타불명,이륜,남,23세,경상
2019120500100614,2019년 12월 5일 20시,목요일,인천광역시 서구 연희동,경상사고,0,0,1,0,차대차 - 기타,안전운전불이행,건조,맑음,교차로 - 교차로안,이륜,남,45세,상해없음,승용,여,42세,경상
2019120500100615,2019년 12월 5일 20시,목요일,인천광역시 서구 경서동,중상사고,0,1,0,0,차대사람 - 횡단중,보행자보호의무위반,건조,맑음,교차로 - 교차로횡단보도내,승용,남,64세,상해없음,보행자,여,65세,중상
2019120500100616,2019년 12월 5일 20시,목요일,인천광역시 서구 가좌동,중상사고,0,1,0,0,차대차 - 측면충돌,안전운전불이행,건조,맑음,교차로 - 교차로부근,이륜,남,59세,중상,승용,남,78세,상해없음
2019120500100640,2019년 12월 5일 21시,목요일,인천광역시 미추홀구 주안동,경상사고,0,0,2,0,차대차 - 추돌,안전운전불이행,건조,맑음,교차로 - 교차로부근,승용,남,23세,상해없음,승용,남,29세,경상
2019120500100641,2019년 12월 5일 21시,목요일,인천광역시 연수구 송도동,경상사고,0,0,2,1,차대차 - 추돌,안전운전불이행,건조,맑음,단일로 - 기타,승합,남,45세,상해없음,승합,남,45세,상해없음
2019120500100660,2019년 12월 5일 22시,목요일,인천광역시 남동구 간석동,경상사고,0,0,1,0,차대차 - 추돌,안전운전불이행,건조,맑음,단일로 - 기타,승용,여,67세,기타불명,승용,남,46세,경상
2019120500100661,2019년 12월 5일 22시,목요일,인천광역시 서구 석남동,경상사고,0,0,2,0,차대차 - 추돌,안전운전불이행,건조,맑음,교차로 - 교차로부근,승용,남,26세,상해없음,승용,남,45세,경상
2019120500100682,2019년 12월 5일 23시,목요일,인천광역시 남동구 간석동,중상사고,0,1,1,0,차대차 - 기타,안전거리미확보,건조,맑음,단일로 - 기타,승용,남,56세,상해없음,승합,남,61세,상해없음
2019120600100057,2019년 12월 6일 03시,금요일,인천광역시 계양구 병방동,경상사고,0,0,1,0,차대차 - 측면충돌,안전운전불이행,건조,맑음,단일로 - 기타,승용,남,59세,상해없음,화물,남,62세,경상
2019120600100092,2019년 12월 6일 06시,금요일,인천광역시 미추홀구 도화동,경상사고,0,0,1,0,차대차 - 추돌,안전운전불이행,건조,맑음,교차로 - 교차로부근,승용,남,51세,상해없음,승용,남,72세,경상
2019120600100093,2019년 12월 6일 06시,금요일,인천광역시 계양구 계산동,중상사고,0,1,0,0,차대사람 - 횡단중,신호위반,건조,맑음,교차로 - 교차로안,화물,남,58세,상해없음,보행자,남,45세,중상
2019120600100094,2019년 12월 6일 06시,금요일,인천광역시 부평구 삼산동,경상사고,0,0,1,0,차대차 - 측면충돌,신호위반,건조,맑음,교차로 - 교차로안,승합,남,65세,상해없음,승용,여,47세,경상
2019120600100161,2019년 12월 6일 08시,금요일,인천광역시 남동구 논현동,경상사고,0,0,1,0,차대차 - 기타,안전운전불이행,건조,맑음,교차로 - 교차로부근,승용,남,49세,상해없음,승용,남,30세,경상
2019120600100201,2019년 12월 6일 09시,금요일,인천광역시 미추홀구 학익동,경상사고,0,0,2,0,차대차 - 측면충돌,안전거리미확보,건조,맑음,단일로 - 기타,화물,남,64세,상해없음,승용,남,23세,경상
2019120600100265,2019년 12월 6일 11시,금요일,인천광역시 미추홀구 주안동,부상신고사고,0,0,0,1,차대차 - 측면충돌,안전운전불이행,건조,맑음,교차로 - 교차로안,화물,남,59세,상해없음,승용,여,38세,부상신고
2019120600100266,2019년 12월 6일 11시,금요일,인천광역시 미추홀구 숭의동,중상사고,0,1,0,0,차대사람 - 횡단중,신호위반,건조,맑음,교차로 - 교차로횡단보도내,승용,남,60세,상해없음,보행자,여,71세,중상
2019120600100267,2019년 12월 6일 11시,금요일,인천광역시 강화군 강화읍,중상사고,0,1,0,0,차대차 - 측면충돌,교차로운행방법위반,건조,맑음,교차로 - 교차로부근,승용,남,59세,상해없음,이륜,남,81세,중상
2019120600100268,2019년 12월 6일 11시,금요일,인천광역시 부평구 부개동,중상사고,0,1,0,0,차대차 - 추돌,안전운전불이행,건조,맑음,교차로 - 교차로안,승용,남,28세,기타불명,승용,남,60세,중상
2019120600100305,2019년 12월 6일 12시,금요일,인천광역시 서구 가정동,경상사고,0,0,1,0,차대차 - 측면충돌,교차로운행방법위반,건조,맑음,교차로 - 교차로안,승용,남,41세,상해없음,승용,남,55세,경상
2019120600100340,2019년 12월 6일 13시,금요일,인천광역시 부평구 부평동,경상사고,0,0,1,0,차대차 - 측면충돌,안전운전불이행,건조,맑음,교차로 - 교차로안,승용,여,43세,상해없음,화물,남,26세,경상
2019120600100341,2019년 12월 6일 13시,금요일,인천광역시 연수구 동춘동,경상사고,0,0,1,0,차대차 - 측면충돌,차로위반,건조,맑음,교차로 - 교차로안,승용,남,62세,상해없음,승용,여,38세,경상
2019120600100371,2019년 12월 6일 14시,금요일,인천광역시 남동구 만수동,경상사고,0,0,1,0,차대차 - 기타,안전운전불이행,건조,맑음,기타 - 기타,승용,남,53세,상해없음,승용,남,67세,기타불명
2019120600100372,2019년 12월 6일 14시,금요일,인천광역시 남동구 간석동,경상사고,0,0,1,0,차대차 - 측면충돌,안전거리미확보,건조,맑음,단일로 - 기타,화물,남,36세,상해없음,화물,남,51세,경상
2019120600100373,2019년 12월 6일 14시,금요일,인천광역시 서구 가정동,경상사고,0,0,1,0,차대차 - 기타,안전운전불이행,건조,맑음,단일로 - 기타,건설기계,남,43세,상해없음,이륜,남,51세,경상
2019120600100414,2019년 12월 6일 15시,금요일,인천광역시 미추홀구 도화동,부상신고사고,0,0,0,1,차대차 - 추돌,안전운전불이행,건조,맑음,단일로 - 기타,승용,남,44세,상해없음,승용,남,55세,부상신고
2019120600100415,2019년 12월 6일 15시,금요일,인천광역시 서구 금곡동,중상사고,0,1,0,0,차대차 - 정면충돌,안전운전불이행,건조,맑음,교차로 - 교차로안,화물,남,36세,상해없음,이륜,남,26세,중상
2019120600100562,2019년 12월 6일 18시,금요일,인천광역시 중구 신흥동3가,경상사고,0,0,4,0,차대차 - 추돌,안전운전불이행,건조,맑음,단일로 - 기타,승용,여,57세,상해없음,승용,남,32세,경상
2019120600100563,2019년 12월 6일 18시,금요일,인천광역시 남동구 간석동,경상사고,0,0,1,0,차대차 - 측면충돌,안전운전불이행,건조,맑음,교차로 - 교차로횡단보도내,승용,남,39세,상해없음,승용,남,54세,경상
2019120600100564,2019년 12월 6일 18시,금요일,인천광역시 서구 가정동,경상사고,0,0,2,0,차대차 - 기타,안전운전불이행,건조,맑음,교차로 - 교차로부근,화물,남,57세,상해없음,승용,남,46세,경상
2019120600100618,2019년 12월 6일 19시,금요일,인천광역시 남동구 간석동,경상사고,0,0,2,0,차대차 - 측면충돌,안전운전불이행,건조,맑음,단일로 - 기타,승용,여,43세,상해없음,승용,남,27세,경상
2019120600100619,2019년 12월 6일 19시,금요일,인천광역시 서구 검암동,경상사고,0,0,1,0,차대차 - 측면충돌,안전거리미확보,건조,맑음,교차로 - 교차로부근,승용,여,64세,상해없음,승용,남,21세,경상
2019120600100620,2019년 12월 6일 19시,금요일,인천광역시 연수구 연수동,경상사고,0,0,1,0,차대차 - 추돌,안전거리미확보,건조,맑음,교차로 - 교차로안,승용,남,47세,상해없음,승용,여,29세,경상
2019120600100662,2019년 12월 6일 20시,금요일,인천광역시 부평구 산곡동,경상사고,0,0,1,0,차대차 - 측면충돌,안전운전불이행,건조,맑음,교차로 - 교차로안,승용,남,30세,상해없음,승용,여,46세,경상
2019120600100698,2019년 12월 6일 21시,금요일,인천광역시 남동구 만수동,경상사고,0,0,1,0,차대차 - 측면충돌,교차로운행방법위반,건조,맑음,교차로 - 교차로부근,승용,여,36세,상해없음,승용,남,50세,경상
2019120600100699,2019년 12월 6일 21시,금요일,인천광역시 남동구 만수동,경상사고,0,0,1,0,차대차 - 측면충돌,교차로운행방법위반,건조,맑음,교차로 - 교차로부근,승용,여,36세,상해없음,승용,남,50세,경상
2019120600100727,2019년 12월 6일 22시,금요일,인천광역시 미추홀구 주안동,경상사고,0,0,1,0,차대차 - 추돌,안전운전불이행,건조,맑음,단일로 - 기타,승용,남,61세,상해없음,승용,남,68세,경상
2019120600100728,2019년 12월 6일 22시,금요일,인천광역시 서구 왕길동,경상사고,0,0,1,0,차대사람 - 기타,보행자보호의무위반,건조,맑음,교차로 - 교차로안,승합,남,20세,상해없음,보행자,남,25세,경상
2019120600100758,2019년 12월 6일 23시,금요일,인천광역시 남동구 구월동,경상사고,0,0,3,0,차대차 - 측면충돌,안전거리미확보,건조,맑음,단일로 - 기타,승용,남,25세,상해없음,승용,남,43세,경상
2019120700100040,2019년 12월 7일 00시,토요일,인천광역시 부평구 십정동,경상사고,0,0,1,0,차대차 - 측면충돌,안전운전불이행,건조,맑음,단일로 - 기타,승용,남,38세,상해없음,승용,남,33세,경상
2019120700100041,2019년 12월 7일 00시,토요일,인천광역시 부평구 삼산동,경상사고,0,0,1,0,차대차 - 추돌,안전거리미확보,건조,맑음,단일로 - 기타,승용,남,70세,상해없음,승용,남,31세,경상
2019120700100087,2019년 12월 7일 04시,토요일,인천광역시 계양구 작전동,중상사고,0,1,0,0,차대차 - 기타,안전거리미확보,건조,맑음,교차로 - 교차로횡단보도내,승용,남,72세,상해없음,승용,남,61세,중상
2019120700100104,2019년 12월 7일 05시,토요일,인천광역시 서구 시천동,경상사고,0,0,1,0,차대차 - 측면충돌,안전운전불이행,건조,맑음,단일로 - 기타,승용,남,31세,상해없음,승합,남,53세,경상
2019120700100162,2019년 12월 7일 09시,토요일,인천광역시 동구 송림동,경상사고,0,0,1,0,차대차 - 후진중충돌,안전운전불이행,건조,맑음,단일로 - 기타,특수,남,43세,상해없음,승용,남,34세,경상
2019120700100196,2019년 12월 7일 10시,토요일,인천광역시 남동구 구월동,경상사고,0,0,1,0,차대사람 - 기타,안전운전불이행,건조,맑음,단일로 - 기타,승용,남,64세,기타불명,보행자,여,61세,경상
2019120700100233,2019년 12월 7일 11시,토요일,인천광역시 부평구 청천동,경상사고,0,0,1,0,차대차 - 측면충돌,안전운전불이행,건조,맑음,교차로 - 교차로부근,승용,여,45세,상해없음,승용,남,28세,경상
2019120700100271,2019년 12월 7일 12시,토요일,인천광역시 서구 청라동,경상사고,0,0,1,0,차대차 - 추돌,안전운전불이행,건조,맑음,교차로 - 교차로안,승합,남,46세,상해없음,승용,남,27세,경상
2019120700100309,2019년 12월 7일 13시,토요일,인천광역시 서구 석남동,경상사고,0,0,5,0,차대차 - 측면충돌,안전운전불이행,건조,맑음,교차로 - 교차로안,화물,남,71세,상해없음,승용,남,37세,경상
2019120700100310,2019년 12월 7일 13시,토요일,인천광역시 남동구 논현동,경상사고,0,0,1,0,차대차 - 측면충돌,차로위반,건조,맑음,교차로 - 교차로부근,승용,여,35세,상해없음,승용,남,51세,경상
2019120700100349,2019년 12월 7일 14시,토요일,인천광역시 남동구 구월동,경상사고,0,0,2,0,차대차 - 측면충돌,안전운전불이행,건조,맑음,단일로 - 기타,승용,남,67세,상해없음,승용,남,32세,경상
2019120700100350,2019년 12월 7일 14시,토요일,인천광역시 서구 마전동,경상사고,0,0,1,0,차대차 - 측면충돌,안전운전불이행,건조,맑음,교차로 - 교차로횡단보도내,승용,남,51세,상해없음,승용,여,60세,경상
2019120700100379,2019년 12월 7일 15시,토요일,인천광역시 중구 해안동3가,경상사고,0,0,2,0,차대차 - 측면충돌,안전운전불이행,건조,맑음,교차로 - 교차로안,승용,남,65세,상해없음,승합,여,29세,경상
2019120700100380,2019년 12월 7일 15시,토요일,인천광역시 서구 석남동,경상사고,0,0,2,0,차대차 - 측면충돌,안전운전불이행,건조,맑음,교차로 - 교차로안,승용,남,51세,상해없음,승용,남,25세,경상
2019120700100412,2019년 12월 7일 16시,토요일,인천광역시 중구 항동7가,경상사고,0,0,1,0,차대차 - 추돌,안전운전불이행,건조,맑음,교차로 - 교차로부근,승용,남,45세,기타불명,승용,여,48세,경상
2019120700100455,2019년 12월 7일 17시,토요일,인천광역시 중구 신흥동3가,경상사고,0,0,1,0,차대차 - 측면충돌,안전운전불이행,건조,맑음,교차로 - 교차로횡단보도내,기타불명,기타불명,미분류,기타불명,자전거,남,56세,경상
2019120700100456,2019년 12월 7일 17시,토요일,인천광역시 서구 왕길동,경상사고,0,0,2,0,차대차 - 기타,안전운전불이행,건조,맑음,단일로 - 기타,승용,남,32세,상해없음,승용,남,37세,경상
2019120700100457,2019년 12월 7일 17시,토요일,인천광역시 연수구 옥련동,경상사고,0,0,1,0,차대사람 - 보도통행중,기타,건조,맑음,단일로 - 기타,승합,남,55세,상해없음,보행자,여,63세,경상
2019120700100504,2019년 12월 7일 18시,토요일,인천광역시 남동구 만수동,경상사고,0,0,2,0,차대차 - 측면충돌,교차로운행방법위반,건조,맑음,단일로 - 기타,승용,남,61세,경상,승용,남,36세,경상
2019120700100505,2019년 12월 7일 18시,토요일,인천광역시 서구 마전동,경상사고,0,0,1,0,차대사람 - 횡단중,안전운전불이행,건조,맑음,단일로 - 기타,승용,남,60세,상해없음,보행자,남,26세,경상
2019120700100560,2019년 12월 7일 19시,토요일,인천광역시 부평구 십정동,경상사고,0,0,1,0,차대차 - 기타,안전운전불이행,건조,맑음,교차로 - 교차로부근,승용,남,61세,상해없음,승용,남,50세,경상
2019120700100561,2019년 12월 7일 19시,토요일,인천광역시 남동구 만수동,부상신고사고,0,0,0,1,차대차 - 기타,안전거리미확보,건조,맑음,단일로 - 기타,기타불명,기타불명,미분류,기타불명,원동기,남,26세,부상신고
2019120700100562,2019년 12월 7일 19시,토요일,인천광역시 연수구 청학동,중상사고,0,1,0,0,차대차 - 기타,기타,건조,맑음,단일로 - 기타,화물,남,69세,상해없음,승용,남,53세,상해없음
2019120700100588,2019년 12월 7일 20시,토요일,인천광역시 서구 왕길동,경상사고,0,0,2,0,차대차 - 추돌,안전거리미확보,건조,맑음,단일로 - 기타,승용,남,23세,상해없음,승용,남,53세,경상
2019120700100589,2019년 12월 7일 20시,토요일,인천광역시 연수구 송도동,경상사고,0,0,2,0,차대차 - 측면충돌,신호위반,건조,맑음,교차로 - 교차로안,승용,남,30세,상해없음,승용,여,43세,경상
2019120700100630,2019년 12월 7일 21시,토요일,인천광역시 부평구 부평동,경상사고,0,0,1,0,차대사람 - 기타,안전운전불이행,건조,맑음,단일로 - 기타,승용,여,39세,상해없음,보행자,여,32세,경상
2019120700100674,2019년 12월 7일 23시,토요일,인천광역시 미추홀구 주안동,경상사고,0,0,1,0,차대차 - 추돌,안전운전불이행,건조,맑음,교차로 - 교차로부근,승용,남,32세,상해없음,승용,남,37세,경상
2019120700100675,2019년 12월 7일 23시,토요일,인천광역시 부평구 부평동,경상사고,0,0,1,0,차대차 - 추돌,안전운전불이행,건조,맑음,단일로 - 기타,승용,남,28세,상해없음,승용,남,67세,경상
2019120700100676,2019년 12월 7일 23시,토요일,인천광역시 서구 원창동,경상사고,0,0,1,0,차대차 - 추돌,과속,건조,맑음,교차로 - 교차로부근,승용,남,28세,상해없음,승용,여,58세,경상
2019120700100677,2019년 12월 7일 23시,토요일,인천광역시 부평구 구산동,경상사고,0,0,1,0,차량단독 - 기타,안전운전불이행,건조,맑음,단일로 - 기타,기타불명,기타불명,미분류,기타불명,,,,
2019120800100036,2019년 12월 8일 00시,일요일,인천광역시 중구 도원동,경상사고,0,0,2,0,차대차 - 정면충돌,신호위반,건조,맑음,교차로 - 교차로안,원동기,남,24세,경상,승용,남,17세,경상
2019120800100075,2019년 12월 8일 01시,일요일,인천광역시 미추홀구 숭의동,중상사고,0,1,0,0,차대차 - 측면충돌,안전운전불이행,건조,맑음,교차로 - 교차로횡단보도내,승용,남,66세,상해없음,이륜,남,36세,중상
2019120800100076,2019년 12월 8일 01시,일요일,인천광역시 서구 검암동,경상사고,0,0,2,0,차대차 - 추돌,안전운전불이행,건조,맑음,단일로 - 기타,승용,남,51세,상해없음,승용,남,35세,경상
2019120800100113,2019년 12월 8일 04시,일요일,인천광역시 미추홀구 주안동,경상사고,0,0,1,0,차대차 - 측면충돌,안전운전불이행,건조,맑음,교차로 - 교차로부근,승용,여,28세,기타불명,개인형이동수단(PM),남,39세,경상
2019120800100150,2019년 12월 8일 08시,일요일,인천광역시 미추홀구 주안동,부상신고사고,0,0,0,1,차대사람 - 길가장자리구역통행중,안전운전불이행,건조,맑음,단일로 - 기타,승용,남,28세,기타불명,보행자,여,33세,부상신고
2019120800100151,2019년 12월 8일 08시,일요일,인천광역시 부평구 십정동,중상사고,0,1,2,0,차대차 - 측면충돌,신호위반,건조,맑음,교차로 - 교차로안,승합,남,67세,상해없음,승용,남,63세,중상
2019120800100174,2019년 12월 8일 09시,일요일,인천광역시 부평구 갈산동,경상사고,0,0,1,0,차대차 - 추돌,안전운전불이행,건조,맑음,단일로 - 기타,승용,남,65세,상해없음,승용,남,57세,경상
2019120800100199,2019년 12월 8일 10시,일요일,인천광역시 연수구 동춘동,경상사고,0,0,1,0,차대차 - 측면충돌,교차로운행방법위반,건조,맑음,교차로 - 교차로부근,승용,남,55세,상해없음,승용,남,53세,경상