사고번호,사고일시,요일,시군구,사고내용,사망자수,중상자수,경상자수,부상신고자수,사고유형,법규위반,노면상태,기상상태,도로형태,가해운전자 차종,가해운전자 성별,가해운전자 연령,가해운전자 상해정도,피해운전자 차종,피해운전자 성별,피해운전자 연령,피해운전자 상해정도
2019120800100221,2019년 12월 8일 11시,일요일,인천광역시 부평구 청천동,경상사고,0,0,1,0,차대차 - 추돌,안전운전불이행,건조,맑음,교차로 - 교차로부근,이륜,남,33세,상해없음,이륜,남,47세,경상
2019120800100264,2019년 12월 8일 13시,일요일,인천광역시 서구 왕길동,경상사고,0,0,4,0,차대차 - 정면충돌,중앙선침범,건조,맑음,단일로 - 기타,승용,남,57세,상해없음,승용,남,38세,경상
2019120800100265,2019년 12월 8일 13시,일요일,인천광역시 부평구 부개동,경상사고,0,0,2,0,차대차 - 추돌,안전운전불이행,건조,맑음,단일로 - 기타,승용,남,24세,상해없음,승용,남,29세,경상
2019120800100321,2019년 12월 8일 15시,일요일,인천광역시 중구 신흥동3가,중상사고,0,1,0,0,차대차 - 추돌,안전운전불이행,건조,맑음,교차로 - 교차로안,건설기계,남,58세,상해없음,승용,여,43세,중상
2019120800100322,2019년 12월 8일 15시,일요일,인천광역시 부평구 부평동,경상사고,0,0,1,0,차대차 - 측면충돌,신호위반,건조,맑음,교차로 - 교차로안,승용,남,62세,상해없음,이륜,남,41세,경상
2019120800100354,2019년 12월 8일 16시,일요일,인천광역시 미추홀구 용현동,부상신고사고,0,0,0,1,차대차 - 추돌,안전운전불이행,건조,맑음,단일로 - 기타,기타불명,기타불명,미분류,기타불명,승용,남,46세,부상신고
2019120800100355,2019년 12월 8일 16시,일요일,인천광역시 남동구 논현동,경상사고,0,0,1,0,차대차 - 측면충돌,안전거리미확보,건조,맑음,단일로 - 기타,승용,남,28세,기타불명,승용,남,27세,경상
2019120800100380,2019년 12월 8일 17시,일요일,인천광역시 미추홀구 주안동,경상사고,0,0,1,0,차대사람 - 기타,안전거리미확보,건조,맑음,교차로 - 교차로부근,승합,남,60세,상해없음,보행자,남,79세,경상
2019120800100381,2019년 12월 8일 17시,일요일,인천광역시 서구 석남동,경상사고,0,0,1,0,차대사람 - 기타,안전운전불이행,건조,맑음,교차로 - 교차로안,승합,남,51세,상해없음,보행자,여,59세,경상
2019120800100440,2019년 12월 8일 19시,일요일,인천광역시 남동구 구월동,경상사고,0,0,2,0,차대차 - 추돌,안전운전불이행,건조,맑음,단일로 - 기타,승용,남,31세,상해없음,승용,남,34세,경상
2019120800100462,2019년 12월 8일 20시,일요일,인천광역시 미추홀구 주안동,경상사고,0,0,1,0,차대사람 - 기타,안전운전불이행,건조,맑음,단일로 - 기타,승용,남,48세,상해없음,보행자,남,36세,경상
2019120800100463,2019년 12월 8일 20시,일요일,인천광역시 서구 청라동,경상사고,0,0,1,0,차대차 - 추돌,안전운전불이행,건조,맑음,단일로 - 기타,승용,남,62세,상해없음,이륜,남,38세,경상
2019120800100490,2019년 12월 8일 21시,일요일,인천광역시 서구 청라동,경상사고,0,0,1,0,차대차 - 추돌,안전거리미확보,건조,맑음,단일로 - 기타,승용,남,25세,상해없음,이륜,남,36세,경상
2019120900100092,2019년 12월 9일 06시,월요일,인천광역시 미추홀구 용현동,중상사고,0,1,0,0,차대사람 - 횡단중,안전운전불이행,건조,맑음,교차로 - 교차로부근,승용,남,79세,상해없음,보행자,여,62세,중상
2019120900100093,2019년 12월 9일 06시,월요일,인천광역시 서구 경서동,경상사고,0,0,1,0,차대차 - 측면충돌,안전운전불이행,건조,맑음,단일로 - 기타,승용,남,72세,상해없음,승용,남,58세,경상
2019120900100094,2019년 12월 9일 06시,월요일,인천광역시 서구 원창동,경상사고,0,0,2,0,차대차 - 기타,신호위반,건조,맑음,기타 - 기타,승합,남,59세,상해없음,승용,남,30세,경상
2019120900100128,2019년 12월 9일 07시,월요일,인천광역시 서구 연희동,경상사고,0,0,1,0,차대차 - 측면충돌,안전운전불이행,건조,맑음,단일로 - 기타,승용,남,45세,상해없음,화물,남,47세,경상
2019120900100165,2019년 12월 9일 08시,월요일,인천광역시 서구 청라동,경상사고,0,0,1,0,차대차 - 기타,안전운전불이행,건조,맑음,단일로 - 기타,건설기계,남,56세,상해없음,승용,여,26세,경상
2019120900100166,2019년 12월 9일 08시,월요일,인천광역시 남동구 고잔동,경상사고,0,0,1,0,차대차 - 측면충돌,안전운전불이행,건조,맑음,교차로 - 교차로안,화물,남,57세,상해없음,승용,여,26세,경상
2019120900100225,2019년 12월 9일 10시,월요일,인천광역시 중구 덕교동,경상사고,0,0,1,0,차대차 - 측면충돌,과속,건조,맑음,교차로 - 교차로안,승용,남,44세,경상,승합,남,74세,상해없음
2019120900100266,2019년 12월 9일 11시,월요일,인천광역시 미추홀구 학익동,경상사고,0,0,1,0,차대차 - 추돌,안전운전불이행,건조,맑음,단일로 - 기타,승용,남,40세,상해없음,승용,남,25세,경상
2019120900100267,2019년 12월 9일 11시,월요일,인천광역시 남동구 간석동,경상사고,0,0,1,0,차대차 - 측면충돌,안전거리미확보,건조,맑음,단일로 - 기타,화물,남,46세,상해없음,승용,남,28세,경상
2019120900100322,2019년 12월 9일 13시,월요일,인천광역시 미추홀구 학익동,중상사고,0,2,0,0,차대차 - 측면충돌,안전운전불이행,건조,맑음,단일로 - 기타,화물,남,45세,상해없음,승용,남,22세,중상
2019120900100323,2019년 12월 9일 13시,월요일,인천광역시 남동구 구월동,중상사고,0,1,0,0,차대차 - 측면충돌,안전운전불이행,건조,맑음,기타 - 기타,원동기,남,66세,중상,승용,여,28세,상해없음
2019120900100324,2019년 12월 9일 13시,월요일,인천광역시 강화군 강화읍,경상사고,0,0,1,0,차대차 - 기타,안전운전불이행,건조,맑음,교차로 - 교차로부근,승용,여,64세,상해없음,승용,여,47세,경상
2019120900100361,2019년 12월 9일 14시,월요일,인천광역시 서구 청라동,경상사고,0,0,1,0,차대차 - 기타,안전거리미확보,건조,맑음,단일로 - 기타,건설기계,남,44세,상해없음,승용,남,47세,경상
2019120900100362,2019년 12월 9일 14시,월요일,인천광역시 계양구 임학동,경상사고,0,0,1,0,차대사람 - 길가장자리구역통행중,안전운전불이행,건조,맑음,단일로 - 기타,승용,여,44세,상해없음,보행자,여,65세,경상
2019120900100363,2019년 12월 9일 14시,월요일,인천광역시 연수구 옥련동,경상사고,0,0,1,0,차대차 - 측면충돌,안전운전불이행,건조,맑음,교차로 - 교차로부근,승용,여,55세,상해없음,승용,남,59세,경상
2019120900100400,2019년 12월 9일 15시,월요일,인천광역시 서구 가좌동,경상사고,0,0,1,0,차대사람 - 기타,안전운전불이행,건조,맑음,단일로 - 기타,승용,남,75세,상해없음,보행자,여,36세,경상
2019120900100430,2019년 12월 9일 16시,월요일,인천광역시 중구 신흥동3가,중상사고,0,1,1,0,차대차 - 정면충돌,신호위반,건조,맑음,교차로 - 교차로안,승용,남,54세,상해없음,승용,남,59세,중상
2019120900100431,2019년 12월 9일 16시,월요일,인천광역시 연수구 동춘동,경상사고,0,0,1,0,차대차 - 후진중충돌,안전운전불이행,건조,맑음,단일로 - 기타,승용,남,59세,상해없음,승용,여,41세,경상
2019120900100479,2019년 12월 9일 17시,월요일,인천광역시 부평구 부평동,경상사고,0,0,2,0,차대차 - 측면충돌,교차로운행방법위반,건조,맑음,교차로 - 교차로안,승용,남,58세,상해없음,승용,여,34세,경상
2019120900100480,2019년 12월 9일 17시,월요일,인천광역시 서구 오류동,경상사고,0,0,1,0,차대차 - 측면충돌,안전운전불이행,건조,맑음,교차로 - 교차로안,승용,남,60세,상해없음,승용,남,23세,경상
2019120900100481,2019년 12월 9일 17시,월요일,인천광역시 서구 오류동,중상사고,0,1,0,0,차대사람 - 횡단중,신호위반,건조,맑음,교차로 - 교차로안,승용,여,54세,상해없음,보행자,여,54세,중상
2019120900100524,2019년 12월 9일 18시,월요일,인천광역시 미추홀구 도화동,중상사고,0,1,0,0,차대사람 - 기타,안전운전불이행,건조,기타,교차로 - 교차로안,승합,남,59세,상해없음,보행자,남,60세,중상
2019120900100525,2019년 12월 9일 18시,월요일,인천광역시 미추홀구 용현동,경상사고,0,0,1,0,차대차 - 기타,안전운전불이행,건조,맑음,단일로 - 기타,건설기계,남,57세,상해없음,승용,남,38세,경상
2019120900100526,2019년 12월 9일 18시,월요일,인천광역시 남동구 간석동,경상사고,0,0,1,0,차대차 - 측면충돌,안전운전불이행,건조,맑음,단일로 - 기타,화물,남,51세,상해없음,이륜,남,76세,경상
2019120900100527,2019년 12월 9일 18시,월요일,인천광역시 서구 마전동,경상사고,0,0,1,0,차대차 - 기타,안전운전불이행,건조,맑음,교차로 - 교차로안,승용,여,56세,상해없음,이륜,남,31세,경상
2019120900100528,2019년 12월 9일 18시,월요일,인천광역시 계양구 작전동,경상사고,0,0,1,0,차대사람 - 기타,안전운전불이행,건조,맑음,단일로 - 기타,승용,남,40세,상해없음,보행자,남,61세,경상
2019120900100618,2019년 12월 9일 21시,월요일,인천광역시 부평구 십정동,중상사고,0,1,1,0,차대차 - 정면충돌,중앙선침범,건조,맑음,단일로 - 기타,승용,남,30세,상해없음,승용,남,48세,중상
2019120900100619,2019년 12월 9일 21시,월요일,인천광역시 남동구 간석동,경상사고,0,0,1,0,차대차 - 측면충돌,차로위반,건조,맑음,교차로 - 교차로부근,승용,여,36세,상해없음,승용,여,27세,경상
2019120900100620,2019년 12월 9일 21시,월요일,인천광역시 남동구 간석동,경상사고,0,0,1,0,차대차 - 기타,신호위반,건조,맑음,교차로 - 교차로안,승용,남,49세,상해없음,승용,여,51세,경상
2019120900100638,2019년 12월 9일 22시,월요일,인천광역시 중구 신흥동3가,중상사고,0,1,2,0,차대차 - 측면충돌,신호위반,건조,맑음,교차로 - 교차로안,승용,여,34세,상해없음,승용,남,27세,중상
2019121000100035,2019년 12월 10일 00시,화요일,인천광역시 연수구 동춘동,경상사고,0,0,1,0,차대차 - 측면충돌,신호위반,건조,맑음,단일로 - 기타,승용,남,48세,상해없음,승용,남,56세,경상
2019121000100036,2019년 12월 10일 00시,화요일,인천광역시 연수구 연수동,중상사고,0,1,1,0,차대차 - 추돌,안전운전불이행,건조,흐림,교차로 - 교차로부근,승용,남,37세,상해없음,화물,남,63세,중상
2019121000100037,2019년 12월 10일 00시,화요일,인천광역시 남동구 만수동,경상사고,0,0,1,0,차대차 - 기타,신호위반,건조,맑음,교차로 - 교차로부근,승용,남,61세,상해없음,화물,남,58세,상해없음
2019121000100047,2019년 12월 10일 01시,화요일,인천광역시 연수구 송도동,경상사고,0,0,2,0,차대차 - 추돌,안전운전불이행,건조,흐림,교차로 - 교차로부근,승용,여,56세,상해없음,승용,남,58세,경상
2019121000100058,2019년 12월 10일 02시,화요일,인천광역시 부평구 청천동,중상사고,0,1,0,0,차대차 - 측면충돌,안전운전불이행,젖음/습기,비,단일로 - 기타,승용,남,26세,상해없음,승용,남,59세,중상
2019121000100059,2019년 12월 10일 02시,화요일,인천광역시 연수구 연수동,경상사고,0,0,2,0,차대차 - 추돌,안전운전불이행,젖음/습기,비,단일로 - 기타,화물,남,32세,상해없음,승용,남,33세,경상
2019121000100068,2019년 12월 10일 03시,화요일,인천광역시 계양구 서운동,경상사고,0,0,2,0,차대차 - 추돌,안전운전불이행,건조,맑음,교차로 - 교차로안,승용,남,50세,상해없음,승용,여,45세,경상
2019121000100137,2019년 12월 10일 07시,화요일,인천광역시 서구 청라동,경상사고,0,0,1,0,차대차 - 기타,안전운전불이행,젖음/습기,안개,단일로 - 기타,승용,남,62세,경상,화물,남,55세,상해없음
2019121000100181,2019년 12월 10일 08시,화요일,인천광역시 남동구 구월동,경상사고,0,0,1,0,차대사람 - 횡단중,보행자보호의무위반,건조,맑음,교차로 - 교차로안,승용,남,44세,상해없음,보행자,남,13세,경상
2019121000100182,2019년 12월 10일 08시,화요일,인천광역시 부평구 삼산동,부상신고사고,0,0,0,1,차대차 - 측면충돌,안전거리미확보,건조,맑음,단일로 - 교량,화물,남,47세,상해없음,승용,여,25세,부상신고
2019121000100213,2019년 12월 10일 09시,화요일,인천광역시 서구 가정동,경상사고,0,0,1,0,차대차 - 추돌,안전운전불이행,젖음/습기,안개,교차로 - 교차로부근,승용,남,21세,상해없음,승용,여,58세,경상
2019121000100214,2019년 12월 10일 09시,화요일,인천광역시 연수구 동춘동,경상사고,0,0,1,0,차대사람 - 길가장자리구역통행중,안전운전불이행,건조,맑음,단일로 - 기타,이륜,남,45세,상해없음,보행자,여,51세,경상
2019121000100302,2019년 12월 10일 12시,화요일,인천광역시 계양구 효성동,중상사고,0,1,0,0,차대차 - 측면충돌,안전운전불이행,건조,맑음,교차로 - 교차로안,승용,남,35세,상해없음,승용,여,59세,중상
2019121000100320,2019년 12월 10일 13시,화요일,인천광역시 서구 가정동,경상사고,0,0,1,0,차대차 - 기타,안전운전불이행,건조,맑음,교차로 - 교차로횡단보도내,자전거,여,51세,경상,승용,남,60세,상해없음
2019121000100360,2019년 12월 10일 14시,화요일,인천광역시 중구 운서동,중상사고,0,1,0,0,차량단독 - 공작물충돌,안전운전불이행,건조,흐림,단일로 - 기타,승합,남,63세,상해없음,,,,
2019121000100361,2019년 12월 10일 14시,화요일,인천광역시 서구 오류동,중상사고,0,2,0,0,차대차 - 기타,신호위반,건조,맑음,교차로 - 교차로안,승용,여,40세,중상,승용,남,56세,중상
2019121000100362,2019년 12월 10일 14시,화요일,인천광역시 계양구 용종동,경상사고,0,0,1,0,차대차 - 측면충돌,차로위반,건조,맑음,단일로 - 기타,화물,남,60세,상해없음,특수,남,51세,경상
2019121000100363,2019년 12월 10일 14시,화요일,인천광역시 연수구 동춘동,중상사고,0,1,4,0,차대차 - 정면충돌,안전운전불이행,건조,맑음,단일로 - 기타,특수,남,50세,기타불명,특수,남,47세,경상
2019121000100387,2019년 12월 10일 15시,화요일,인천광역시 미추홀구 주안동,부상신고사고,0,0,0,1,차대사람 - 기타,안전운전불이행,건조,맑음,기타 - 기타,화물,남,48세,상해없음,보행자,남,9세,부상신고
2019121000100388,2019년 12월 10일 15시,화요일,인천광역시 부평구 청천동,중상사고,0,1,0,0,차대사람 - 기타,안전운전불이행,건조,맑음,교차로 - 교차로안,화물,남,35세,상해없음,보행자,여,56세,중상
2019121000100389,2019년 12월 10일 15시,화요일,인천광역시 부평구 산곡동,부상신고사고,0,0,0,1,차대사람 - 차도통행중,안전운전불이행,건조,맑음,단일로 - 기타,기타불명,기타불명,미분류,기타불명,보행자,여,77세,부상신고
2019121000100390,2019년 12월 10일 15시,화요일,인천광역시 남동구 간석동,경상사고,0,0,1,0,차대차 - 추돌,안전운전불이행,건조,맑음,교차로 - 교차로부근,이륜,남,25세,기타불명,승용,여,24세,경상
2019121000100391,2019년 12월 10일 15시,화요일,인천광역시 서구 불로동,경상사고,0,0,1,0,차대차 - 기타,안전운전불이행,건조,맑음,단일로 - 기타,승합,남,60세,상해없음,승용,여,38세,경상
2019121000100392,2019년 12월 10일 15시,화요일,인천광역시 연수구 청학동,중상사고,0,1,0,0,차대차 - 측면충돌,안전운전불이행,건조,맑음,교차로 - 교차로부근,원동기,남,19세,중상,승용,남,37세,상해없음
2019121000100424,2019년 12월 10일 16시,화요일,인천광역시 남동구 만수동,경상사고,0,0,1,0,차대사람 - 길가장자리구역통행중,안전운전불이행,건조,맑음,단일로 - 기타,승용,여,43세,상해없음,보행자,여,21세,경상
2019121000100425,2019년 12월 10일 16시,화요일,인천광역시 서구 당하동,경상사고,0,0,1,1,차대차 - 측면충돌,안전운전불이행,건조,맑음,교차로 - 교차로안,승용,남,69세,상해없음,승용,여,45세,상해없음
2019121000100426,2019년 12월 10일 16시,화요일,인천광역시 계양구 용종동,경상사고,0,0,2,0,차대차 - 측면충돌,안전운전불이행,건조,맑음,단일로 - 기타,승용,남,63세,상해없음,승합,남,38세,경상
2019121000100476,2019년 12월 10일 17시,화요일,인천광역시 서구 경서동,경상사고,0,0,1,0,차대차 - 기타,안전거리미확보,건조,맑음,단일로 - 기타,승용,여,32세,상해없음,이륜,남,23세,경상
2019121000100477,2019년 12월 10일 17시,화요일,인천광역시 계양구 효성동,경상사고,0,0,1,0,차대차 - 측면충돌,차로위반,건조,맑음,단일로 - 기타,승용,여,31세,상해없음,승용,여,57세,경상
2019121000100478,2019년 12월 10일 17시,화요일,인천광역시 강화군 불은면,경상사고,0,0,1,0,차대사람 - 기타,안전운전불이행,젖음/습기,흐림,단일로 - 기타,승용,여,62세,상해없음,보행자,여,90세 이상,경상
2019121000100479,2019년 12월 10일 17시,화요일,인천광역시 연수구 연수동,경상사고,0,0,1,0,차대사람 - 기타,안전운전불이행,건조,맑음,교차로 - 교차로부근,승용,여,53세,상해없음,보행자,남,47세,경상
2019121000100542,2019년 12월 10일 18시,화요일,인천광역시 서구 가좌동,중상사고,0,1,0,0,차량단독 - 기타,안전운전불이행,건조,맑음,단일로 - 기타,승합,남,56세,상해없음,,,,
2019121000100543,2019년 12월 10일 18시,화요일,인천광역시 부평구 삼산동,경상사고,0,0,1,0,차대차 - 측면충돌,안전거리미확보,건조,맑음,교차로 - 교차로부근,승용,여,23세,상해없음,승용,여,35세,경상
2019121000100544,2019년 12월 10일 18시,화요일,인천광역시 남동구 만수동,경상사고,0,0,1,0,차대차 - 측면충돌,불법유턴,건조,맑음,단일로 - 기타,승용,남,44세,상해없음,승용,남,57세,경상
2019121000100545,2019년 12월 10일 18시,화요일,인천광역시 남동구 남촌동,경상사고,0,0,1,0,차대차 - 추돌,안전거리미확보,건조,맑음,단일로 - 기타,승용,남,28세,상해없음,승용,남,42세,경상
2019121000100600,2019년 12월 10일 19시,화요일,인천광역시 남동구 수산동,경상사고,0,0,1,0,차대차 - 측면충돌,안전거리미확보,건조,맑음,단일로 - 기타,승용,여,31세,상해없음,승용,남,57세,경상
2019121000100660,2019년 12월 10일 21시,화요일,인천광역시 미추홀구 주안동,경상사고,0,0,3,0,차대차 - 측면충돌,안전운전불이행,건조,맑음,교차로 - 교차로안,승용,남,63세,경상,승용,여,28세,경상
2019121000100680,2019년 12월 10일 22시,화요일,인천광역시 남동구 간석동,경상사고,0,0,1,0,차대차 - 측면충돌,신호위반,건조,맑음,단일로 - 기타,승용,남,46세,상해없음,승용,남,34세,경상
2019121000100681,2019년 12월 10일 22시,화요일,인천광역시 계양구 작전동,경상사고,0,0,1,0,차대차 - 측면충돌,안전운전불이행,건조,맑음,교차로 - 교차로안,승용,남,47세,상해없음,승용,남,24세,경상
2019121000100702,2019년 12월 10일 23시,화요일,인천광역시 서구 백석동,중상사고,0,1,0,0,차량단독 - 공작물충돌,안전운전불이행,건조,맑음,교차로 - 교차로부근,승용,남,46세,중상,,,,
2019121100100041,2019년 12월 11일 00시,수요일,인천광역시 남동구 논현동,경상사고,0,0,1,0,차대차 - 후진중충돌,안전운전불이행,건조,맑음,교차로 - 교차로부근,승용,여,35세,상해없음,승용,남,23세,경상
2019121100100157,2019년 12월 11일 08시,수요일,인천광역시 미추홀구 문학동,경상사고,0,0,2,0,차대차 - 추돌,안전운전불이행,건조,맑음,교차로 - 교차로부근,승용,남,21세,상해없음,화물,남,63세,경상
2019121100100158,2019년 12월 11일 08시,수요일,인천광역시 서구 청라동,경상사고,0,0,3,0,차대차 - 기타,중앙선침범,건조,맑음,교차로 - 교차로부근,승용,여,48세,상해없음,승용,여,57세,경상
2019121100100159,2019년 12월 11일 08시,수요일,인천광역시 남동구 만수동,경상사고,0,0,1,0,차대차 - 추돌,안전운전불이행,건조,맑음,단일로 - 기타,승용,여,41세,상해없음,승용,남,44세,경상
2019121100100186,2019년 12월 11일 09시,수요일,인천광역시 남동구 간석동,경상사고,0,0,1,0,차대차 - 추돌,안전운전불이행,건조,맑음,단일로 - 기타,승용,남,29세,상해없음,승용,여,51세,경상
2019121100100187,2019년 12월 11일 09시,수요일,인천광역시 서구 왕길동,경상사고,0,0,1,0,차대차 - 측면충돌,안전운전불이행,건조,맑음,교차로 - 교차로안,승용,여,58세,상해없음,승합,남,37세,경상
2019121100100188,2019년 12월 11일 09시,수요일,인천광역시 서구 백석동,경상사고,0,0,2,0,차대차 - 추돌,안전운전불이행,건조,맑음,교차로 - 교차로안,승용,남,51세,경상,건설기계,남,28세,경상
2019121100100189,2019년 12월 11일 09시,수요일,인천광역시 서구 경서동,경상사고,0,0,1,0,차대차 - 측면충돌,신호위반,건조,맑음,교차로 - 교차로안,승용,여,36세,상해없음,승용,여,48세,경상
2019121100100217,2019년 12월 11일 10시,수요일,인천광역시 연수구 선학동,경상사고,0,0,1,0,차대차 - 추돌,안전운전불이행,건조,맑음,단일로 - 지하차도(도로)내,승용,여,35세,상해없음,승용,남,53세,경상
2019121100100218,2019년 12월 11일 10시,수요일,인천광역시 남동구 장수동,경상사고,0,0,1,0,차대차 - 측면충돌,안전운전불이행,건조,맑음,단일로 - 기타,화물,남,60세,상해없음,승용,남,69세,경상
2019121100100219,2019년 12월 11일 10시,수요일,인천광역시 남동구 만수동,경상사고,0,0,1,0,차대차 - 측면충돌,안전운전불이행,건조,맑음,단일로 - 기타,승용,남,62세,상해없음,승용,여,56세,경상
2019121100100249,2019년 12월 11일 11시,수요일,인천광역시 서구 가정동,경상사고,0,0,5,0,차대차 - 측면충돌,신호위반,건조,맑음,교차로 - 교차로안,화물,남,60세,상해없음,승합,남,45세,경상
2019121100100250,2019년 12월 11일 11시,수요일,인천광역시 계양구 귤현동,중상사고,0,1,2,0,차대차 - 측면충돌,안전운전불이행,건조,맑음,교차로 - 교차로안,화물,남,31세,상해없음,승용,남,52세,경상
2019121100100251,2019년 12월 11일 11시,수요일,인천광역시 계양구 계산동,경상사고,0,0,1,0,차대차 - 측면충돌,안전운전불이행,건조,맑음,교차로 - 교차로안,승용,남,42세,상해없음,이륜,남,22세,경상
2019121100100364,2019년 12월 11일 15시,수요일,인천광역시 부평구 십정동,중상사고,0,1,0,0,차대사람 - 횡단중,신호위반,건조,맑음,단일로 - 기타,승용,남,58세,상해없음,보행자,여,61세,중상
2019121100100365,2019년 12월 11일 15시,수요일,인천광역시 서구 가정동,경상사고,0,0,2,0,차대차 - 정면충돌,안전운전불이행,건조,맑음,교차로 - 교차로안,승용,남,39세,경상,승용,남,34세,경상
2019121100100366,2019년 12월 11일 15시,수요일,인천광역시 부평구 부평동,경상사고,0,0,1,0,차대사람 - 차도통행중,안전운전불이행,건조,맑음,단일로 - 기타,승용,여,25세,상해없음,보행자,여,8세,경상
2019121100100401,2019년 12월 11일 16시,수요일,인천광역시 서구 마전동,경상사고,0,0,1,0,차대차 - 추돌,안전운전불이행,건조,맑음,단일로 - 기타,건설기계,남,54세,상해없음,승용,여,41세,경상
2019121100100453,2019년 12월 11일 17시,수요일,인천광역시 연수구 연수동,중상사고,0,1,0,0,차대사람 - 횡단중,보행자보호의무위반,건조,맑음,교차로 - 교차로횡단보도내,승용,남,38세,상해없음,보행자,남,4세,중상
2019121100100511,2019년 12월 11일 18시,수요일,인천광역시 동구 송현동,경상사고,0,0,2,0,차대차 - 추돌,안전거리미확보,건조,맑음,단일로 - 기타,승용,남,55세,경상,승용,남,25세,경상
2019121100100512,2019년 12월 11일 18시,수요일,인천광역시 서구 당하동,경상사고,0,0,1,0,차대차 - 추돌,신호위반,건조,맑음,교차로 - 교차로부근,승용,남,20세,상해없음,승용,남,31세,경상
2019121100100513,2019년 12월 11일 18시,수요일,인천광역시 연수구 옥련동,경상사고,0,0,2,0,차대차 - 측면충돌,신호위반,건조,맑음,교차로 - 교차로안,승용,남,64세,상해없음,승용,여,53세,경상
2019121100100514,2019년 12월 11일 18시,수요일,인천광역시 부평구 삼산동,경상사고,0,0,1,0,차대차 - 측면충돌,안전운전불이행,건조,맑음,교차로 - 교차로안,승용,여,45세,상해없음,승용,여,39세,경상
2019121100100515,2019년 12월 11일 18시,수요일,인천광역시 남동구 남촌동,경상사고,0,0,1,0,차대사람 - 횡단중,교차로운행방법위반,건조,맑음,교차로 - 교차로안,승용,남,57세,상해없음,보행자,여,52세,경상
2019121100100554,2019년 12월 11일 19시,수요일,인천광역시 연수구 선학동,경상사고,0,0,4,0,차대차 - 기타,안전거리미확보,건조,맑음,교차로 - 교차로부근,승용,남,54세,상해없음,승용,남,57세,경상
2019121100100555,2019년 12월 11일 19시,수요일,인천광역시 남동구 논현동,경상사고,0,0,1,0,차대차 - 측면충돌,안전운전불이행,건조,맑음,단일로 - 기타,승용,남,65세,상해없음,승용,남,51세,경상
2019121100100556,2019년 12월 11일 19시,수요일,인천광역시 남동구 고잔동,중상사고,0,1,0,0,차대차 - 기타,안전운전불이행,건조,맑음,단일로 - 기타,승용,여,51세,상해없음,이륜,남,23세,중상
2019121100100576,2019년 12월 11일 20시,수요일,인천광역시 부평구 부평동,경상사고,0,0,3,0,차대차 - 측면충돌,차로위반,건조,맑음,단일로 - 기타,승용,남,72세,상해없음,승용,남,59세,경상
2019121100100577,2019년 12월 11일 20시,수요일,인천광역시 남동구 수산동,중상사고,0,1,1,0,차대차 - 측면충돌,신호위반,건조,맑음,교차로 - 교차로안,승용,여,44세,경상,승용,남,28세,중상
2019121100100578,2019년 12월 11일 20시,수요일,인천광역시 남동구 남촌동,경상사고,0,0,1,0,차대차 - 측면충돌,안전거리미확보,건조,맑음,단일로 - 기타,승용,여,40세,상해없음,승용,여,54세,경상
2019121100100596,2019년 12월 11일 21시,수요일,인천광역시 남동구 구월동,경상사고,0,0,1,0,차대차 - 추돌,차로위반,건조,맑음,교차로 - 교차로부근,승용,남,67세,상해없음,승용,남,25세,경상
2019121100100625,2019년 12월 11일 22시,수요일,인천광역시 남동구 간석동,경상사고,0,0,1,0,차대사람 - 기타,안전운전불이행,건조,맑음,단일로 - 기타,승용,남,65세,상해없음,보행자,남,51세,경상
2019121100100626,2019년 12월 11일 22시,수요일,인천광역시 서구 청라동,중상사고,0,1,1,0,차대차 - 기타,안전운전불이행,건조,맑음,교차로 - 교차로부근,승용,남,46세,상해없음,승용,남,38세,중상
2019121100100642,2019년 12월 11일 23시,수요일,인천광역시 부평구 부평동,경상사고,0,0,1,0,차대차 - 측면충돌,안전운전불이행,건조,맑음,교차로 - 교차로안,승용,남,64세,상해없음,승용,남,48세,경상
2019121100100643,2019년 12월 11일 23시,수요일,인천광역시 계양구 작전동,경상사고,0,0,1,0,차대차 - 추돌,안전운전불이행,건조,맑음,단일로 - 기타,승용,여,46세,상해없음,승용,남,49세,경상
2019121100100644,2019년 12월 11일 23시,수요일,인천광역시 계양구 효성동,중상사고,0,2,3,0,차대차 - 추돌,안전거리미확보,건조,맑음,단일로 - 기타,승용,남,49세,상해없음,승합,남,51세,경상
2019121200100055,2019년 12월 12일 01시,목요일,인천광역시 부평구 부평동,부상신고사고,0,0,0,1,차대차 - 측면충돌,안전운전불이행,건조,맑음,기타 - 기타,화물,남,58세,기타불명,승용,남,70세,부상신고
2019121200100056,2019년 12월 12일 01시,목요일,인천광역시 서구 가정동,경상사고,0,0,1,0,차대차 - 기타,교차로운행방법위반,건조,맑음,교차로 - 교차로안,승용,남,74세,상해없음,승용,남,46세,경상
2019121200100061,2019년 12월 12일 02시,목요일,인천광역시 서구 청라동,경상사고,0,0,1,0,차대차 - 측면충돌,안전운전불이행,건조,맑음,교차로 - 교차로안,승용,여,33세,상해없음,승용,남,57세,경상