사고번호,사고일시,요일,시군구,사고내용,사망자수,중상자수,경상자수,부상신고자수,사고유형,법규위반,노면상태,기상상태,도로형태,가해운전자 차종,가해운전자 성별,가해운전자 연령,가해운전자 상해정도,피해운전자 차종,피해운전자 성별,피해운전자 연령,피해운전자 상해정도
2019121200100070,2019년 12월 12일 03시,목요일,인천광역시 미추홀구 주안동,부상신고사고,0,0,0,3,차대차 - 측면충돌,안전운전불이행,건조,기타,교차로 - 교차로안,기타불명,기타불명,미분류,기타불명,승용,남,69세,부상신고
2019121200100076,2019년 12월 12일 04시,목요일,인천광역시 부평구 부개동,경상사고,0,0,2,0,차대차 - 추돌,안전운전불이행,건조,맑음,교차로 - 교차로부근,기타불명,기타불명,미분류,기타불명,승용,남,58세,경상
2019121200100084,2019년 12월 12일 05시,목요일,인천광역시 서구 연희동,경상사고,0,0,2,0,차대차 - 기타,신호위반,건조,맑음,교차로 - 교차로안,승용,남,69세,상해없음,승용,남,52세,경상
2019121200100180,2019년 12월 12일 08시,목요일,인천광역시 동구 화수동,경상사고,0,0,1,0,차대차 - 추돌,안전운전불이행,건조,맑음,단일로 - 기타,승용,남,40세,상해없음,승용,여,46세,경상
2019121200100181,2019년 12월 12일 08시,목요일,인천광역시 중구 유동,중상사고,0,1,1,0,차대차 - 측면충돌,교차로운행방법위반,건조,맑음,교차로 - 교차로안,승용,여,26세,중상,승용,여,46세,경상
2019121200100182,2019년 12월 12일 08시,목요일,인천광역시 서구 불로동,중상사고,0,1,0,0,차대사람 - 횡단중,신호위반,건조,맑음,교차로 - 교차로횡단보도내,승합,남,64세,상해없음,보행자,여,11세,중상
2019121200100183,2019년 12월 12일 08시,목요일,인천광역시 서구 청라동,경상사고,0,0,2,0,차대차 - 기타,안전운전불이행,건조,맑음,교차로 - 교차로안,승용,여,40세,상해없음,승용,남,39세,경상
2019121200100283,2019년 12월 12일 11시,목요일,인천광역시 서구 심곡동,중상사고,0,1,0,0,차대차 - 측면충돌,안전운전불이행,건조,맑음,교차로 - 교차로부근,승용,여,72세,상해없음,승용,여,36세,중상
2019121200100445,2019년 12월 12일 16시,목요일,인천광역시 옹진군 영흥면,경상사고,0,0,1,0,차대차 - 측면충돌,안전운전불이행,건조,맑음,단일로 - 기타,승용,남,55세,상해없음,승용,여,60세,경상
2019121200100446,2019년 12월 12일 16시,목요일,인천광역시 서구 석남동,중상사고,0,1,0,0,차대차 - 측면충돌,안전운전불이행,건조,맑음,단일로 - 기타,특수,남,57세,상해없음,승용,남,64세,중상
2019121200100486,2019년 12월 12일 17시,목요일,인천광역시 중구 항동7가,중상사고,0,1,0,0,차대차 - 측면충돌,안전운전불이행,건조,맑음,교차로 - 교차로안,승용,남,50세,상해없음,이륜,남,72세,중상
2019121200100487,2019년 12월 12일 17시,목요일,인천광역시 부평구 십정동,경상사고,0,0,1,0,차대사람 - 길가장자리구역통행중,안전운전불이행,건조,맑음,단일로 - 기타,기타불명,기타불명,미분류,기타불명,보행자,남,43세,경상
2019121200100488,2019년 12월 12일 17시,목요일,인천광역시 서구 석남동,경상사고,0,0,2,0,차대차 - 측면충돌,안전거리미확보,건조,맑음,단일로 - 기타,승용,여,52세,경상,승용,여,23세,경상
2019121200100489,2019년 12월 12일 17시,목요일,인천광역시 계양구 작전동,경상사고,0,0,1,0,차대차 - 기타,기타,건조,맑음,교차로 - 교차로부근,승용,남,78세,상해없음,승용,남,35세,경상
2019121200100490,2019년 12월 12일 17시,목요일,인천광역시 부평구 갈산동,경상사고,0,0,1,0,차대차 - 측면충돌,안전운전불이행,건조,맑음,단일로 - 기타,승용,여,42세,상해없음,화물,남,60세,경상
2019121200100570,2019년 12월 12일 18시,목요일,인천광역시 계양구 갈현동,경상사고,0,0,1,0,차대차 - 측면충돌,차로위반,건조,맑음,교차로 - 교차로부근,승용,남,57세,상해없음,승합,남,71세,경상
2019121200100571,2019년 12월 12일 18시,목요일,인천광역시 계양구 작전동,경상사고,0,0,1,0,차대사람 - 기타,기타,건조,맑음,기타 - 기타,승합,남,40세,상해없음,보행자,여,26세,경상
2019121200100663,2019년 12월 12일 21시,목요일,인천광역시 부평구 부개동,경상사고,0,0,1,0,차대사람 - 횡단중,보행자보호의무위반,건조,맑음,교차로 - 교차로부근,승용,남,55세,상해없음,보행자,남,64세,경상
2019121200100689,2019년 12월 12일 22시,목요일,인천광역시 부평구 부평동,중상사고,0,1,0,0,차대사람 - 횡단중,신호위반,건조,맑음,교차로 - 교차로횡단보도내,이륜,남,26세,상해없음,보행자,남,57세,중상
2019121300100057,2019년 12월 13일 01시,금요일,인천광역시 중구 신흥동3가,중상사고,0,3,3,0,차대차 - 정면충돌,신호위반,건조,맑음,교차로 - 교차로안,승용,남,43세,상해없음,승용,남,62세,중상
2019121300100109,2019년 12월 13일 06시,금요일,인천광역시 서구 백석동,경상사고,0,0,2,0,차대차 - 정면충돌,중앙선침범,건조,맑음,단일로 - 기타,승용,여,49세,경상,승용,남,45세,경상
2019121300100127,2019년 12월 13일 07시,금요일,인천광역시 서구 왕길동,경상사고,0,0,3,0,차대차 - 측면충돌,안전운전불이행,건조,맑음,단일로 - 기타,건설기계,남,53세,상해없음,승용,남,40세,경상
2019121300100160,2019년 12월 13일 08시,금요일,인천광역시 서구 경서동,경상사고,0,0,1,0,차대차 - 측면충돌,신호위반,건조,맑음,단일로 - 기타,화물,남,60세,기타불명,승용,남,42세,경상
2019121300100161,2019년 12월 13일 08시,금요일,인천광역시 계양구 효성동,경상사고,0,0,1,0,차대차 - 측면충돌,기타,건조,흐림,교차로 - 교차로부근,이륜,여,22세,상해없음,승용,여,44세,경상
2019121300100162,2019년 12월 13일 08시,금요일,인천광역시 남동구 만수동,경상사고,0,0,1,0,차대차 - 추돌,안전운전불이행,건조,맑음,단일로 - 기타,승용,남,62세,상해없음,승용,여,30세,경상
2019121300100163,2019년 12월 13일 08시,금요일,인천광역시 남동구 만수동,경상사고,0,0,1,0,차대차 - 측면충돌,안전운전불이행,건조,맑음,단일로 - 기타,승용,남,34세,상해없음,특수,남,44세,경상
2019121300100207,2019년 12월 13일 09시,금요일,인천광역시 부평구 부평동,경상사고,0,0,1,0,차대차 - 추돌,안전운전불이행,건조,맑음,단일로 - 기타,승합,여,42세,상해없음,승용,남,53세,경상
2019121300100313,2019년 12월 13일 13시,금요일,인천광역시 계양구 동양동,중상사고,0,1,0,0,차대사람 - 횡단중,보행자보호의무위반,건조,맑음,교차로 - 교차로횡단보도내,승용,남,57세,상해없음,보행자,여,69세,중상
2019121300100314,2019년 12월 13일 13시,금요일,인천광역시 연수구 송도동,경상사고,0,0,1,0,차대차 - 추돌,안전운전불이행,건조,맑음,단일로 - 기타,승용,남,48세,상해없음,승용,남,36세,상해없음
2019121300100391,2019년 12월 13일 15시,금요일,인천광역시 강화군 강화읍,중상사고,0,1,0,0,차대차 - 측면충돌,안전운전불이행,건조,맑음,주차장 - 주차장,화물,남,50세,상해없음,화물,남,58세,중상
2019121300100392,2019년 12월 13일 15시,금요일,인천광역시 부평구 부평동,중상사고,0,1,0,0,차대사람 - 기타,안전운전불이행,건조,맑음,단일로 - 기타,승용,남,65세,상해없음,보행자,남,7세,중상
2019121300100446,2019년 12월 13일 16시,금요일,인천광역시 중구 항동7가,중상사고,0,1,0,0,차대차 - 측면충돌,차로위반,건조,맑음,단일로 - 기타,특수,남,47세,상해없음,특수,남,52세,중상
2019121300100511,2019년 12월 13일 17시,금요일,인천광역시 미추홀구 주안동,경상사고,0,0,1,0,차대사람 - 기타,안전운전불이행,건조,맑음,단일로 - 기타,승합,남,47세,상해없음,보행자,남,58세,경상
2019121300100512,2019년 12월 13일 17시,금요일,인천광역시 부평구 청천동,경상사고,0,0,3,0,차대차 - 정면충돌,안전운전불이행,건조,맑음,교차로 - 교차로안,승용,여,40세,상해없음,승용,남,43세,경상
2019121300100513,2019년 12월 13일 17시,금요일,인천광역시 남동구 구월동,경상사고,0,0,1,0,차량단독 - 기타,안전운전불이행,건조,맑음,교차로 - 교차로부근,승합,남,58세,기타불명,,,,
2019121300100636,2019년 12월 13일 19시,금요일,인천광역시 부평구 부평동,경상사고,0,0,1,0,차대차 - 추돌,안전운전불이행,건조,맑음,교차로 - 교차로부근,승용,남,29세,상해없음,승용,여,47세,경상
2019121300100637,2019년 12월 13일 19시,금요일,인천광역시 남동구 간석동,중상사고,0,2,0,0,차대차 - 측면충돌,신호위반,건조,흐림,교차로 - 교차로안,이륜,남,41세,중상,이륜,남,30세,중상
2019121300100638,2019년 12월 13일 19시,금요일,인천광역시 서구 신현동,중상사고,0,1,0,0,차대차 - 정면충돌,신호위반,건조,맑음,교차로 - 교차로안,승용,여,29세,상해없음,승합,남,47세,중상
2019121300100709,2019년 12월 13일 21시,금요일,인천광역시 미추홀구 문학동,경상사고,0,0,1,0,차량단독 - 공작물충돌,안전운전불이행,건조,맑음,단일로 - 기타,승용,남,66세,상해없음,,,,
2019121300100710,2019년 12월 13일 21시,금요일,인천광역시 부평구 갈산동,경상사고,0,0,2,0,차대차 - 기타,신호위반,건조,맑음,교차로 - 교차로부근,승용,남,25세,상해없음,승용,남,52세,경상
2019121300100711,2019년 12월 13일 21시,금요일,인천광역시 계양구 작전동,경상사고,0,0,1,0,차대사람 - 기타,안전운전불이행,건조,맑음,단일로 - 기타,승합,남,55세,상해없음,보행자,여,57세,경상
2019121300100712,2019년 12월 13일 21시,금요일,인천광역시 부평구 부개동,중상사고,0,2,2,0,차대차 - 추돌,안전운전불이행,젖음/습기,비,단일로 - 기타,승용,남,48세,기타불명,승용,남,39세,상해없음
2019121300100750,2019년 12월 13일 22시,금요일,인천광역시 미추홀구 도화동,중상사고,0,1,0,0,차대차 - 기타,중앙선침범,젖음/습기,비,단일로 - 기타,승용,여,51세,상해없음,이륜,남,50세,중상
2019121300100751,2019년 12월 13일 22시,금요일,인천광역시 남동구 구월동,부상신고사고,0,0,0,1,차대차 - 후진중충돌,안전운전불이행,젖음/습기,비,단일로 - 기타,기타불명,기타불명,미분류,기타불명,이륜,남,18세,부상신고
2019121300100803,2019년 12월 13일 23시,금요일,인천광역시 미추홀구 주안동,경상사고,0,0,3,0,차대차 - 추돌,안전운전불이행,젖음/습기,비,단일로 - 기타,승용,남,39세,기타불명,화물,남,25세,경상
2019121300100804,2019년 12월 13일 23시,금요일,인천광역시 남동구 논현동,경상사고,0,0,1,0,차대차 - 측면충돌,안전운전불이행,젖음/습기,비,교차로 - 교차로안,승합,남,58세,상해없음,자전거,여,57세,경상
2019121400100042,2019년 12월 14일 00시,토요일,인천광역시 미추홀구 주안동,경상사고,0,0,1,0,차대차 - 측면충돌,차로위반,적설,비,기타 - 기타,승용,남,44세,상해없음,승용,여,40세,경상
2019121400100064,2019년 12월 14일 01시,토요일,인천광역시 남동구 구월동,경상사고,0,0,1,0,차대사람 - 차도통행중,안전운전불이행,젖음/습기,비,단일로 - 기타,승용,남,69세,상해없음,보행자,남,29세,경상
2019121400100078,2019년 12월 14일 02시,토요일,인천광역시 연수구 송도동,경상사고,0,0,1,0,차대차 - 추돌,안전운전불이행,건조,맑음,단일로 - 기타,승용,남,46세,상해없음,승용,남,48세,경상
2019121400100121,2019년 12월 14일 05시,토요일,인천광역시 중구 운서동,경상사고,0,0,1,1,차대차 - 측면충돌,교차로운행방법위반,건조,맑음,교차로 - 교차로안,승용,여,31세,부상신고,승용,남,26세,경상
2019121400100122,2019년 12월 14일 05시,토요일,인천광역시 서구 오류동,경상사고,0,0,1,0,차대차 - 정면충돌,신호위반,건조,맑음,교차로 - 교차로안,승용,남,19세,상해없음,특수,남,36세,경상
2019121400100155,2019년 12월 14일 06시,토요일,인천광역시 서구 가좌동,경상사고,0,0,1,0,차대차 - 정면충돌,중앙선침범,건조,맑음,단일로 - 기타,승용,여,39세,상해없음,승용,남,53세,경상
2019121400100186,2019년 12월 14일 07시,토요일,인천광역시 계양구 계산동,경상사고,0,0,1,0,차대차 - 측면충돌,신호위반,건조,맑음,교차로 - 교차로안,승용,남,23세,상해없음,승용,남,30세,경상
2019121400100224,2019년 12월 14일 08시,토요일,인천광역시 중구 중산동,경상사고,0,0,2,0,차대차 - 기타,안전운전불이행,건조,맑음,교차로 - 교차로부근,승용,남,46세,상해없음,승용,여,40세,경상
2019121400100255,2019년 12월 14일 09시,토요일,인천광역시 남동구 간석동,중상사고,0,1,2,0,차대차 - 추돌,안전운전불이행,건조,맑음,기타 - 기타,승용,남,34세,상해없음,승용,여,52세,경상
2019121400100256,2019년 12월 14일 09시,토요일,인천광역시 서구 가정동,중상사고,0,1,0,0,차대차 - 측면충돌,신호위반,건조,맑음,단일로 - 기타,건설기계,남,46세,상해없음,승용,남,69세,중상
2019121400100326,2019년 12월 14일 11시,토요일,인천광역시 미추홀구 용현동,부상신고사고,0,0,0,1,차대사람 - 기타,안전운전불이행,건조,맑음,단일로 - 기타,승용,남,58세,상해없음,보행자,남,81세,부상신고
2019121400100327,2019년 12월 14일 11시,토요일,인천광역시 미추홀구 숭의동,경상사고,0,0,2,0,차대차 - 측면충돌,안전운전불이행,건조,기타,단일로 - 기타,화물,남,64세,기타불명,승용,여,45세,경상
2019121400100328,2019년 12월 14일 11시,토요일,인천광역시 서구 왕길동,경상사고,0,0,1,0,차대사람 - 기타,기타,건조,맑음,단일로 - 기타,기타불명,기타불명,미분류,기타불명,보행자,남,12세,경상
2019121400100329,2019년 12월 14일 11시,토요일,인천광역시 서구 연희동,부상신고사고,0,0,0,1,차대차 - 측면충돌,안전운전불이행,건조,맑음,교차로 - 교차로부근,승용,남,61세,상해없음,승용,여,39세,부상신고
2019121400100361,2019년 12월 14일 12시,토요일,인천광역시 중구 운서동,경상사고,0,0,1,0,차대차 - 측면충돌,안전거리미확보,건조,맑음,단일로 - 기타,승용,남,60세,상해없음,승용,여,37세,경상
2019121400100362,2019년 12월 14일 12시,토요일,인천광역시 부평구 청천동,경상사고,0,0,2,0,차대차 - 추돌,안전운전불이행,건조,맑음,교차로 - 교차로부근,승용,남,37세,상해없음,승용,남,46세,경상
2019121400100363,2019년 12월 14일 12시,토요일,인천광역시 서구 청라동,중상사고,0,1,0,0,차대차 - 정면충돌,신호위반,건조,맑음,교차로 - 교차로안,화물,남,55세,상해없음,승용,남,64세,중상
2019121400100406,2019년 12월 14일 13시,토요일,인천광역시 남동구 논현동,경상사고,0,0,2,0,차대차 - 측면충돌,안전운전불이행,건조,맑음,교차로 - 교차로부근,화물,남,71세,경상,승용,여,55세,경상
2019121400100448,2019년 12월 14일 14시,토요일,인천광역시 서구 청라동,경상사고,0,0,1,0,차대차 - 측면충돌,안전운전불이행,건조,맑음,교차로 - 교차로안,승용,남,41세,상해없음,승용,남,28세,경상
2019121400100491,2019년 12월 14일 15시,토요일,인천광역시 연수구 연수동,경상사고,0,0,1,0,차대차 - 측면충돌,안전운전불이행,건조,맑음,교차로 - 교차로부근,승용,여,42세,상해없음,승용,남,55세,경상
2019121400100530,2019년 12월 14일 16시,토요일,인천광역시 미추홀구 문학동,경상사고,0,0,1,0,차대차 - 기타,안전운전불이행,건조,맑음,단일로 - 기타,승용,남,48세,상해없음,화물,남,54세,상해없음
2019121400100580,2019년 12월 14일 17시,토요일,인천광역시 미추홀구 주안동,경상사고,0,0,2,0,차대차 - 후진중충돌,안전운전불이행,건조,맑음,단일로 - 기타,승용,여,41세,상해없음,승용,남,32세,경상
2019121400100581,2019년 12월 14일 17시,토요일,인천광역시 서구 당하동,중상사고,0,1,0,0,차대사람 - 횡단중,안전운전불이행,건조,맑음,교차로 - 교차로횡단보도내,승합,남,69세,상해없음,보행자,여,65세,중상
2019121400100582,2019년 12월 14일 17시,토요일,인천광역시 남동구 만수동,경상사고,0,0,1,0,차대차 - 측면충돌,안전운전불이행,건조,흐림,교차로 - 교차로부근,승용,남,41세,상해없음,화물,남,43세,경상
2019121400100638,2019년 12월 14일 18시,토요일,인천광역시 미추홀구 용현동,경상사고,0,0,1,0,차대사람 - 길가장자리구역통행중,안전운전불이행,건조,맑음,기타 - 기타,승용,남,29세,상해없음,보행자,남,24세,경상
2019121400100639,2019년 12월 14일 18시,토요일,인천광역시 부평구 부평동,경상사고,0,0,1,0,차대사람 - 보도통행중,신호위반,건조,맑음,교차로 - 교차로부근,사륜오토바이(ATV),남,28세,상해없음,보행자,남,35세,경상
2019121400100640,2019년 12월 14일 18시,토요일,인천광역시 서구 석남동,중상사고,0,1,1,0,차대차 - 기타,안전운전불이행,건조,맑음,단일로 - 기타,승합,남,38세,상해없음,이륜,남,17세,경상
2019121400100717,2019년 12월 14일 20시,토요일,인천광역시 계양구 계산동,경상사고,0,0,1,0,차대차 - 후진중충돌,안전운전불이행,건조,맑음,교차로 - 교차로안,화물,남,56세,상해없음,승용,남,28세,경상
2019121400100718,2019년 12월 14일 20시,토요일,인천광역시 계양구 계산동,경상사고,0,0,1,0,차대차 - 측면충돌,기타,건조,맑음,교차로 - 교차로안,이륜,남,67세,경상,승용,남,24세,상해없음
2019121400100750,2019년 12월 14일 21시,토요일,인천광역시 미추홀구 용현동,경상사고,0,0,2,0,차대차 - 기타,안전운전불이행,건조,맑음,단일로 - 기타,승용,여,38세,상해없음,승용,남,27세,경상
2019121400100751,2019년 12월 14일 21시,토요일,인천광역시 부평구 십정동,부상신고사고,0,0,0,1,차량단독 - 기타,안전운전불이행,건조,맑음,단일로 - 기타,기타불명,기타불명,미분류,기타불명,,,,
2019121400100780,2019년 12월 14일 22시,토요일,인천광역시 남동구 만수동,경상사고,0,0,2,0,차대차 - 측면충돌,안전운전불이행,건조,맑음,교차로 - 교차로안,승용,남,64세,상해없음,승용,남,31세,경상
2019121400100781,2019년 12월 14일 22시,토요일,인천광역시 강화군 하점면,사망사고,1,0,0,0,차량단독 - 공작물충돌,안전운전불이행,건조,맑음,교차로 - 교차로안,화물,남,71세,사망,,,,
2019121400100813,2019년 12월 14일 23시,토요일,인천광역시 중구 중산동,경상사고,0,0,7,0,차대차 - 측면충돌,안전운전불이행,건조,맑음,단일로 - 기타,승용,남,39세,경상,승용,남,45세,경상
2019121400100814,2019년 12월 14일 23시,토요일,인천광역시 부평구 산곡동,경상사고,0,0,1,0,차량단독 - 기타,안전운전불이행,건조,맑음,단일로 - 기타,승용,남,48세,상해없음,,,,
2019121500100030,2019년 12월 15일 00시,일요일,인천광역시 남동구 만수동,경상사고,0,0,1,0,차대차 - 측면충돌,신호위반,건조,맑음,단일로 - 기타,이륜,남,22세,경상,화물,남,38세,상해없음
2019121500100063,2019년 12월 15일 02시,일요일,인천광역시 미추홀구 주안동,경상사고,0,0,1,0,차대차 - 기타,안전운전불이행,건조,맑음,교차로 - 교차로부근,승합,남,27세,상해없음,승용,남,63세,경상
2019121500100101,2019년 12월 15일 05시,일요일,인천광역시 중구 중앙동3가,경상사고,0,0,2,0,차대차 - 측면충돌,안전운전불이행,건조,맑음,단일로 - 기타,승용,남,39세,상해없음,화물,남,46세,상해없음
2019121500100102,2019년 12월 15일 05시,일요일,인천광역시 연수구 선학동,경상사고,0,0,1,0,차대차 - 추돌,안전운전불이행,건조,맑음,단일로 - 기타,승용,남,35세,상해없음,승용,남,59세,경상
2019121500100103,2019년 12월 15일 05시,일요일,인천광역시 연수구 연수동,중상사고,0,1,0,0,차대사람 - 기타,안전운전불이행,건조,맑음,교차로 - 교차로부근,승용,남,45세,상해없음,보행자,남,43세,중상
2019121500100115,2019년 12월 15일 06시,일요일,인천광역시 중구 북성동1가,경상사고,0,0,1,0,차대차 - 측면충돌,안전운전불이행,건조,맑음,교차로 - 교차로부근,화물,남,60세,상해없음,승용,남,48세,경상
2019121500100142,2019년 12월 15일 08시,일요일,인천광역시 서구 원당동,경상사고,0,0,1,0,차대차 - 측면충돌,안전운전불이행,건조,맑음,교차로 - 교차로안,승용,남,58세,상해없음,이륜,남,17세,경상
2019121500100164,2019년 12월 15일 09시,일요일,인천광역시 미추홀구 주안동,중상사고,0,1,3,0,차대차 - 정면충돌,신호위반,건조,맑음,교차로 - 교차로안,승용,남,27세,상해없음,승용,남,32세,경상
2019121500100191,2019년 12월 15일 10시,일요일,인천광역시 미추홀구 주안동,부상신고사고,0,0,0,1,차대사람 - 길가장자리구역통행중,안전운전불이행,건조,맑음,단일로 - 기타,기타불명,기타불명,미분류,기타불명,보행자,여,43세,부상신고
2019121500100239,2019년 12월 15일 12시,일요일,인천광역시 서구 심곡동,경상사고,0,0,3,0,차대차 - 정면충돌,안전운전불이행,건조,맑음,교차로 - 교차로안,승용,남,60세,상해없음,승용,여,46세,경상
2019121500100240,2019년 12월 15일 12시,일요일,인천광역시 연수구 연수동,경상사고,0,0,1,0,차대사람 - 차도통행중,안전운전불이행,건조,맑음,단일로 - 기타,이륜,남,35세,상해없음,보행자,남,14세,경상
2019121500100296,2019년 12월 15일 14시,일요일,인천광역시 서구 석남동,중상사고,0,1,0,0,차대사람 - 기타,불법유턴,건조,맑음,교차로 - 교차로부근,승용,남,71세,상해없음,보행자,여,84세,중상
2019121500100297,2019년 12월 15일 14시,일요일,인천광역시 강화군 길상면,사망사고,1,0,0,0,차대차 - 추돌,안전운전불이행,건조,맑음,단일로 - 기타,이륜,남,41세,사망,승용,남,73세,기타불명
2019121500100298,2019년 12월 15일 14시,일요일,인천광역시 연수구 송도동,경상사고,0,0,2,0,차대사람 - 횡단중,신호위반,건조,맑음,교차로 - 교차로횡단보도내,승용,남,30세,상해없음,보행자,여,30세,경상
2019121500100299,2019년 12월 15일 14시,일요일,인천광역시 부평구 일신동,경상사고,0,0,1,0,차대차 - 기타,안전운전불이행,건조,맑음,단일로 - 기타,승용,남,20세,상해없음,승합,남,45세,경상
2019121500100335,2019년 12월 15일 15시,일요일,인천광역시 서구 검암동,경상사고,0,0,2,0,차대차 - 기타,안전운전불이행,건조,맑음,교차로 - 교차로안,승용,남,48세,상해없음,승용,남,42세,경상
2019121500100390,2019년 12월 15일 17시,일요일,인천광역시 계양구 계산동,경상사고,0,0,1,0,차대차 - 측면충돌,안전운전불이행,건조,맑음,교차로 - 교차로안,승용,남,60세,상해없음,이륜,남,20세,경상
2019121500100438,2019년 12월 15일 18시,일요일,인천광역시 부평구 청천동,경상사고,0,0,2,0,차대차 - 기타,안전운전불이행,건조,맑음,단일로 - 기타,승용,남,29세,상해없음,승용,남,29세,경상
2019121500100439,2019년 12월 15일 18시,일요일,인천광역시 서구 원당동,경상사고,0,0,8,0,차대차 - 기타,안전운전불이행,건조,맑음,단일로 - 기타,화물,남,38세,상해없음,승용,남,43세,경상
2019121500100469,2019년 12월 15일 19시,일요일,인천광역시 부평구 산곡동,중상사고,0,2,0,0,차대차 - 정면충돌,중앙선침범,건조,맑음,교차로 - 교차로부근,승용,여,48세,중상,승용,여,60세,중상
2019121500100470,2019년 12월 15일 19시,일요일,인천광역시 서구 가정동,중상사고,0,1,0,0,차대사람 - 기타,안전운전불이행,건조,맑음,교차로 - 교차로안,승합,남,59세,상해없음,보행자,남,54세,중상
2019121500100512,2019년 12월 15일 21시,일요일,인천광역시 강화군 불은면,경상사고,0,0,1,0,차대차 - 정면충돌,중앙선침범,젖음/습기,흐림,단일로 - 기타,승용,여,49세,상해없음,승용,여,60세,경상
2019121600100039,2019년 12월 16일 00시,월요일,인천광역시 남동구 만수동,경상사고,0,0,1,0,차대사람 - 기타,안전운전불이행,건조,맑음,단일로 - 기타,승용,남,60세,상해없음,보행자,남,58세,경상
2019121600100047,2019년 12월 16일 01시,월요일,인천광역시 연수구 연수동,경상사고,0,0,1,0,차대차 - 측면충돌,안전운전불이행,건조,맑음,교차로 - 교차로안,승용,남,51세,상해없음,승용,남,37세,경상
2019121600100076,2019년 12월 16일 05시,월요일,인천광역시 미추홀구 학익동,경상사고,0,0,1,0,차대사람 - 길가장자리구역통행중,안전운전불이행,건조,맑음,단일로 - 기타,승용,여,39세,상해없음,보행자,남,45세,경상
2019121600100092,2019년 12월 16일 06시,월요일,인천광역시 중구 운서동,중상사고,0,1,0,0,차대차 - 추돌,안전운전불이행,건조,맑음,단일로 - 기타,화물,남,56세,상해없음,승용,여,45세,중상
2019121600100165,2019년 12월 16일 08시,월요일,인천광역시 남동구 도림동,경상사고,0,0,1,0,차대차 - 측면충돌,차로위반,건조,맑음,단일로 - 기타,승용,여,56세,상해없음,승용,남,41세,경상
2019121600100204,2019년 12월 16일 09시,월요일,인천광역시 중구 운남동,중상사고,0,1,2,0,차대차 - 추돌,안전운전불이행,건조,맑음,단일로 - 터널,화물,남,26세,중상,화물,남,75세,경상
2019121600100205,2019년 12월 16일 09시,월요일,인천광역시 연수구 동춘동,경상사고,0,0,2,0,차대차 - 측면충돌,직진우회전진행방해,건조,맑음,교차로 - 교차로부근,화물,남,59세,상해없음,승용,남,29세,경상
2019121600100241,2019년 12월 16일 10시,월요일,인천광역시 부평구 갈산동,중상사고,0,1,0,0,차대차 - 추돌,안전거리미확보,건조,맑음,단일로 - 기타,화물,남,56세,상해없음,승용,남,23세,중상
2019121600100274,2019년 12월 16일 11시,월요일,인천광역시 중구 항동7가,경상사고,0,0,1,0,차대사람 - 횡단중,신호위반,건조,맑음,단일로 - 기타,화물,남,65세,상해없음,보행자,여,84세,경상
2019121600100335,2019년 12월 16일 13시,월요일,인천광역시 부평구 산곡동,경상사고,0,0,1,0,차대차 - 측면충돌,교차로운행방법위반,건조,맑음,교차로 - 교차로안,승용,여,56세,기타불명,승용,여,48세,경상
2019121600100410,2019년 12월 16일 15시,월요일,인천광역시 서구 가좌동,중상사고,0,1,0,0,차대사람 - 보도통행중,기타,건조,맑음,기타 - 기타,화물,남,26세,상해없음,보행자,남,18세,중상
2019121600100451,2019년 12월 16일 16시,월요일,인천광역시 동구 금곡동,중상사고,0,1,0,0,차대사람 - 기타,기타,건조,맑음,단일로 - 기타,승합,남,57세,상해없음,보행자,남,65세,중상
2019121600100452,2019년 12월 16일 16시,월요일,인천광역시 미추홀구 주안동,부상신고사고,0,0,0,1,차량단독 - 기타,안전운전불이행,건조,맑음,단일로 - 기타,승합,남,61세,상해없음,,,,
2019121600100453,2019년 12월 16일 16시,월요일,인천광역시 미추홀구 관교동,경상사고,0,0,1,0,차대차 - 측면충돌,차로위반,건조,맑음,교차로 - 교차로안,승합,남,77세,기타불명,승용,남,25세,경상
2019121600100454,2019년 12월 16일 16시,월요일,인천광역시 미추홀구 도화동,경상사고,0,0,1,0,차대차 - 측면충돌,안전운전불이행,건조,맑음,교차로 - 교차로안,승용,여,65세,상해없음,승용,여,50세,경상
2019121600100497,2019년 12월 16일 17시,월요일,인천광역시 미추홀구 숭의동,경상사고,0,0,1,0,차대차 - 추돌,안전운전불이행,건조,맑음,단일로 - 기타,승용,남,75세,상해없음,승용,남,50세,경상
2019121600100498,2019년 12월 16일 17시,월요일,인천광역시 남동구 고잔동,경상사고,0,0,1,0,차대차 - 측면충돌,안전운전불이행,건조,맑음,교차로 - 교차로부근,승용,남,45세,상해없음,승용,여,25세,경상
2019121600100499,2019년 12월 16일 17시,월요일,인천광역시 서구 경서동,경상사고,0,0,1,0,차대차 - 추돌,안전운전불이행,건조,맑음,단일로 - 기타,승용,남,48세,상해없음,승용,남,39세,경상
2019121600100559,2019년 12월 16일 18시,월요일,인천광역시 중구 운서동,경상사고,0,0,1,0,차대차 - 측면충돌,교차로운행방법위반,건조,맑음,교차로 - 교차로안,승용,여,41세,상해없음,승용,남,40세,경상