사고번호,사고일시,요일,시군구,사고내용,사망자수,중상자수,경상자수,부상신고자수,사고유형,법규위반,노면상태,기상상태,도로형태,가해운전자 차종,가해운전자 성별,가해운전자 연령,가해운전자 상해정도,피해운전자 차종,피해운전자 성별,피해운전자 연령,피해운전자 상해정도
2019122100100113,2019년 12월 21일 04시,토요일,인천광역시 남동구 간석동,경상사고,0,0,1,0,차대차 - 추돌,안전운전불이행,건조,맑음,교차로 - 교차로부근,승용,남,41세,상해없음,승용,남,48세,경상
2019122100100114,2019년 12월 21일 04시,토요일,인천광역시 서구 가좌동,중상사고,0,1,0,0,차량단독 - 공작물충돌,안전운전불이행,건조,맑음,단일로 - 기타,승용,남,25세,상해없음,,,,
2019122100100139,2019년 12월 21일 06시,토요일,인천광역시 서구 왕길동,경상사고,0,0,2,0,차대차 - 정면충돌,신호위반,건조,맑음,교차로 - 교차로안,승용,여,40세,경상,승용,남,34세,경상
2019122100100140,2019년 12월 21일 06시,토요일,인천광역시 계양구 작전동,중상사고,0,1,0,0,차대사람 - 횡단중,보행자보호의무위반,젖음/습기,흐림,교차로 - 교차로횡단보도내,승용,남,65세,상해없음,보행자,남,24세,중상
2019122100100185,2019년 12월 21일 09시,토요일,인천광역시 남동구 만수동,경상사고,0,0,1,0,차대차 - 측면충돌,안전운전불이행,건조,맑음,교차로 - 교차로부근,화물,여,54세,상해없음,승용,여,63세,경상
2019122100100271,2019년 12월 21일 12시,토요일,인천광역시 중구 신흥동1가,경상사고,0,0,1,0,차대사람 - 횡단중,안전운전불이행,건조,맑음,교차로 - 교차로횡단보도내,기타불명,기타불명,미분류,기타불명,보행자,여,72세,경상
2019122100100272,2019년 12월 21일 12시,토요일,인천광역시 남동구 구월동,경상사고,0,0,2,0,차대차 - 측면충돌,안전운전불이행,건조,맑음,단일로 - 기타,이륜,남,41세,상해없음,승용,여,65세,경상
2019122100100308,2019년 12월 21일 13시,토요일,인천광역시 연수구 송도동,경상사고,0,0,1,0,차대차 - 측면충돌,안전운전불이행,젖음/습기,흐림,단일로 - 기타,승용,남,50세,상해없음,화물,남,58세,경상
2019122100100367,2019년 12월 21일 15시,토요일,인천광역시 계양구 효성동,경상사고,0,0,1,0,차대사람 - 기타,안전운전불이행,젖음/습기,눈,교차로 - 교차로부근,승용,여,25세,상해없음,보행자,여,56세,경상
2019122100100368,2019년 12월 21일 15시,토요일,인천광역시 계양구 작전동,경상사고,0,0,2,0,차대차 - 측면충돌,안전운전불이행,젖음/습기,비,교차로 - 교차로안,승용,남,71세,상해없음,승용,남,26세,경상
2019122100100395,2019년 12월 21일 16시,토요일,인천광역시 남동구 서창동,경상사고,0,0,1,0,차대사람 - 보도통행중,안전운전불이행,건조,맑음,교차로 - 교차로부근,기타불명,기타불명,미분류,기타불명,보행자,여,55세,경상
2019122100100427,2019년 12월 21일 17시,토요일,인천광역시 미추홀구 주안동,경상사고,0,0,1,0,차대차 - 측면충돌,안전운전불이행,젖음/습기,비,교차로 - 교차로안,승용,남,40세,상해없음,승용,남,60세,경상
2019122100100478,2019년 12월 21일 18시,토요일,인천광역시 계양구 다남동,중상사고,0,1,1,0,차량단독 - 공작물충돌,안전운전불이행,서리/결빙,흐림,단일로 - 교량,승합,남,47세,상해없음,,,,
2019122100100479,2019년 12월 21일 18시,토요일,인천광역시 부평구 일신동,중상사고,0,1,0,0,차대사람 - 횡단중,보행자보호의무위반,서리/결빙,맑음,단일로 - 기타,승용,여,67세,상해없음,보행자,남,11세,중상
2019122100100526,2019년 12월 21일 19시,토요일,인천광역시 미추홀구 도화동,중상사고,0,1,3,0,차대차 - 정면충돌,안전운전불이행,젖음/습기,맑음,교차로 - 교차로안,승용,남,34세,경상,승용,여,48세,경상
2019122100100561,2019년 12월 21일 20시,토요일,인천광역시 서구 당하동,중상사고,0,1,0,0,차대사람 - 횡단중,보행자보호의무위반,서리/결빙,맑음,교차로 - 교차로부근,승용,남,51세,상해없음,보행자,여,47세,중상
2019122100100562,2019년 12월 21일 20시,토요일,인천광역시 연수구 송도동,경상사고,0,0,1,0,차대사람 - 차도통행중,교차로운행방법위반,젖음/습기,비,교차로 - 교차로부근,승용,남,59세,상해없음,보행자,남,52세,경상
2019122100100563,2019년 12월 21일 20시,토요일,인천광역시 남동구 남촌동,중상사고,0,1,0,0,차대사람 - 횡단중,안전운전불이행,젖음/습기,흐림,교차로 - 교차로횡단보도내,승용,여,58세,상해없음,보행자,남,61세,중상
2019122100100564,2019년 12월 21일 20시,토요일,인천광역시 남동구 만수동,사망사고,1,1,2,1,차대차 - 정면충돌,중앙선침범,서리/결빙,맑음,단일로 - 고가도로위,승합,남,57세,사망,승용,남,27세,중상
2019122100100638,2019년 12월 21일 23시,토요일,인천광역시 부평구 산곡동,중상사고,0,1,1,0,차대차 - 정면충돌,안전운전불이행,서리/결빙,맑음,주차장 - 주차장,화물,남,70세,상해없음,승용,남,57세,중상
2019122100100639,2019년 12월 21일 23시,토요일,인천광역시 서구 석남동,경상사고,0,0,1,0,차대차 - 후진중충돌,안전운전불이행,건조,맑음,교차로 - 교차로부근,승용,남,49세,상해없음,승용,남,35세,경상
2019122100100640,2019년 12월 21일 23시,토요일,인천광역시 서구 석남동,경상사고,0,0,1,0,차대사람 - 기타,안전운전불이행,건조,맑음,기타 - 기타,승용,여,42세,상해없음,보행자,남,48세,경상
2019122200100050,2019년 12월 22일 00시,일요일,인천광역시 중구 운서동,경상사고,0,0,1,0,차대차 - 측면충돌,안전운전불이행,건조,맑음,기타 - 기타,승용,남,44세,기타불명,승용,남,60세,경상
2019122200100051,2019년 12월 22일 00시,일요일,인천광역시 계양구 갈현동,경상사고,0,0,1,0,차대사람 - 보도통행중,안전운전불이행,건조,맑음,단일로 - 기타,승용,남,28세,상해없음,보행자,남,32세,경상
2019122200100052,2019년 12월 22일 00시,일요일,인천광역시 계양구 작전동,경상사고,0,0,1,0,차대차 - 측면충돌,신호위반,젖음/습기,흐림,교차로 - 교차로안,승용,남,24세,상해없음,승용,여,58세,경상
2019122200100071,2019년 12월 22일 01시,일요일,인천광역시 계양구 효성동,경상사고,0,0,2,0,차대차 - 후진중충돌,안전운전불이행,젖음/습기,흐림,교차로 - 교차로부근,화물,남,36세,상해없음,승용,남,57세,경상
2019122200100083,2019년 12월 22일 02시,일요일,인천광역시 서구 연희동,중상사고,0,2,0,0,차대차 - 측면충돌,안전운전불이행,건조,맑음,교차로 - 교차로안,승용,남,29세,중상,승용,남,54세,중상
2019122200100103,2019년 12월 22일 04시,일요일,인천광역시 남동구 구월동,중상사고,0,1,2,0,차대차 - 측면충돌,안전운전불이행,건조,흐림,단일로 - 기타,승용,남,29세,상해없음,승용,여,33세,경상
2019122200100113,2019년 12월 22일 05시,일요일,인천광역시 중구 율목동,중상사고,0,1,0,0,차대차 - 추돌,안전운전불이행,건조,맑음,교차로 - 교차로부근,승용,남,57세,상해없음,승용,남,52세,중상
2019122200100114,2019년 12월 22일 05시,일요일,인천광역시 남동구 논현동,경상사고,0,0,1,0,차대차 - 측면충돌,안전운전불이행,건조,맑음,교차로 - 교차로부근,승용,남,41세,상해없음,이륜,남,16세,경상
2019122200100146,2019년 12월 22일 08시,일요일,인천광역시 미추홀구 도화동,경상사고,0,0,1,0,차대차 - 추돌,안전운전불이행,건조,맑음,단일로 - 기타,승용,남,34세,상해없음,승용,남,61세,경상
2019122200100147,2019년 12월 22일 08시,일요일,인천광역시 미추홀구 학익동,경상사고,0,0,1,0,차대사람 - 기타,기타,건조,맑음,단일로 - 기타,승용,남,67세,상해없음,보행자,남,83세,경상
2019122200100148,2019년 12월 22일 08시,일요일,인천광역시 서구 오류동,경상사고,0,0,1,0,차대차 - 측면충돌,안전운전불이행,서리/결빙,흐림,교차로 - 교차로안,건설기계,남,40세,상해없음,건설기계,남,45세,경상
2019122200100166,2019년 12월 22일 09시,일요일,인천광역시 중구 운서동,중상사고,0,1,0,0,차량단독 - 공작물충돌,안전운전불이행,건조,맑음,단일로 - 기타,승용,남,39세,중상,,,,
2019122200100198,2019년 12월 22일 11시,일요일,인천광역시 중구 북성동1가,경상사고,0,0,1,0,차대차 - 정면충돌,교차로운행방법위반,건조,맑음,교차로 - 교차로안,승용,남,23세,상해없음,승용,남,60세,경상
2019122200100199,2019년 12월 22일 11시,일요일,인천광역시 미추홀구 숭의동,중상사고,0,1,0,0,차대차 - 측면충돌,안전운전불이행,건조,맑음,단일로 - 기타,승용,남,57세,상해없음,이륜,남,38세,중상
2019122200100200,2019년 12월 22일 11시,일요일,인천광역시 부평구 부평동,경상사고,0,0,2,0,차대차 - 측면충돌,안전거리미확보,건조,맑음,단일로 - 기타,승용,남,29세,상해없음,승용,남,43세,경상
2019122200100281,2019년 12월 22일 14시,일요일,인천광역시 미추홀구 학익동,중상사고,0,1,0,0,차대차 - 기타,중앙선침범,건조,맑음,단일로 - 기타,승용,남,79세,상해없음,이륜,남,44세,중상
2019122200100282,2019년 12월 22일 14시,일요일,인천광역시 서구 원창동,경상사고,0,0,1,0,차대차 - 후진중충돌,안전운전불이행,건조,맑음,단일로 - 기타,화물,남,61세,상해없음,특수,남,51세,경상
2019122200100283,2019년 12월 22일 14시,일요일,인천광역시 강화군 양도면,중상사고,0,2,0,0,차대차 - 정면충돌,중앙선침범,건조,맑음,단일로 - 기타,승용,남,64세,중상,승용,여,52세,중상
2019122200100305,2019년 12월 22일 15시,일요일,인천광역시 부평구 부평동,경상사고,0,0,1,0,차대사람 - 기타,안전운전불이행,건조,맑음,교차로 - 교차로안,승용,여,38세,상해없음,보행자,여,미분류,경상
2019122200100334,2019년 12월 22일 16시,일요일,인천광역시 남동구 간석동,경상사고,0,0,1,0,차대차 - 정면충돌,안전운전불이행,건조,맑음,교차로 - 교차로안,승용,여,62세,상해없음,승용,남,36세,경상
2019122200100368,2019년 12월 22일 17시,일요일,인천광역시 미추홀구 주안동,부상신고사고,0,0,0,3,차대차 - 기타,안전운전불이행,건조,맑음,교차로 - 교차로안,이륜,남,21세,기타불명,승용,남,54세,부상신고
2019122200100369,2019년 12월 22일 17시,일요일,인천광역시 남동구 간석동,경상사고,0,0,1,0,차대차 - 측면충돌,안전거리미확보,건조,맑음,단일로 - 기타,승용,남,59세,상해없음,이륜,남,47세,경상
2019122200100406,2019년 12월 22일 18시,일요일,인천광역시 미추홀구 주안동,중상사고,0,1,0,0,차대사람 - 기타,안전운전불이행,건조,맑음,단일로 - 기타,이륜,남,51세,상해없음,보행자,남,65세,중상
2019122200100447,2019년 12월 22일 19시,일요일,인천광역시 남동구 구월동,경상사고,0,0,2,0,차대차 - 측면충돌,신호위반,건조,맑음,교차로 - 교차로안,승용,남,30세,상해없음,승용,남,42세,경상
2019122200100448,2019년 12월 22일 19시,일요일,인천광역시 계양구 용종동,경상사고,0,0,1,0,차대차 - 측면충돌,신호위반,건조,맑음,교차로 - 교차로안,승용,남,51세,상해없음,승용,남,24세,경상
2019122200100449,2019년 12월 22일 19시,일요일,인천광역시 연수구 송도동,경상사고,0,0,1,0,차대사람 - 횡단중,보행자보호의무위반,건조,맑음,교차로 - 교차로횡단보도내,승용,남,65세,상해없음,보행자,여,27세,경상
2019122200100473,2019년 12월 22일 20시,일요일,인천광역시 계양구 효성동,중상사고,0,1,0,0,차대차 - 측면충돌,신호위반,건조,맑음,교차로 - 교차로안,승용,남,54세,상해없음,이륜,남,29세,중상
2019122200100489,2019년 12월 22일 21시,일요일,인천광역시 연수구 송도동,중상사고,0,1,0,0,차대사람 - 횡단중,보행자보호의무위반,건조,맑음,교차로 - 교차로횡단보도내,승용,남,32세,상해없음,보행자,여,30세,중상
2019122200100507,2019년 12월 22일 22시,일요일,인천광역시 미추홀구 주안동,경상사고,0,0,1,0,차대사람 - 길가장자리구역통행중,안전운전불이행,기타,기타,단일로 - 기타,기타불명,기타불명,미분류,기타불명,보행자,여,51세,경상
2019122200100521,2019년 12월 22일 23시,일요일,인천광역시 연수구 선학동,경상사고,0,0,1,0,차대사람 - 횡단중,안전운전불이행,젖음/습기,흐림,단일로 - 기타,승용,남,47세,상해없음,보행자,남,31세,경상
2019122300100046,2019년 12월 23일 01시,월요일,인천광역시 미추홀구 도화동,경상사고,0,0,1,0,차대차 - 측면충돌,신호위반,젖음/습기,비,교차로 - 교차로안,승용,남,18세,기타불명,승용,남,37세,경상
2019122300100047,2019년 12월 23일 01시,월요일,인천광역시 부평구 청천동,경상사고,0,0,2,0,차대차 - 측면충돌,안전운전불이행,젖음/습기,비,단일로 - 기타,승용,남,30세,상해없음,승용,남,58세,경상
2019122300100048,2019년 12월 23일 01시,월요일,인천광역시 부평구 부평동,중상사고,0,1,0,0,차대사람 - 기타,안전운전불이행,건조,맑음,교차로 - 교차로부근,승용,남,63세,상해없음,보행자,남,18세,중상
2019122300100060,2019년 12월 23일 02시,월요일,인천광역시 부평구 부평동,경상사고,0,0,1,0,차대차 - 기타,차로위반,젖음/습기,흐림,교차로 - 교차로부근,승용,남,56세,상해없음,원동기,남,20세,경상
2019122300100065,2019년 12월 23일 03시,월요일,인천광역시 미추홀구 주안동,경상사고,0,0,1,0,차대차 - 기타,안전운전불이행,젖음/습기,흐림,단일로 - 기타,승용,여,37세,상해없음,승용,남,59세,경상
2019122300100158,2019년 12월 23일 08시,월요일,인천광역시 미추홀구 주안동,경상사고,0,0,2,0,차대차 - 측면충돌,안전거리미확보,건조,맑음,교차로 - 교차로부근,승용,여,60세,경상,승용,남,29세,경상
2019122300100250,2019년 12월 23일 11시,월요일,인천광역시 부평구 산곡동,경상사고,0,0,2,0,차대차 - 측면충돌,안전운전불이행,건조,맑음,단일로 - 기타,승합,남,59세,상해없음,승용,남,78세,경상
2019122300100251,2019년 12월 23일 11시,월요일,인천광역시 남동구 만수동,경상사고,0,0,1,0,차대차 - 측면충돌,교차로운행방법위반,건조,맑음,교차로 - 교차로안,승합,남,67세,상해없음,승용,여,39세,경상
2019122300100314,2019년 12월 23일 13시,월요일,인천광역시 부평구 십정동,중상사고,0,1,0,0,차대사람 - 횡단중,안전운전불이행,건조,맑음,교차로 - 교차로부근,화물,남,54세,상해없음,보행자,남,59세,중상
2019122300100347,2019년 12월 23일 14시,월요일,인천광역시 미추홀구 주안동,경상사고,0,0,1,0,차대사람 - 횡단중,신호위반,건조,맑음,교차로 - 교차로안,승용,여,50세,상해없음,보행자,남,34세,경상
2019122300100348,2019년 12월 23일 14시,월요일,인천광역시 남동구 간석동,경상사고,0,0,2,0,차대차 - 후진중충돌,안전운전불이행,건조,맑음,기타 - 기타,승합,남,60세,상해없음,승용,여,53세,경상
2019122300100382,2019년 12월 23일 15시,월요일,인천광역시 서구 마전동,경상사고,0,0,1,0,차대사람 - 기타,안전운전불이행,건조,맑음,교차로 - 교차로안,승합,남,51세,상해없음,보행자,남,63세,경상
2019122300100421,2019년 12월 23일 16시,월요일,인천광역시 중구 항동7가,경상사고,0,0,1,0,차대사람 - 횡단중,보행자보호의무위반,건조,맑음,교차로 - 교차로안,승합,남,60세,상해없음,보행자,남,53세,경상
2019122300100422,2019년 12월 23일 16시,월요일,인천광역시 서구 청라동,경상사고,0,0,1,0,차대차 - 측면충돌,신호위반,건조,맑음,교차로 - 교차로안,승합,남,58세,상해없음,승합,남,67세,상해없음
2019122300100423,2019년 12월 23일 16시,월요일,인천광역시 서구 경서동,경상사고,0,0,1,0,차대차 - 측면충돌,안전운전불이행,건조,맑음,교차로 - 교차로부근,승합,남,59세,상해없음,화물,남,63세,경상
2019122300100424,2019년 12월 23일 16시,월요일,인천광역시 계양구 용종동,중상사고,0,1,0,0,차대차 - 측면충돌,신호위반,건조,맑음,교차로 - 교차로부근,승용,남,61세,상해없음,이륜,남,27세,중상
2019122300100425,2019년 12월 23일 16시,월요일,인천광역시 남동구 남촌동,경상사고,0,0,1,0,차대차 - 측면충돌,신호위반,건조,맑음,교차로 - 교차로안,승용,남,61세,상해없음,이륜,남,27세,경상
2019122300100464,2019년 12월 23일 17시,월요일,인천광역시 남동구 구월동,경상사고,0,0,3,0,차대차 - 측면충돌,신호위반,건조,맑음,교차로 - 교차로안,승용,여,47세,상해없음,승용,남,68세,경상
2019122300100465,2019년 12월 23일 17시,월요일,인천광역시 서구 석남동,경상사고,0,0,2,0,차대차 - 측면충돌,안전운전불이행,건조,맑음,단일로 - 기타,승용,여,55세,경상,승용,남,37세,경상
2019122300100466,2019년 12월 23일 17시,월요일,인천광역시 부평구 부개동,경상사고,0,0,1,0,차대차 - 측면충돌,안전운전불이행,건조,맑음,교차로 - 교차로부근,승합,남,69세,상해없음,승용,여,36세,경상
2019122300100565,2019년 12월 23일 19시,월요일,인천광역시 남동구 구월동,경상사고,0,0,2,0,차대차 - 측면충돌,안전거리미확보,건조,맑음,단일로 - 기타,승용,남,55세,상해없음,승용,남,30세,경상
2019122300100624,2019년 12월 23일 21시,월요일,인천광역시 남동구 간석동,경상사고,0,0,1,0,차대차 - 추돌,안전운전불이행,건조,맑음,교차로 - 교차로부근,승용,남,23세,상해없음,승용,남,27세,경상
2019122400100061,2019년 12월 24일 01시,화요일,인천광역시 남동구 운연동,경상사고,0,0,2,0,차대차 - 추돌,안전운전불이행,건조,맑음,단일로 - 기타,화물,남,50세,상해없음,승용,남,44세,경상
2019122400100093,2019년 12월 24일 05시,화요일,인천광역시 강화군 강화읍,중상사고,0,1,0,0,차대차 - 측면충돌,안전운전불이행,젖음/습기,흐림,교차로 - 교차로부근,승용,남,65세,상해없음,원동기,남,44세,중상
2019122400100170,2019년 12월 24일 08시,화요일,인천광역시 서구 가좌동,경상사고,0,0,1,0,차대차 - 측면충돌,안전운전불이행,건조,맑음,교차로 - 교차로부근,승용,남,69세,상해없음,승용,여,39세,경상
2019122400100240,2019년 12월 24일 10시,화요일,인천광역시 연수구 연수동,경상사고,0,0,2,0,차대차 - 측면충돌,안전거리미확보,건조,맑음,단일로 - 기타,승용,남,49세,상해없음,승용,남,48세,경상
2019122400100273,2019년 12월 24일 11시,화요일,인천광역시 부평구 산곡동,중상사고,0,1,0,0,차대사람 - 횡단중,안전운전불이행,건조,맑음,단일로 - 기타,승용,여,38세,상해없음,보행자,여,84세,중상
2019122400100375,2019년 12월 24일 14시,화요일,인천광역시 중구 신흥동3가,중상사고,0,1,0,0,차대차 - 측면충돌,안전운전불이행,건조,맑음,단일로 - 기타,특수,남,27세,상해없음,승용,여,54세,중상
2019122400100376,2019년 12월 24일 14시,화요일,인천광역시 남동구 간석동,중상사고,0,1,0,0,차대사람 - 기타,안전운전불이행,건조,맑음,단일로 - 기타,승용,남,33세,상해없음,보행자,남,67세,중상
2019122400100411,2019년 12월 24일 15시,화요일,인천광역시 서구 심곡동,중상사고,0,1,0,0,차대사람 - 길가장자리구역통행중,안전운전불이행,건조,맑음,단일로 - 기타,기타불명,기타불명,미분류,기타불명,보행자,남,63세,중상
2019122400100412,2019년 12월 24일 15시,화요일,인천광역시 서구 신현동,경상사고,0,0,1,0,차대사람 - 길가장자리구역통행중,안전운전불이행,건조,맑음,단일로 - 기타,승합,여,49세,상해없음,보행자,여,14세,경상
2019122400100413,2019년 12월 24일 15시,화요일,인천광역시 서구 원창동,경상사고,0,0,3,0,차대차 - 기타,안전운전불이행,건조,맑음,단일로 - 기타,승용,여,49세,상해없음,승용,남,64세,경상
2019122400100414,2019년 12월 24일 15시,화요일,인천광역시 계양구 병방동,경상사고,0,0,2,0,차대차 - 측면충돌,안전거리미확보,건조,맑음,단일로 - 기타,화물,남,64세,상해없음,승용,남,35세,경상
2019122400100448,2019년 12월 24일 16시,화요일,인천광역시 중구 신흥동2가,경상사고,0,0,1,0,차대사람 - 기타,안전운전불이행,건조,맑음,교차로 - 교차로부근,승합,남,59세,상해없음,보행자,남,84세,경상
2019122400100449,2019년 12월 24일 16시,화요일,인천광역시 남동구 간석동,경상사고,0,0,1,0,차대차 - 추돌,안전운전불이행,건조,맑음,단일로 - 기타,승합,여,48세,상해없음,승용,남,38세,경상
2019122400100491,2019년 12월 24일 17시,화요일,인천광역시 중구 신포동,경상사고,0,0,4,0,차대차 - 추돌,안전운전불이행,건조,맑음,단일로 - 기타,승용,기타불명,미분류,기타불명,승용,남,44세,경상
2019122400100492,2019년 12월 24일 17시,화요일,인천광역시 부평구 산곡동,경상사고,0,0,3,0,차대차 - 기타,안전운전불이행,건조,맑음,기타 - 기타,승용,남,79세,상해없음,승용,남,30세,경상
2019122400100493,2019년 12월 24일 17시,화요일,인천광역시 연수구 동춘동,경상사고,0,0,1,0,차대차 - 기타,안전운전불이행,건조,맑음,단일로 - 기타,화물,남,67세,상해없음,승용,여,51세,경상
2019122400100580,2019년 12월 24일 18시,화요일,인천광역시 부평구 십정동,중상사고,0,1,0,0,차대사람 - 기타,안전운전불이행,건조,맑음,교차로 - 교차로안,승합,남,64세,상해없음,보행자,여,64세,중상
2019122400100581,2019년 12월 24일 18시,화요일,인천광역시 계양구 병방동,중상사고,0,1,0,0,차대차 - 측면충돌,차로위반,건조,맑음,교차로 - 교차로부근,화물,남,56세,상해없음,이륜,남,47세,중상
2019122400100631,2019년 12월 24일 19시,화요일,인천광역시 계양구 용종동,중상사고,0,1,0,0,차대차 - 정면충돌,안전운전불이행,건조,맑음,교차로 - 교차로안,승합,남,56세,상해없음,이륜,남,39세,중상
2019122400100667,2019년 12월 24일 20시,화요일,인천광역시 부평구 부평동,경상사고,0,0,2,0,차대차 - 측면충돌,안전운전불이행,건조,맑음,교차로 - 교차로안,승용,남,62세,상해없음,승용,남,23세,경상
2019122400100718,2019년 12월 24일 22시,화요일,인천광역시 서구 가정동,경상사고,0,0,3,0,차대차 - 측면충돌,안전운전불이행,건조,맑음,교차로 - 교차로부근,승용,남,31세,경상,승용,여,45세,경상
2019122500100040,2019년 12월 25일 01시,수요일,인천광역시 부평구 십정동,경상사고,0,0,2,0,차대차 - 측면충돌,안전운전불이행,건조,맑음,교차로 - 교차로안,승용,남,55세,상해없음,승용,남,22세,경상
2019122500100067,2019년 12월 25일 04시,수요일,인천광역시 부평구 부평동,경상사고,0,0,1,0,차대사람 - 기타,안전운전불이행,건조,맑음,단일로 - 기타,승용,남,21세,상해없음,보행자,여,27세,경상
2019122500100088,2019년 12월 25일 06시,수요일,인천광역시 계양구 작전동,경상사고,0,0,1,0,차대차 - 측면충돌,신호위반,건조,맑음,교차로 - 교차로안,승용,남,62세,상해없음,승용,남,39세,경상
2019122500100089,2019년 12월 25일 06시,수요일,인천광역시 강화군 길상면,경상사고,0,0,1,0,차대차 - 측면충돌,차로위반,젖음/습기,맑음,단일로 - 교량,승용,남,22세,상해없음,승용,남,71세,경상
2019122500100109,2019년 12월 25일 08시,수요일,인천광역시 강화군 삼산면,사망사고,1,0,0,0,차량단독 - 전도전복 - 전복,안전운전불이행,기타,맑음,단일로 - 기타,화물,남,60세,사망,,,,
2019122500100151,2019년 12월 25일 11시,수요일,인천광역시 남동구 간석동,경상사고,0,0,2,0,차량단독 - 공작물충돌,안전운전불이행,건조,맑음,단일로 - 기타,화물,남,62세,상해없음,,,,
2019122500100173,2019년 12월 25일 12시,수요일,인천광역시 계양구 계산동,경상사고,0,0,5,0,차대차 - 측면충돌,기타,건조,맑음,교차로 - 교차로부근,승용,남,28세,상해없음,승용,남,41세,경상
2019122500100174,2019년 12월 25일 12시,수요일,인천광역시 남동구 고잔동,경상사고,0,0,1,0,차대차 - 측면충돌,안전운전불이행,건조,맑음,단일로 - 기타,승용,남,39세,상해없음,화물,남,58세,상해없음
2019122500100202,2019년 12월 25일 13시,수요일,인천광역시 부평구 산곡동,경상사고,0,0,1,0,차대사람 - 기타,안전운전불이행,건조,맑음,단일로 - 기타,승용,남,50세,기타불명,보행자,여,24세,경상
2019122500100262,2019년 12월 25일 15시,수요일,인천광역시 남동구 간석동,경상사고,0,0,2,0,차대차 - 추돌,안전운전불이행,건조,맑음,단일로 - 기타,승용,남,57세,상해없음,승용,남,47세,경상
2019122500100263,2019년 12월 25일 15시,수요일,인천광역시 서구 경서동,경상사고,0,0,2,0,차대차 - 측면충돌,안전운전불이행,건조,맑음,단일로 - 기타,승용,남,43세,경상,건설기계,남,57세,경상
2019122500100264,2019년 12월 25일 15시,수요일,인천광역시 연수구 송도동,중상사고,0,1,0,0,차대차 - 기타,신호위반,건조,맑음,단일로 - 기타,승용,여,33세,상해없음,승용,여,60세,중상
2019122500100311,2019년 12월 25일 17시,수요일,인천광역시 남동구 서창동,경상사고,0,0,1,0,차대차 - 측면충돌,신호위반,건조,맑음,교차로 - 교차로안,이륜,남,51세,상해없음,특수,남,38세,경상
2019122500100349,2019년 12월 25일 18시,수요일,인천광역시 서구 가좌동,경상사고,0,0,7,0,차대차 - 추돌,신호위반,건조,맑음,단일로 - 기타,승용,여,48세,상해없음,승용,남,35세,경상
2019122500100350,2019년 12월 25일 18시,수요일,인천광역시 연수구 옥련동,경상사고,0,0,1,0,차대차 - 기타,안전운전불이행,건조,맑음,교차로 - 교차로부근,승용,남,47세,상해없음,승용,남,27세,경상
2019122500100351,2019년 12월 25일 18시,수요일,인천광역시 연수구 옥련동,경상사고,0,0,1,0,차대차 - 측면충돌,안전운전불이행,건조,맑음,교차로 - 교차로안,승용,남,51세,상해없음,승용,여,29세,경상
2019122500100411,2019년 12월 25일 20시,수요일,인천광역시 중구 중산동,중상사고,0,2,0,0,차대차 - 측면충돌,안전운전불이행,건조,맑음,단일로 - 기타,승용,남,15세,상해없음,승용,남,38세,중상
2019122500100430,2019년 12월 25일 21시,수요일,인천광역시 계양구 계산동,경상사고,0,0,1,0,차대차 - 추돌,안전운전불이행,건조,맑음,기타 - 기타,승용,여,29세,상해없음,승용,남,26세,경상
2019122600100037,2019년 12월 26일 02시,목요일,인천광역시 남동구 구월동,경상사고,0,0,2,0,차대차 - 측면충돌,안전운전불이행,건조,맑음,단일로 - 기타,승합,남,71세,기타불명,승용,남,52세,경상
2019122600100038,2019년 12월 26일 02시,목요일,인천광역시 남동구 구월동,경상사고,0,0,2,0,차대차 - 기타,안전거리미확보,건조,맑음,교차로 - 교차로부근,승합,남,71세,상해없음,승용,남,52세,경상
2019122600100041,2019년 12월 26일 03시,목요일,인천광역시 남동구 간석동,경상사고,0,0,3,0,차대차 - 측면충돌,안전운전불이행,건조,맑음,교차로 - 교차로부근,승용,남,40세,상해없음,승용,남,28세,경상
2019122600100048,2019년 12월 26일 04시,목요일,인천광역시 미추홀구 주안동,경상사고,0,0,1,0,차대차 - 기타,신호위반,건조,맑음,교차로 - 교차로횡단보도내,승용,남,62세,상해없음,승용,남,26세,경상
2019122600100130,2019년 12월 26일 08시,목요일,인천광역시 서구 마전동,중상사고,0,1,0,0,차대사람 - 횡단중,보행자보호의무위반,건조,맑음,교차로 - 교차로안,승합,남,62세,상해없음,보행자,여,28세,중상
2019122600100131,2019년 12월 26일 08시,목요일,인천광역시 서구 원창동,경상사고,0,0,1,0,차대차 - 측면충돌,안전운전불이행,건조,맑음,단일로 - 기타,건설기계,남,67세,상해없음,승용,남,51세,경상
2019122600100160,2019년 12월 26일 09시,목요일,인천광역시 미추홀구 주안동,경상사고,0,0,2,0,차대차 - 기타,안전운전불이행,젖음/습기,비,교차로 - 교차로부근,승용,남,24세,상해없음,승용,남,66세,경상
2019122600100161,2019년 12월 26일 09시,목요일,인천광역시 계양구 작전동,중상사고,0,2,0,0,차대차 - 기타,안전운전불이행,젖음/습기,흐림,교차로 - 교차로안,승용,여,45세,중상,화물,남,58세,중상